id,vendor_id,pickup_datetime,dropoff_datetime,passenger_count,pickup_longitude,pickup_latitude,dropoff_longitude,dropoff_latitude,store_and_fwd_flag,trip_duration
demo_000000,1,2016-01-17 01:33:00,2016-01-17 01:45:45.141958459,6,-73.97550001653705,40.74483635333042,-73.95416098753961,40.72454246816097,N,765
demo_000001,1,2016-05-19 07:29:00,2016-05-19 07:47:25.871548824,6,-73.92886581484294,40.74196713694162,-73.89292127511317,40.746230650552654,N,1105
demo_000002,1,2016-04-27 19:44:00,2016-04-27 19:49:47.424708418,2,-73.93398789388974,40.784913805505084,-73.93314787243594,40.79101425824549,N,347
demo_000003,1,2016-03-19 23:57:00,2016-03-20 00:12:42.686114795,6,-73.98465177495103,40.78666864591193,-73.98258695727817,40.75233283894584,N,942
demo_000004,1,2016-03-18 22:37:00,2016-03-18 22:49:21.628244709,3,-74.09015336193607,40.73927194963182,-74.10278818944786,40.71570749825375,N,741
demo_000005,2,2016-06-03 13:08:00,2016-06-03 13:20:19.933253675,6,-74.03475975328469,40.74388930630745,-74.05234521285321,40.721979279158994,N,739
demo_000006,1,2016-01-16 11:17:00,2016-01-16 11:31:16.558208100,1,-73.9506499649427,40.776939579337636,-73.98283502098857,40.772059415518534,N,856
demo_000007,2,2016-05-05 12:37:00,2016-05-05 13:07:26.083972353,6,-74.05476131391283,40.72903455157429,-74.10924404481119,40.782621328921145,N,1826
demo_000008,1,2016-02-06 06:20:00,2016-02-06 06:35:15.136327158,2,-73.99970116648642,40.743631310419474,-74.02428680008015,40.71843525964764,N,915
demo_000009,1,2016-01-17 22:50:00,2016-01-17 23:04:37.409045214,2,-73.969768372384,40.761135746857896,-73.93812652202708,40.73475788536323,N,877
demo_000010,1,2016-04-04 18:23:00,2016-04-04 18:42:09.932691588,4,-73.91886931869072,40.79285785396878,-73.93372391168512,40.762263065999896,N,1149
demo_000011,1,2016-06-24 14:41:00,2016-06-24 14:50:23.006904422,4,-74.01087588634044,40.736839048433716,-74.02298654026974,40.75399875185725,N,563
demo_000012,2,2016-05-12 10:27:00,2016-05-12 10:34:28.573463821,1,-74.01395694690873,40.69351654382893,-74.02674892889874,40.69240032072734,N,448
demo_000013,1,2016-05-17 00:07:00,2016-05-17 00:25:13.922232844,4,-73.9873600594923,40.69091908863687,-73.94379529118815,40.66672097183628,N,1093
demo_000014,1,2016-05-09 03:30:00,2016-05-09 03:41:37.426076390,5,-73.96920891635854,40.713920542665285,-74.00170230632713,40.70412506190327,N,697
demo_000015,2,2016-05-21 11:47:00,2016-05-21 12:00:57.182457954,3,-73.99194110723282,40.71203912986301,-73.98224424038916,40.69066835173715,N,837
demo_000016,2,2016-04-02 09:08:00,2016-04-02 09:14:58.473787562,4,-73.93778292430014,40.752588623448304,-73.94017923897509,40.760577688040414,N,418
demo_000017,2,2016-01-24 01:27:00,2016-01-24 01:55:41.150305271,6,-74.02096147248628,40.716389194624085,-74.01858403360797,40.78886736300758,N,1721
demo_000018,1,2016-05-31 03:42:00,2016-05-31 03:53:46.368831357,2,-73.97959275799795,40.73340357640626,-73.97104049374887,40.74827691535995,N,706
demo_000019,1,2016-03-22 01:40:00,2016-03-22 01:45:13.967825632,2,-73.96496542803888,40.73090699402563,-73.9629646551295,40.72839630411773,N,313
demo_000020,1,2016-03-31 01:31:00,2016-03-31 01:43:32.867561034,6,-74.00301047644577,40.742582224870326,-73.97525471041298,40.72462788670815,N,752
demo_000021,1,2016-03-07 17:50:00,2016-03-07 18:10:45.259461265,1,-73.9472130528548,40.80428765160331,-73.94823705933351,40.76801584939242,N,1245
demo_000022,2,2016-02-02 20:36:00,2016-02-02 20:57:01.911228715,2,-73.9782968656441,40.78116816563007,-73.91724369187419,40.80097778837795,N,1261
demo_000023,1,2016-06-15 19:37:00,2016-06-15 19:51:01.944530047,2,-73.94950194290814,40.75856452953466,-73.9479451450443,40.77690709235055,N,841
demo_000024,1,2016-05-20 16:22:00,2016-05-20 16:49:01.311428910,5,-73.97626531513781,40.741864080179674,-74.03588665602882,40.72927935326902,N,1621
demo_000025,2,2016-04-25 21:29:00,2016-04-25 21:44:33.849874824,1,-73.96806179428307,40.7428368570182,-73.94572093174804,40.77559687455765,N,933
demo_000026,2,2016-03-13 10:25:00,2016-03-13 10:32:19.772564607,3,-74.01345762905822,40.76947112644832,-73.99973424087413,40.77004101379822,N,439
demo_000027,1,2016-05-28 02:19:00,2016-05-28 02:29:10.023676243,3,-74.0133847267336,40.77844591756733,-74.01224565062194,40.799364457423,N,610
demo_000028,2,2016-04-08 04:15:00,2016-04-08 04:21:42.010879830,1,-73.92990215840321,40.726233387286484,-73.93898715444995,40.73423070634138,N,402
demo_000029,1,2016-03-20 19:32:00,2016-03-20 20:02:11.628386693,1,-73.95640202999658,40.7592768264465,-74.03041369732267,40.754494157689805,N,1811
demo_000030,1,2016-03-22 01:59:00,2016-03-22 02:21:50.138566006,3,-74.03103343248,40.686893315096796,-74.0991729746593,40.6611114305915,N,1370
demo_000031,2,2016-02-10 21:40:00,2016-02-10 21:58:34.214178717,1,-73.97686114589054,40.76540998244597,-73.91919797317313,40.76148049445218,N,1114
demo_000032,1,2016-01-17 14:01:00,2016-01-17 14:14:16.814856613,6,-74.09181992240909,40.784675223468554,-74.11231251351757,40.807410591528715,N,796
demo_000033,1,2016-04-09 19:48:00,2016-04-09 20:06:22.489806645,3,-74.01082730736647,40.74819759805917,-73.97703059240214,40.734477950037885,N,1102
demo_000034,1,2016-06-08 19:41:00,2016-06-08 20:05:32.056666487,1,-73.94175375455211,40.821578444864905,-73.99785991911553,40.83345146254619,N,1472
demo_000035,2,2016-01-12 11:41:00,2016-01-12 11:58:25.297560691,4,-73.990631551492,40.727156654339744,-74.02727159182989,40.697922785525094,N,1045
demo_000036,2,2016-06-03 11:49:00,2016-06-03 12:02:22.176431896,5,-73.97969392986502,40.765610414535615,-73.95594149672417,40.786671989611136,N,802
demo_000037,2,2016-05-28 23:21:00,2016-05-28 23:29:45.052863835,4,-74.1,40.75674613386669,-74.10358753624945,40.76519554995192,N,525
demo_000038,1,2016-02-19 19:36:00,2016-02-19 19:55:52.166559071,4,-74.00265141281612,40.75448958163948,-73.98383306179649,40.7220325911509,N,1192
demo_000039,1,2016-04-23 16:47:00,2016-04-23 16:52:50.304886310,1,-73.96977774992777,40.75399872411984,-73.97025488973532,40.747950331984754,N,350
demo_000040,1,2016-01-30 17:47:00,2016-01-30 18:04:07.316026384,5,-73.96406195560708,40.76174867605033,-73.97133047434731,40.786897580601924,N,1027
demo_000041,1,2016-05-16 10:56:00,2016-05-16 11:13:43.145614906,6,-73.94169399298995,40.787678556021234,-73.96549552697607,40.7536846774236,N,1063
demo_000042,2,2016-05-06 02:15:00,2016-05-06 02:34:00.935825800,3,-73.9944615988298,40.80622076826962,-74.03625169178736,40.77730511182674,N,1140
demo_000043,2,2016-03-04 19:33:00,2016-03-04 19:55:37.349181399,1,-73.99245451156808,40.757921241442354,-73.94335996642745,40.75604482366312,N,1357
demo_000044,1,2016-01-13 05:24:00,2016-01-13 05:50:29.940889181,2,-74.04494528432345,40.78653606252601,-73.9900894656089,40.84413599224768,N,1589
demo_000045,2,2016-06-23 17:24:00,2016-06-23 17:47:14.336134061,4,-73.9942034692628,40.733438156880666,-74.03055807267884,40.7152785486116,N,1394
demo_000046,1,2016-03-21 05:22:00,2016-03-21 05:38:15.175698983,4,-74.0417708778079,40.784808440845424,-74.08041364637815,40.798180838834234,N,975
demo_000047,1,2016-06-09 18:16:00,2016-06-09 18:24:26.009927281,6,-74.06815415539124,40.73133029666606,-74.08032621537602,40.7383539526713,N,506
demo_000048,1,2016-05-02 00:36:00,2016-05-02 00:45:49.226823121,3,-74.03383307165498,40.79617309776309,-74.02191784613477,40.78025606045592,N,589
demo_000049,2,2016-05-20 02:37:00,2016-05-20 02:42:50.143540946,6,-73.91710917914882,40.835372430708766,-73.9234728164273,40.83972303120696,N,350
demo_000050,2,2016-05-16 18:45:00,2016-05-16 18:57:31.206286426,2,-73.9971752540681,40.753727063921005,-73.97969205178443,40.74163552804444,N,751
demo_000051,2,2016-02-05 00:50:00,2016-02-05 00:56:48.257469053,4,-73.97510551866395,40.68126097782174,-73.97682923183035,40.671600248488595,N,408
demo_000052,1,2016-03-06 12:04:00,2016-03-06 12:22:02.635590762,4,-74.00810733130392,40.73881744733644,-74.01211942125464,40.693963105961565,N,1082
demo_000053,2,2016-03-25 00:14:00,2016-03-25 00:39:27.347485062,2,-74.06557479587534,40.80111562970013,-73.98111704008839,40.800455851358734,N,1527
demo_000054,2,2016-03-30 14:27:00,2016-03-30 14:42:15.506987384,3,-73.94287490937816,40.77735768754589,-73.961257023184,40.801633212224694,N,915
demo_000055,1,2016-01-08 21:13:00,2016-01-08 21:31:00.348404784,5,-74.0827489162935,40.766711975953626,-74.02535077504464,40.768262471872674,N,1080
demo_000056,2,2016-04-08 09:10:00,2016-04-08 09:37:38.933973649,4,-74.00996567045563,40.79330339245842,-73.9593254630868,40.822747102000626,N,1658
demo_000057,1,2016-01-28 18:31:00,2016-01-28 18:44:49.918411075,4,-73.98745766963825,40.774955870373695,-73.96981439690778,40.79062471141421,N,829
demo_000058,2,2016-05-13 19:23:00,2016-05-13 19:52:16.778502776,4,-73.97462796604566,40.80062038156079,-74.0420425803214,40.79901276628988,N,1756
demo_000059,1,2016-05-02 22:46:00,2016-05-02 22:55:29.223536175,5,-74.0176911322038,40.790179828682646,-74.0166041200411,40.773225838751465,N,569
demo_000060,2,2016-06-15 01:19:00,2016-06-15 01:28:42.831495734,6,-74.06770826673747,40.8112595158458,-74.08572258324631,40.79813039553104,N,582
demo_000061,1,2016-05-14 01:22:00,2016-05-14 01:38:48.112421633,3,-74.0210491981551,40.77055786293672,-74.02034602395469,40.73085408014042,N,1008
demo_000062,2,2016-03-06 23:53:00,2016-03-07 00:08:31.793659824,3,-74.01869410944289,40.78968407905229,-74.05589794717646,40.782472949019635,N,931
demo_000063,2,2016-06-23 03:38:00,2016-06-23 03:48:52.080227589,6,-74.01978920728197,40.747250552442,-73.99332017906522,40.75119251892323,N,652
demo_000064,2,2016-03-14 22:52:00,2016-03-14 23:13:44.003159989,3,-73.94134736344066,40.73694887159544,-73.90687288749177,40.783265241236016,N,1304
demo_000065,1,2016-02-28 15:33:00,2016-02-28 15:50:08.499467020,6,-74.03961212501626,40.817736867414666,-73.99866127444392,40.832001516143194,N,1028
demo_000066,1,2016-06-11 23:54:00,2016-06-12 00:08:40.297086858,6,-73.97145593265029,40.7655671636713,-73.98483218772374,40.74221610620757,N,880
demo_000067,1,2016-03-07 16:23:00,2016-03-07 16:48:41.831748535,5,-73.9778766333252,40.786170819805186,-74.01495651189683,40.74730787636618,N,1541
demo_000068,1,2016-01-14 17:48:00,2016-01-14 17:56:09.399024303,5,-73.94177952151378,40.7623309005044,-73.92947067193731,40.756753994149875,N,489
demo_000069,2,2016-03-25 12:28:00,2016-03-25 12:50:16.469598940,6,-73.99099093422817,40.7374719522178,-73.92952833295296,40.759389592282155,N,1336
demo_000070,2,2016-05-23 05:20:00,2016-05-23 05:26:12.039920998,2,-73.94939910647611,40.758384401240384,-73.94697046926463,40.75242776014964,N,372
demo_000071,2,2016-02-04 02:30:00,2016-02-04 02:42:30.212461687,3,-73.99274990621423,40.808259790621875,-73.97691950820031,40.82289336334703,N,750
demo_000072,2,2016-03-24 07:54:00,2016-03-24 08:00:37.778816791,4,-73.96545233630368,40.77743340259978,-73.97367465690955,40.77254301546997,N,397
demo_000073,1,2016-01-24 09:15:00,2016-01-24 09:30:36.558638690,2,-74.05263234892612,40.698098439409435,-74.07025380613247,40.71745745114676,N,936
demo_000074,2,2016-05-03 13:35:00,2016-05-03 13:55:18.038464281,4,-74.1,40.750466444019835,-74.07696034214884,40.70734047740678,N,1218
demo_000075,2,2016-03-26 15:02:00,2016-03-26 15:20:08.582352622,4,-73.96801039158953,40.820380282744665,-73.9717227284464,40.86369319998861,N,1088
demo_000076,1,2016-02-29 10:26:00,2016-02-29 10:41:39.866535154,4,-73.96559675932824,40.75051710983526,-73.95147345742471,40.720480056733216,N,939
demo_000077,2,2016-02-10 20:14:00,2016-02-10 20:27:36.730013708,4,-73.96360239500817,40.69498324578931,-73.94583965500347,40.716414018692014,N,816
demo_000078,2,2016-04-11 14:38:00,2016-04-11 14:45:51.927184402,1,-74.00862196316396,40.82425671098979,-73.9964588737941,40.81690774313373,N,471
demo_000079,1,2016-04-30 13:35:00,2016-04-30 13:43:53.890000214,3,-73.91796249865054,40.78188373784345,-73.89843756247197,40.778756384533544,N,533
demo_000080,1,2016-06-18 06:07:00,2016-06-18 06:20:12.007158220,6,-74.00569450170816,40.755549549941556,-74.03554970235477,40.74903979848036,N,792
demo_000081,1,2016-03-19 16:29:00,2016-03-19 16:45:23.153490269,2,-73.96606044411475,40.74500037923713,-73.99805147158689,40.751901703033525,N,983
demo_000082,2,2016-01-29 22:10:00,2016-01-29 22:18:49.827214408,3,-73.95824136987481,40.79588231754271,-73.95973312610607,40.808235480211295,N,529
demo_000083,2,2016-05-29 21:10:00,2016-05-29 21:23:47.257733123,4,-73.90765669281129,40.739030580992086,-73.90830633902043,40.76760634181131,N,827
demo_000084,1,2016-04-23 08:34:00,2016-04-23 08:57:39.837465018,4,-73.99926633289054,40.798188974858064,-74.01754763182574,40.83620359468819,N,1419
demo_000085,2,2016-05-06 01:08:00,2016-05-06 01:15:31.769968175,2,-74.01439368078032,40.776976835000355,-74.0059586704058,40.78593601676332,N,451
demo_000086,2,2016-01-18 12:01:00,2016-01-18 12:23:10.151038966,1,-74.05241654229869,40.76656386739206,-74.0206289322195,40.8128330718496,N,1330
demo_000087,1,2016-02-26 05:25:00,2016-02-26 05:38:46.474761245,5,-73.9151434847002,40.76309301818675,-73.87358056910482,40.76560327684296,N,826
demo_000088,1,2016-05-18 05:05:00,2016-05-18 05:23:37.182707573,4,-73.96603650918281,40.751876118715,-73.91660734364017,40.780967008495836,N,1117
demo_000089,1,2016-05-29 19:21:00,2016-05-29 19:42:40.860383923,6,-73.96461225023475,40.79459740420733,-74.01063030844175,40.8061728353758,N,1300
demo_000090,2,2016-03-19 08:08:00,2016-03-19 08:30:41.256768377,6,-73.84474830914043,40.72771300087644,-73.88545325922023,40.712884475827956,N,1361
demo_000091,2,2016-05-24 20:34:00,2016-05-24 20:41:18.558945082,1,-73.97037298664661,40.701232620560944,-73.98051057541707,40.7061259427292,N,438
demo_000092,2,2016-05-31 12:06:00,2016-05-31 12:14:21.004943349,3,-74.0436044632295,40.77950540430124,-74.04079443429424,40.793091044993986,N,501
demo_000093,1,2016-03-10 17:54:00,2016-03-10 18:00:42.727026928,5,-73.99381566087469,40.780093341482356,-74.00216029100969,40.77922399193449,N,402
demo_000094,1,2016-06-10 15:44:00,2016-06-10 15:53:42.784451146,2,-74.02886520839819,40.774808440337914,-74.04820758495458,40.78595556632385,N,582
demo_000095,2,2016-02-21 21:34:00,2016-02-21 21:44:47.673994875,2,-74.00281407775623,40.772270492936634,-74.01346871616313,40.79563529283846,N,647
demo_000096,2,2016-02-13 02:53:00,2016-02-13 03:03:10.167011210,1,-74.00311653212395,40.74678108675819,-73.98620054833881,40.7461500119243,N,610
demo_000097,1,2016-05-02 20:22:00,2016-05-02 20:54:26.920323234,4,-74.01141609759802,40.7855618946535,-74.05795288323574,40.70607692759907,N,1946
demo_000098,1,2016-04-24 14:48:00,2016-04-24 15:17:38.482233192,3,-74.047697712741,40.756405465563596,-73.96568021170044,40.801718759653916,N,1778
demo_000099,2,2016-01-26 03:43:00,2016-01-26 03:49:23.669073563,6,-73.91333742648474,40.74095102537147,-73.91260265246629,40.73291605675552,N,383
demo_000100,1,2016-05-29 21:25:00,2016-05-29 21:40:13.553170608,6,-73.97155183800027,40.74708380407106,-73.93477217920226,40.72485523810859,N,913
demo_000101,2,2016-02-05 23:36:00,2016-02-05 23:53:20.815597054,1,-73.99514624156151,40.828722389457155,-74.01544641288527,40.79837141147453,N,1040
demo_000102,1,2016-05-24 21:09:00,2016-05-24 21:17:59.870751936,6,-73.95090629767179,40.697275837128416,-73.93080406193343,40.688191797765406,N,539
demo_000103,1,2016-01-02 07:48:00,2016-01-02 08:00:16.712608209,1,-73.96380197263177,40.775492583650355,-73.96029878508277,40.760298392204795,N,736
demo_000104,2,2016-05-23 10:21:00,2016-05-23 10:33:56.779662028,5,-73.9725939170266,40.69923113503317,-73.94260562324051,40.67933187950829,N,776
demo_000105,2,2016-05-21 15:30:00,2016-05-21 15:40:15.224980972,6,-73.9541750867255,40.7542118331587,-73.96112772884933,40.735794423872896,N,615
demo_000106,1,2016-05-20 11:10:00,2016-05-20 11:30:10.998889672,3,-73.97897293653087,40.74282303801961,-73.92466821168273,40.757126094269225,N,1210
demo_000107,1,2016-04-29 16:09:00,2016-04-29 16:45:03.337294934,1,-73.95484003443538,40.68502400961621,-74.00706198909742,40.73984382252329,N,2163
demo_000108,2,2016-03-25 21:10:00,2016-03-25 21:25:52.474549765,1,-73.9511099464605,40.771616315665185,-73.91788186240358,40.79377174881159,N,952
demo_000109,2,2016-05-06 22:18:00,2016-05-06 22:31:39.522888702,3,-73.97767765692352,40.74469866782328,-73.97352246547986,40.77500881881165,N,819
demo_000110,2,2016-02-19 21:09:00,2016-02-19 21:22:17.273392488,6,-73.99491775220733,40.684527778010356,-74.03055918665038,40.67433770716129,N,797
demo_000111,2,2016-05-20 12:44:00,2016-05-20 13:06:19.554349810,3,-73.91613209893457,40.787384883177104,-73.84780979348292,40.79021084804697,N,1339
demo_000112,2,2016-04-10 00:23:00,2016-04-10 00:44:30.008141762,3,-74.0065055692898,40.808225216229616,-73.94180114885994,40.81974024114383,N,1290
demo_000113,2,2016-03-23 14:30:00,2016-03-23 14:55:29.979514028,1,-73.96739088798077,40.81015435198038,-74.0399763640496,40.79234628885202,N,1529
demo_000114,2,2016-04-01 00:13:00,2016-04-01 00:20:40.768078464,4,-73.96637412151674,40.770563475422804,-73.96018666795963,40.75906876351798,N,460
demo_000115,1,2016-04-12 08:57:00,2016-04-12 09:15:44.597237255,2,-74.01243010335186,40.7596120348502,-73.98773191393629,40.78268493772519,N,1124
demo_000116,2,2016-01-07 16:58:00,2016-01-07 17:17:21.281848125,5,-74.02135200733902,40.804485481731355,-74.00589233904789,40.83392338611906,N,1161
demo_000117,2,2016-01-26 03:55:00,2016-01-26 04:12:52.865302924,5,-74.00092334093914,40.81688342548691,-73.94787980464939,40.81870350276382,N,1072
demo_000118,2,2016-02-14 04:28:00,2016-02-14 04:49:17.484752735,5,-74.0071497583929,40.79767490460065,-73.9613826136299,40.76540566071962,N,1277
demo_000119,2,2016-01-21 14:46:00,2016-01-21 14:52:56.458372463,4,-74.05061587527375,40.72504618392196,-74.04133431780265,40.71706520037508,N,416
demo_000120,2,2016-03-20 03:07:00,2016-03-20 03:35:18.406921740,4,-74.01431727871336,40.765047069862526,-73.93461865227896,40.726131129230865,N,1698
demo_000121,1,2016-04-30 07:30:00,2016-04-30 07:47:58.020045314,3,-73.97301996569145,40.773383065050204,-73.94023033739668,40.77541353011574,N,1078
demo_000122,1,2016-04-27 19:07:00,2016-04-27 19:16:41.456231419,5,-73.92803253871331,40.6946634060879,-73.94033204604453,40.70155929009223,N,581
demo_000123,2,2016-03-25 19:08:00,2016-03-25 19:20:56.152100734,5,-73.96005238991718,40.77442762308673,-73.97938455573617,40.76711844171871,N,776
demo_000124,1,2016-06-02 21:56:00,2016-06-02 22:09:54.635485724,2,-74.1,40.837554713909284,-74.05648304739591,40.84408091691363,N,834
demo_000125,1,2016-04-11 17:49:00,2016-04-11 18:04:38.129424517,2,-73.95614133283593,40.78039776580303,-73.98389473076449,40.791654099258295,N,938
demo_000126,2,2016-01-15 06:07:00,2016-01-15 06:14:53.086027009,5,-74.0101168303653,40.809569457850465,-74.02445767014635,40.816504733008955,N,473
demo_000127,2,2016-05-17 16:47:00,2016-05-17 17:07:37.519316510,3,-73.96461139663904,40.76440201555451,-73.97299641283996,40.731960697662494,N,1237
demo_000128,1,2016-04-13 10:16:00,2016-04-13 10:24:17.396520869,2,-73.98563608666447,40.75543735866057,-73.9731882178998,40.74859922187173,N,497
demo_000129,2,2016-04-24 05:58:00,2016-04-24 06:05:20.148578484,6,-73.99367094317391,40.77134449865284,-74.00044198587757,40.782410259066026,N,440
demo_000130,1,2016-04-11 18:24:00,2016-04-11 18:53:26.110870604,6,-73.98960060775829,40.729446067320545,-74.03569458913509,40.772071285145806,N,1766
demo_000131,2,2016-04-09 15:27:00,2016-04-09 15:45:02.043311781,5,-73.98600909387214,40.7242678684468,-73.94533630304247,40.716925873190355,N,1082
demo_000132,2,2016-01-17 07:14:00,2016-01-17 07:27:20.395475053,3,-73.92450177625594,40.80232065950093,-73.93865572896341,40.81719334491303,N,800
demo_000133,1,2016-04-10 15:46:00,2016-04-10 16:09:58.586715764,4,-73.98588470841882,40.806031982000334,-73.91518697401084,40.82974208362228,N,1438
demo_000134,2,2016-05-23 02:01:00,2016-05-23 02:07:35.482238810,6,-73.93615087400684,40.72331127895445,-73.92551122375275,40.71800233109839,N,395
demo_000135,2,2016-02-24 17:03:00,2016-02-24 17:28:41.685000180,4,-73.94270423603695,40.791879958159385,-73.89835197408287,40.822886967341546,N,1541
demo_000136,2,2016-04-18 12:15:00,2016-04-18 12:33:10.431637034,5,-73.95498295035874,40.75495640085379,-73.93290279736242,40.787415094302425,N,1090
demo_000137,1,2016-01-06 13:07:00,2016-01-06 13:28:07.860514937,6,-74.06539784690584,40.76989330010717,-74.01937087740485,40.807163687926824,N,1267
demo_000138,2,2016-03-03 13:11:00,2016-03-03 13:23:36.081157643,5,-73.93475153047272,40.77410765238023,-73.91478966560346,40.78648532094284,N,756
demo_000139,1,2016-03-19 14:37:00,2016-03-19 15:02:51.018137108,4,-74.0056055582361,40.792802266384356,-73.99737464904638,40.85652597212511,N,1551
demo_000140,1,2016-06-25 21:25:00,2016-06-25 21:41:42.179221070,3,-73.95279227235163,40.76089513706521,-73.91452907913666,40.74428249302058,N,1002
demo_000141,1,2016-02-08 15:00:00,2016-02-08 15:31:47.300340470,3,-74.02876397749581,40.80735566983557,-73.94175495348509,40.8647057646624,N,1907
demo_000142,1,2016-02-19 18:41:00,2016-02-19 18:54:53.574607171,5,-74.03832833194865,40.7688294493916,-74.04777122479982,40.78957353558538,N,833
demo_000143,1,2016-03-14 12:50:00,2016-03-14 13:08:03.837498848,3,-73.8960625068426,40.779846449536436,-73.86824006227222,40.81603690752816,N,1083
demo_000144,2,2016-06-27 16:18:00,2016-06-27 16:25:57.182978151,2,-74.02806423800772,40.7288358092962,-74.02824781029557,40.720194789923575,N,477
demo_000145,1,2016-06-02 14:42:00,2016-06-02 14:55:32.564604727,2,-73.93342520124267,40.83355306537467,-73.91571313552541,40.856353882354696,N,812
demo_000146,2,2016-01-07 05:52:00,2016-01-07 06:07:46.701808790,4,-73.97967108553536,40.774443872312176,-73.97819553602018,40.812972174731115,N,946
demo_000147,1,2016-02-12 02:37:00,2016-02-12 03:01:20.846770821,6,-74.0039054026262,40.78295490988708,-74.07942640362607,40.75359622650654,N,1460
demo_000148,2,2016-05-27 21:38:00,2016-05-27 21:44:58.395219979,3,-73.98701729979486,40.701713496607596,-73.9940238349157,40.69730368699858,N,418
demo_000149,2,2016-01-11 11:52:00,2016-01-11 12:18:40.310730633,4,-74.04354925234391,40.729205429192234,-74.00856482479561,40.671391606609994,N,1600
demo_000150,1,2016-06-03 00:29:00,2016-06-03 00:39:38.832876559,2,-73.98561894708241,40.80132592907716,-74.01240117889681,40.796510938702234,N,638
demo_000151,2,2016-02-20 15:34:00,2016-02-20 15:51:17.436471763,3,-74.03372331412531,40.76804118914024,-74.00149018861781,40.74600896791682,N,1037
demo_000152,1,2016-06-14 04:15:00,2016-06-14 04:24:29.198828726,3,-74.00279497074413,40.69101770928099,-73.99636864999047,40.68513798170589,N,569
demo_000153,2,2016-02-22 20:19:00,2016-02-22 20:49:20.578350964,3,-73.94336151962136,40.79434014751444,-73.95006368820125,40.87327851816976,N,1820
demo_000154,2,2016-03-19 04:14:00,2016-03-19 04:35:03.950055110,6,-73.97356141955491,40.738967601847655,-73.94185788106999,40.78534829653118,N,1263
demo_000155,2,2016-04-29 03:28:00,2016-04-29 03:45:44.431206877,6,-74.05169767244962,40.80739609450569,-74.02786156842487,40.76853101101477,N,1064
demo_000156,1,2016-01-23 17:31:00,2016-01-23 17:43:19.380657191,2,-73.94668303428888,40.75492575124888,-73.93196388679695,40.76993068539206,N,739
demo_000157,2,2016-04-10 06:22:00,2016-04-10 06:38:27.883675542,3,-73.98531948928591,40.765164734010725,-73.9497629821886,40.78673587336132,N,987
demo_000158,2,2016-03-31 21:40:00,2016-03-31 21:46:46.458724687,1,-74.00939833707842,40.79926341025071,-74.00228989589283,40.79014018890969,N,406
demo_000159,2,2016-05-21 02:26:00,2016-05-21 02:43:43.782186854,5,-73.9513995663241,40.72658774602009,-74.00896287747871,40.731402051305366,N,1063
demo_000160,1,2016-06-28 07:10:00,2016-06-28 07:19:18.411063801,5,-73.99252430766397,40.72325036172582,-74.0057585382236,40.73070188132602,N,558
demo_000161,2,2016-04-29 13:50:00,2016-04-29 14:14:00.607698696,6,-74.03745476029576,40.75112255528607,-74.10060884509305,40.7147640482188,N,1440
demo_000162,2,2016-03-14 15:41:00,2016-03-14 15:56:01.830413451,4,-73.90184856298477,40.78695104798675,-73.87884079406747,40.75910515542642,N,901
demo_000163,2,2016-03-14 03:35:00,2016-03-14 03:47:56.585493431,6,-73.9857779349301,40.71141929615853,-73.95441094055485,40.71607130755644,N,776
demo_000164,2,2016-03-16 05:34:00,2016-03-16 05:46:15.815047479,1,-73.9886623342017,40.699618789003885,-73.95570275572705,40.702302657259395,N,735
demo_000165,1,2016-05-26 12:34:00,2016-05-26 12:44:36.508727167,3,-74.00322973272787,40.78683023244653,-73.98611141825484,40.767699039130264,N,636
demo_000166,1,2016-02-27 19:39:00,2016-02-27 19:58:42.797701279,3,-73.93190154172441,40.73689575906016,-73.8980241621958,40.715447603284105,N,1182
demo_000167,2,2016-01-31 01:19:00,2016-01-31 01:36:58.267676322,5,-74.00861953286639,40.74427208954779,-74.06380064970575,40.74184804980667,N,1078
demo_000168,1,2016-03-01 04:08:00,2016-03-01 04:19:26.878583555,2,-74.05452409364652,40.693011635932095,-74.05828893590932,40.716937711662645,N,686
demo_000169,2,2016-01-05 02:06:00,2016-01-05 02:22:54.448388238,2,-74.01554049478531,40.734235723997685,-74.0650625543936,40.732170608182116,N,1014
demo_000170,1,2016-01-20 02:32:00,2016-01-20 02:49:32.822887285,1,-73.92529514297954,40.75773514461791,-73.93783667942775,40.80154887704507,N,1052
demo_000171,1,2016-01-17 05:00:00,2016-01-17 05:19:28.061702075,6,-73.94755405273443,40.790563225016804,-73.89098524197678,40.77177607022991,N,1168
demo_000172,1,2016-05-18 21:06:00,2016-05-18 21:21:42.088203969,3,-73.99647570436969,40.73100694418179,-73.95821240298727,40.736220908821075,N,942
demo_000173,2,2016-05-10 00:35:00,2016-05-10 00:47:05.601679614,1,-73.92320351862618,40.81600816420814,-73.90002352939958,40.80644218762233,N,725
demo_000174,2,2016-05-05 10:02:00,2016-05-05 10:11:42.452540746,2,-73.95134259970301,40.73404053915371,-73.95769930770403,40.74991548470686,N,582
demo_000175,2,2016-03-24 03:18:00,2016-03-24 03:33:18.975044810,4,-73.99699652136356,40.734091786944525,-74.03177233881915,40.712988914124445,N,918
demo_000176,1,2016-05-09 01:41:00,2016-05-09 02:03:00.772376488,3,-73.99246594347954,40.81180751431643,-73.98591997454709,40.86384725367426,N,1320
demo_000177,1,2016-01-30 00:41:00,2016-01-30 01:02:13.539151042,4,-73.97018070206245,40.76540110533274,-73.93130704794866,40.71975457044969,N,1273
demo_000178,2,2016-06-11 02:41:00,2016-06-11 03:02:07.368672934,1,-74.02243491273487,40.7386791344846,-74.0080894106108,40.78499710095596,N,1267
demo_000179,1,2016-03-31 04:30:00,2016-03-31 04:50:16.712991057,6,-73.98479727205208,40.75257034040868,-74.04029644967353,40.75500002907462,N,1216
demo_000180,2,2016-06-17 20:22:00,2016-06-17 20:30:56.764007387,5,-73.9711168985924,40.805357575213975,-73.96745551719334,40.820273038921144,N,536
demo_000181,2,2016-01-28 09:59:00,2016-01-28 10:30:48.247619201,2,-74.06091348073738,40.809317098686904,-74.12,40.84534927107039,N,1908
demo_000182,1,2016-03-30 12:27:00,2016-03-30 12:42:23.271746664,3,-73.99351941451556,40.729412238725544,-73.96537298035685,40.75256909909503,N,923
demo_000183,2,2016-05-05 08:06:00,2016-05-05 08:22:18.578776805,1,-73.99863752834146,40.75651481664723,-74.0228927995238,40.73680409067682,N,978
demo_000184,1,2016-03-30 05:06:00,2016-03-30 05:24:24.681734727,1,-73.93873693910179,40.76115548896837,-73.98154618809664,40.77735790696046,N,1104
demo_000185,1,2016-03-21 07:23:00,2016-03-21 07:56:49.165148171,6,-74.0680023647215,40.72348159613192,-74.03937479152587,40.773903393393056,N,2029
demo_000186,1,2016-01-30 22:02:00,2016-01-30 22:16:06.503254697,1,-74.00216777088667,40.756051023157255,-73.98258954658523,40.732094146928915,N,846
demo_000187,1,2016-03-09 14:00:00,2016-03-09 14:25:42.542149500,3,-74.0066789591314,40.75818630011581,-73.9985449954469,40.815383869918044,N,1542
demo_000188,1,2016-02-12 23:28:00,2016-02-12 23:50:42.565560234,6,-73.94179680662353,40.79790733176279,-73.86508702847324,40.80832129888394,N,1362
demo_000189,2,2016-02-24 06:31:00,2016-02-24 06:42:11.150130308,2,-73.98695959562141,40.800259875990896,-73.96473460135246,40.78856272614905,N,671
demo_000190,1,2016-05-03 01:35:00,2016-05-03 01:47:35.134907089,5,-73.90417574094565,40.746477671057434,-73.9267492334931,40.72235885767301,N,755
demo_000191,1,2016-04-23 10:49:00,2016-04-23 10:57:38.153069291,1,-73.95520039781421,40.75051163996488,-73.93702826245223,40.74448288895585,N,518
demo_000192,2,2016-04-19 07:05:00,2016-04-19 07:34:18.565764264,6,-74.00346003473852,40.78125023057195,-74.0134727417574,40.72845771563305,N,1758
demo_000193,1,2016-03-06 03:01:00,2016-03-06 03:16:13.099667277,6,-73.97421535865485,40.737518404287556,-73.92987879988846,40.72630680362297,N,913
demo_000194,2,2016-06-21 17:52:00,2016-06-21 18:00:01.575275844,6,-74.00093309642162,40.778602405310814,-73.99109889418256,40.77150336972671,N,481
demo_000195,1,2016-01-16 18:38:00,2016-01-16 18:57:28.831538578,4,-73.94632717592793,40.75492327294208,-73.93302986088992,40.72591410441604,N,1168
demo_000196,2,2016-03-02 15:59:00,2016-03-02 16:16:41.330811663,6,-74.0449488970981,40.72407104977915,-74.09543179145493,40.74426287004157,N,1061
demo_000197,2,2016-01-22 05:47:00,2016-01-22 05:53:45.185725206,5,-74.0220663189457,40.72451071504921,-74.0199190122631,40.7186040252789,N,405
demo_000198,1,2016-03-02 00:14:00,2016-03-02 00:23:42.457786373,3,-73.96449395366503,40.80864705436109,-73.96646325856432,40.7914806016565,N,582
demo_000199,1,2016-06-22 03:23:00,2016-06-22 03:36:56.273267120,6,-73.92984095980744,40.752525248229986,-73.9656884307398,40.74374123198314,N,836
demo_000200,1,2016-03-06 22:15:00,2016-03-06 22:22:15.372597170,2,-74.08408858682627,40.815412393286444,-74.09184113884987,40.82500029506597,N,435
demo_000201,2,2016-06-12 13:04:00,2016-06-12 13:11:51.499955403,6,-73.92314879528043,40.74002273087498,-73.90789745975498,40.74199970355759,N,471
demo_000202,1,2016-03-30 02:41:00,2016-03-30 02:55:17.797941954,6,-73.99130608077925,40.768192182039606,-73.9914583167563,40.74926585466124,N,857
demo_000203,2,2016-05-05 22:44:00,2016-05-05 23:00:54.162091754,3,-74.06977437328717,40.841743685305644,-74.11919786249261,40.84513632910473,N,1014
demo_000204,2,2016-03-23 08:02:00,2016-03-23 08:11:53.952528615,2,-74.1,40.72099146393679,-74.10956258916188,40.7196232130825,N,593
demo_000205,2,2016-02-17 20:33:00,2016-02-17 20:50:16.201538154,1,-74.05382237296138,40.69157649250351,-74.07020324057777,40.66081095847849,N,1036
demo_000206,1,2016-05-17 13:28:00,2016-05-17 13:34:05.472953684,4,-73.98588671851304,40.803030654595055,-73.97911374520696,40.79524102787036,N,365
demo_000207,2,2016-06-23 10:50:00,2016-06-23 11:01:28.839884161,5,-73.9879654117014,40.729061681311244,-73.9849717720351,40.744703814612606,N,688
demo_000208,1,2016-02-17 10:25:00,2016-02-17 10:35:15.267833278,4,-73.95650598043808,40.757275277256284,-73.970912437612,40.77272301027349,N,615
demo_000209,2,2016-05-20 04:12:00,2016-05-20 04:20:08.114655642,4,-74.00972692299024,40.7374928626342,-74.02550014351006,40.731283825659304,N,488
demo_000210,1,2016-02-17 00:07:00,2016-02-17 00:16:16.441892195,1,-74.03486182459008,40.76738569733344,-74.03250903401063,40.78565856279266,N,556
demo_000211,2,2016-05-09 00:57:00,2016-05-09 01:12:13.656104084,1,-74.00358888744474,40.7247312327485,-73.9698847010202,40.698272434329915,N,913
demo_000212,2,2016-05-22 00:30:00,2016-05-22 00:43:32.891235063,2,-73.98348753708898,40.751702096924085,-73.9737351187942,40.726079425292866,N,812
demo_000213,1,2016-03-21 21:14:00,2016-03-21 21:29:43.537819290,6,-73.97461522422701,40.77374353642948,-73.92480779784184,40.766959652420546,N,943
demo_000214,1,2016-05-12 15:29:00,2016-05-12 15:50:30.123098809,4,-74.02051241146725,40.7227091889804,-73.98085072720778,40.763143474654754,N,1290
demo_000215,1,2016-02-19 00:05:00,2016-02-19 00:20:56.142512704,3,-73.94443489848491,40.7334970589624,-73.89205101111759,40.737904852878934,N,956
demo_000216,2,2016-01-15 06:22:00,2016-01-15 06:37:31.978071783,4,-74.01296285472758,40.74584160082406,-73.96506088691447,40.73840672396308,N,931
demo_000217,1,2016-01-18 08:24:00,2016-01-18 08:56:03.694535092,3,-74.02413728130462,40.70799145980208,-73.96943404821869,40.74968318583466,N,1923
demo_000218,1,2016-03-21 11:08:00,2016-03-21 11:22:34.995164607,1,-74.00940761792607,40.743210365602046,-74.04976761629257,40.73546302785155,N,874
demo_000219,1,2016-06-11 11:14:00,2016-06-11 11:38:07.950036798,4,-73.93663219209338,40.7621578788966,-73.91397227236652,40.822495676303326,N,1447
demo_000220,1,2016-01-23 23:07:00,2016-01-23 23:21:43.311201970,5,-73.99097584038233,40.74401578704441,-73.9483346210321,40.73021114270665,N,883
demo_000221,1,2016-03-23 00:57:00,2016-03-23 01:16:01.323485125,6,-74.01625310763814,40.74850182274739,-73.96728715137316,40.72118514705761,N,1141
demo_000222,1,2016-05-06 17:25:00,2016-05-06 17:38:30.657662935,3,-73.94332515122981,40.757303441518275,-73.9703003096853,40.752811668197275,N,810
demo_000223,1,2016-02-06 10:12:00,2016-02-06 10:21:46.434765956,2,-73.88857631570231,40.73504897881487,-73.8655679973297,40.728323703772276,N,586
demo_000224,1,2016-05-09 21:22:00,2016-05-09 21:34:06.311851739,6,-73.9755642814561,40.78218718980534,-73.97293217418283,40.76037875044391,N,726
demo_000225,1,2016-02-25 01:43:00,2016-02-25 02:17:20.512507146,3,-73.92947708926106,40.808259234368066,-73.86482998110579,40.87851253447835,N,2060
demo_000226,1,2016-05-25 13:24:00,2016-05-25 13:40:12.401775898,1,-73.93837649222414,40.74174668627316,-73.98693169907794,40.7503496036039,N,972
demo_000227,2,2016-04-14 06:13:00,2016-04-14 06:25:46.836490757,4,-74.01225378882462,40.774981938101725,-74.03917892417442,40.787516676590855,N,766
demo_000228,1,2016-04-08 10:38:00,2016-04-08 10:57:58.936683754,1,-73.98380146187857,40.74961339955979,-74.04717364575225,40.73714265934709,N,1198
demo_000229,2,2016-02-01 19:39:00,2016-02-01 19:50:08.714989120,6,-74.04271450833667,40.77079205707635,-74.03765293829052,40.75519498368823,N,668
demo_000230,1,2016-03-24 09:02:00,2016-03-24 09:37:27.279010407,5,-73.99422240198628,40.81280228359212,-73.91498799256183,40.840492359196496,N,2127
demo_000231,1,2016-06-03 04:34:00,2016-06-03 04:54:34.923711733,3,-74.01317856661066,40.77580308400564,-74.01473052325933,40.730555356145715,N,1234
demo_000232,1,2016-01-04 12:20:00,2016-01-04 12:33:11.321566467,4,-74.0031298680729,40.69593049114167,-73.99959370178455,40.66507315037633,N,791
demo_000233,1,2016-05-16 12:48:00,2016-05-16 12:56:09.686722591,3,-74.01874527641212,40.77388984710065,-73.9994869194403,40.767212517449245,N,489
demo_000234,2,2016-03-29 16:44:00,2016-03-29 17:08:27.185430868,3,-73.9979193563688,40.80115023101582,-74.00198952334405,40.83762850826795,N,1467
demo_000235,2,2016-05-09 12:04:00,2016-05-09 12:11:53.366191473,6,-73.96104952911809,40.75024413405007,-73.94823861844804,40.7401321757799,N,473
demo_000236,1,2016-04-29 09:26:00,2016-04-29 09:37:10.589084174,5,-73.9903771359698,40.79284721821413,-73.97664972754332,40.80408331026053,N,670
demo_000237,1,2016-03-18 18:38:00,2016-03-18 18:52:19.780500275,4,-74.06889679389899,40.73384595605968,-74.09849127672226,40.73459463040316,N,859
demo_000238,2,2016-02-25 13:26:00,2016-02-25 13:43:58.519779187,6,-74.01857542542044,40.70600612941672,-74.02186706032468,40.741005106566014,N,1078
demo_000239,2,2016-04-22 21:58:00,2016-04-22 22:19:10.089172946,1,-74.05337297086513,40.762940915659144,-74.02740531843797,40.7201533941674,N,1270
demo_000240,1,2016-01-26 05:46:00,2016-01-26 05:59:33.477076345,6,-73.97401728983083,40.696523314773884,-73.94151712575112,40.7163943212744,N,813
demo_000241,1,2016-04-15 03:18:00,2016-04-15 03:33:41.539788424,2,-73.96235071861756,40.74960801454873,-73.91690316065076,40.74423774344568,N,941
demo_000242,1,2016-01-18 01:04:00,2016-01-18 01:17:14.564551209,2,-73.97345533001656,40.8030394791926,-73.96171506767917,40.828011352428426,N,794
demo_000243,1,2016-04-26 23:20:00,2016-04-26 23:32:46.500448036,4,-74.02043319769847,40.69115829829888,-74.00798069780491,40.66903768143417,N,766
demo_000244,2,2016-04-23 04:10:00,2016-04-23 04:19:19.966216849,1,-73.97389157318909,40.71321761214302,-73.94763510290657,40.71387622502932,N,559
demo_000245,2,2016-01-16 04:47:00,2016-01-16 04:55:08.911718958,3,-74.0061551415096,40.72187887141935,-74.02697209898459,40.71911119022471,N,488
demo_000246,2,2016-05-16 08:20:00,2016-05-16 08:40:12.936207286,3,-74.03622014523876,40.755783804910116,-74.05847241205838,40.728718047184465,N,1212
demo_000247,1,2016-03-15 20:17:00,2016-03-15 20:31:31.459564671,1,-73.9516131536131,40.745199912502386,-73.955981078631,40.71062876115282,N,871
demo_000248,2,2016-05-21 15:20:00,2016-05-21 15:36:47.446571041,2,-73.94818875108243,40.80696977335936,-73.99281437056682,40.79129866658906,N,1007
demo_000249,2,2016-01-08 11:46:00,2016-01-08 11:52:49.835789028,3,-73.94229970335124,40.79140219151821,-73.92805817634174,40.79491033200107,N,409
demo_000250,1,2016-02-02 07:15:00,2016-02-02 07:34:26.138636795,1,-74.01237568700147,40.7753345531124,-73.97565781573557,40.75489792305618,N,1166
demo_000251,1,2016-03-29 22:02:00,2016-03-29 22:12:07.951681786,6,-73.93192869592882,40.763097061002036,-73.95678022349816,40.75418507480028,N,607
demo_000252,1,2016-02-03 21:07:00,2016-02-03 21:28:18.650103776,3,-74.00721120130976,40.77176304219447,-73.99198097966378,40.720846513623414,N,1278
demo_000253,1,2016-02-29 09:00:00,2016-02-29 09:13:40.926873780,5,-73.95559244053076,40.72783061756403,-73.97761202731374,40.71782306971097,N,820
demo_000254,1,2016-04-28 21:47:00,2016-04-28 22:04:20.565501500,2,-74.0079910697795,40.788002362374485,-74.04357121234932,40.81563920183336,N,1040
demo_000255,1,2016-01-27 00:20:00,2016-01-27 00:44:17.303929877,4,-73.99507919736855,40.71907845109743,-73.92313456083697,40.738118319898625,N,1457
demo_000256,2,2016-05-01 23:40:00,2016-05-01 23:49:50.914477355,1,-74.09395300358251,40.78723819478658,-74.12,40.78489130248685,N,590
demo_000257,2,2016-01-19 14:42:00,2016-01-19 14:58:28.579854034,2,-73.99858609464876,40.79951498757416,-74.04336227078183,40.80609361114954,N,988
demo_000258,1,2016-02-01 12:47:00,2016-02-01 12:58:42.892805573,5,-73.98090095149468,40.76538026107308,-73.97338591259773,40.74301723039204,N,702
demo_000259,1,2016-04-15 18:37:00,2016-04-15 19:02:35.094405191,3,-74.00345223278137,40.751832542936334,-73.99405398103525,40.7956923873852,N,1535
demo_000260,2,2016-05-22 19:50:00,2016-05-22 20:26:29.597789805,6,-73.90597153693616,40.77201084679084,-73.88261841199451,40.827840434466715,N,2189
demo_000261,1,2016-01-31 16:57:00,2016-01-31 17:27:17.176899472,6,-74.03731097383964,40.65784685704648,-73.96726799196679,40.66229709507554,N,1817
demo_000262,2,2016-02-23 23:58:00,2016-02-24 00:26:00.811281340,1,-74.01036115566967,40.768579037646994,-74.03756069920148,40.83852755522065,N,1680
demo_000263,2,2016-06-15 12:31:00,2016-06-15 12:42:32.612684732,4,-74.02571926744936,40.75403261007561,-74.04596455677844,40.73566768604416,N,692
demo_000264,1,2016-06-27 03:26:00,2016-06-27 03:48:02.678230938,5,-74.01036996405479,40.75622801604301,-73.95406177164905,40.722448876561145,N,1322
demo_000265,2,2016-04-14 14:11:00,2016-04-14 14:24:21.002346397,2,-73.93858641216767,40.78272863795143,-73.90571708037497,40.76356879659089,N,801
demo_000266,1,2016-03-21 11:12:00,2016-03-21 11:23:43.148198248,6,-73.91848856925529,40.75538308774524,-73.89048572243362,40.74945685058821,N,703
demo_000267,1,2016-03-03 10:28:00,2016-03-03 10:53:21.181722217,5,-74.01653566749135,40.718092760017214,-74.03718107183411,40.78051855689969,N,1521
demo_000268,2,2016-04-20 05:47:00,2016-04-20 06:01:26.672341687,2,-74.01753533942254,40.75305090652112,-73.97812925170811,40.745459610081156,N,866
demo_000269,2,2016-04-16 08:45:00,2016-04-16 09:04:10.191698041,1,-74.03707078918673,40.76036444194283,-74.0089593904804,40.73715373499712,N,1150
demo_000270,2,2016-02-23 01:19:00,2016-02-23 01:30:11.173639088,3,-73.92621715760663,40.76202268690534,-73.91958335322245,40.73776429769675,N,671
demo_000271,2,2016-01-05 02:30:00,2016-01-05 02:46:13.711637932,3,-73.93455480168876,40.76366717785498,-73.95502727504693,40.79444777488015,N,973
demo_000272,1,2016-01-28 06:28:00,2016-01-28 06:40:25.050755584,4,-73.98976918099949,40.79437791657215,-73.98603483659589,40.8213050637765,N,745
demo_000273,2,2016-06-21 12:58:00,2016-06-21 13:18:28.135305515,2,-74.0478244638338,40.71998879064381,-73.99012742273689,40.706880879612264,N,1228
demo_000274,1,2016-03-16 06:25:00,2016-03-16 06:49:19.027815923,2,-74.04379981544552,40.76414951596577,-74.08208868678665,40.713503344831686,N,1459
demo_000275,1,2016-03-27 19:33:00,2016-03-27 19:57:32.260361487,6,-73.97732167473269,40.80314753945164,-74.00531464211491,40.772675513744495,N,1472
demo_000276,1,2016-03-25 01:54:00,2016-03-25 02:14:22.219806970,6,-73.96027979366991,40.6972885976072,-73.98225287889738,40.74376218121969,N,1222
demo_000277,2,2016-05-20 21:24:00,2016-05-20 21:36:15.501969801,5,-74.07797651622595,40.7642876338273,-74.09235525668629,40.78288544671014,N,735
demo_000278,2,2016-01-12 16:36:00,2016-01-12 16:43:52.271219802,3,-73.9994589459742,40.73751175243095,-74.00000973000243,40.73927920957102,N,472
demo_000279,1,2016-01-15 21:23:00,2016-01-15 21:45:08.800877991,3,-73.91217668496992,40.74502513654345,-73.87862669898286,40.79548363221853,N,1328
demo_000280,2,2016-02-19 15:39:00,2016-02-19 16:02:35.427032672,2,-73.99478791429836,40.7263317373875,-73.97863842029375,40.77920654675341,N,1415
demo_000281,1,2016-03-28 14:21:00,2016-03-28 14:26:17.964700981,3,-73.91796628591442,40.752065724950484,-73.9158368491468,40.75109535569753,N,317
demo_000282,2,2016-04-30 19:15:00,2016-04-30 19:21:39.486396901,4,-73.955792924197,40.82244394650495,-73.94609815256919,40.82196950897059,N,399
demo_000283,1,2016-03-29 07:51:00,2016-03-29 08:05:46.530394300,6,-74.03379258203759,40.7137449373588,-74.01195289842488,40.69802967694177,N,886
demo_000284,1,2016-03-20 09:50:00,2016-03-20 10:20:39.707626772,5,-73.99817020820083,40.71706364991324,-74.05702991631887,40.70937936115114,N,1839
demo_000285,1,2016-06-17 19:24:00,2016-06-17 19:53:03.037471078,2,-73.99079124073451,40.71243229004428,-73.9532857940231,40.67230151569768,N,1743
demo_000286,1,2016-01-29 23:36:00,2016-01-29 23:55:47.026535643,6,-74.02786302056421,40.81845964003199,-74.05678747356524,40.77821920787502,N,1187
demo_000287,2,2016-04-12 21:51:00,2016-04-12 22:10:19.889017222,1,-74.0286440610265,40.74181811030676,-74.04416692401772,40.6953063208463,N,1159
demo_000288,2,2016-04-07 14:29:00,2016-04-07 14:41:51.675995817,1,-73.91719541335466,40.757102632887836,-73.90528017709504,40.786379732074664,N,771
demo_000289,2,2016-03-26 05:28:00,2016-03-26 05:45:01.186061081,6,-74.02898122788618,40.743902597061286,-74.03162043186632,40.701744737042645,N,1021
demo_000290,1,2016-05-25 08:49:00,2016-05-25 09:19:03.019799090,2,-73.93647037656162,40.72494519925589,-73.91942781112334,40.77759418132096,N,1803
demo_000291,1,2016-02-18 01:20:00,2016-02-18 01:30:39.785777491,6,-74.00464180152643,40.749769727368495,-73.99967782438046,40.73004952430611,N,639
demo_000292,1,2016-06-20 16:17:00,2016-06-20 16:45:48.875960690,1,-73.98615376984475,40.844038526200784,-73.9962803998919,40.89094697368391,N,1728
demo_000293,1,2016-02-29 16:22:00,2016-02-29 16:45:14.209872921,2,-73.95971700117926,40.8067224822341,-73.90621046525109,40.796866014976736,N,1394
demo_000294,1,2016-04-08 02:25:00,2016-04-08 02:43:32.678288184,5,-74.01193514028071,40.72814717637727,-73.98715284666036,40.685860133562414,N,1112
demo_000295,1,2016-04-03 17:18:00,2016-04-03 17:39:48.457506872,2,-73.95944430589275,40.78066509360716,-73.948870199513,40.81532712385493,N,1308
demo_000296,1,2016-06-01 23:02:00,2016-06-01 23:19:36.178215197,4,-74.07708933647967,40.72889670295668,-74.05285114204959,40.76674707490278,N,1056
demo_000297,2,2016-03-20 00:05:00,2016-03-20 00:18:50.208301562,5,-73.96521316752134,40.69582713264038,-73.9898996997661,40.67136375563317,N,830
demo_000298,2,2016-02-21 05:17:00,2016-02-21 05:42:08.186838620,3,-74.09608385560573,40.79368288211826,-74.01996684464214,40.784728270920134,N,1508
demo_000299,1,2016-01-04 21:21:00,2016-01-04 21:36:41.371959866,1,-73.99520810270143,40.79860324963253,-74.03327540473934,40.774146759345385,N,941
demo_000300,2,2016-03-06 11:05:00,2016-03-06 11:11:52.754214567,5,-73.94655906566067,40.79461182878668,-73.9425981626204,40.79135760803632,N,412
demo_000301,2,2016-05-28 17:34:00,2016-05-28 17:42:25.213830188,4,-73.95699671122738,40.74155471627732,-73.96702163097899,40.744466103258226,N,505
demo_000302,1,2016-01-02 18:50:00,2016-01-02 18:59:39.891028946,6,-74.04342847155328,40.75216284930993,-74.05478297469323,40.742675506713816,N,579
demo_000303,1,2016-06-10 07:24:00,2016-06-10 07:52:15.833614319,5,-74.0376348978242,40.78424179437804,-74.05353388429522,40.735131726702484,N,1695
demo_000304,1,2016-04-07 17:00:00,2016-04-07 17:15:38.963720345,5,-74.01599024181452,40.771702361307185,-74.04300009184946,40.756018619799754,N,938
demo_000305,2,2016-01-26 05:52:00,2016-01-26 06:08:00.526828511,4,-73.97662028619388,40.74422268850461,-73.9350283090256,40.76321769512057,N,960
demo_000306,2,2016-02-24 09:24:00,2016-02-24 09:46:25.346026305,5,-74.07643699355197,40.70133248629587,-74.11860159136236,40.69569219864578,N,1345
demo_000307,2,2016-04-09 17:26:00,2016-04-09 17:42:33.781140638,3,-73.98559506091318,40.76198563179497,-73.95117032445926,40.75314473485081,N,993
demo_000308,2,2016-02-26 19:47:00,2016-02-26 20:04:25.402291833,6,-73.97098567817899,40.79576533737327,-73.94828685746376,40.77063437065744,N,1045
demo_000309,1,2016-01-20 13:02:00,2016-01-20 13:12:24.505039427,5,-73.99773667313919,40.716084409883806,-74.01106786274796,40.69961302291547,N,624
demo_000310,2,2016-04-29 21:04:00,2016-04-29 21:23:51.329657757,2,-73.96136055643761,40.78035657835866,-73.94271930150482,40.818398177236375,N,1191
demo_000311,2,2016-05-01 00:04:00,2016-05-01 00:18:34.611674256,6,-73.97493241287532,40.76960395932968,-73.9804588784947,40.73882997339602,N,874
demo_000312,2,2016-01-22 09:32:00,2016-01-22 09:52:34.201866605,2,-74.00937444167295,40.784255189213134,-74.04790966352077,40.80371741282364,N,1234
demo_000313,2,2016-02-20 14:55:00,2016-02-20 15:08:17.500047555,5,-74.07212852121168,40.788519142490166,-74.11029369912517,40.78978963345456,N,797
demo_000314,1,2016-02-13 21:31:00,2016-02-13 21:42:38.972561320,6,-73.97899641132932,40.73369371653261,-73.95605595825288,40.74030360443689,N,698
demo_000315,2,2016-04-28 16:42:00,2016-04-28 16:58:37.570641400,3,-74.02788839143535,40.70140642099423,-74.00676343010637,40.681632801406835,N,997
demo_000316,2,2016-05-11 10:52:00,2016-05-11 11:00:30.504336089,2,-74.01102541811876,40.7393268166011,-74.00255501861758,40.7298288277178,N,510
demo_000317,1,2016-05-10 20:37:00,2016-05-10 20:44:35.052673917,6,-73.96343941019165,40.78911945611345,-73.97714248906857,40.788965011248806,N,455
demo_000318,2,2016-06-17 23:26:00,2016-06-17 23:36:06.523855693,5,-73.92121999774545,40.739029863376594,-73.92788510142253,40.72497185533214,N,606
demo_000319,2,2016-05-18 08:33:00,2016-05-18 08:45:48.848689566,3,-73.9867127055549,40.733708483664984,-73.99810706605564,40.74265715047397,N,768
demo_000320,2,2016-02-27 17:20:00,2016-02-27 17:46:59.581217009,6,-73.96006708235994,40.69425273803264,-74.02121012709114,40.70660359146796,N,1619
demo_000321,1,2016-01-20 09:26:00,2016-01-20 09:58:35.918275619,1,-74.05000157035188,40.819342664409284,-74.04785770659291,40.87800574324702,N,1955
demo_000322,1,2016-04-20 15:15:00,2016-04-20 15:26:57.414109216,4,-73.97395143885522,40.78689997744989,-73.95566551871289,40.79441110824268,N,717
demo_000323,2,2016-06-13 21:10:00,2016-06-13 21:31:19.846151434,2,-73.98769576719548,40.784946359344616,-73.98532945923824,40.73331580764561,N,1279
demo_000324,1,2016-06-24 12:40:00,2016-06-24 13:04:13.171230698,2,-73.92968475887182,40.79187038853728,-73.86776453785114,40.82327190371993,N,1453
demo_000325,2,2016-02-11 10:31:00,2016-02-11 10:43:15.627759455,3,-74.00932063142129,40.778184792654024,-74.04448030649034,40.77268028532985,N,735
demo_000326,2,2016-02-12 13:29:00,2016-02-12 13:51:18.712792540,4,-73.9958736927723,40.74944849006872,-74.01901232286359,40.80377047486802,N,1338
demo_000327,2,2016-01-07 17:37:00,2016-01-07 18:03:41.643441839,2,-73.93735334897903,40.75226825635573,-73.9326976841301,40.79198321657337,N,1601
demo_000328,2,2016-01-26 10:15:00,2016-01-26 10:25:00.516110427,4,-73.98914152065775,40.74303524723928,-73.98060968230102,40.72939302787906,N,600
demo_000329,2,2016-04-09 20:57:00,2016-04-09 21:18:47.941830817,5,-74.03489786215793,40.85021592640453,-74.10144016403385,40.86970730156905,N,1307
demo_000330,1,2016-04-08 10:11:00,2016-04-08 10:21:59.827580340,1,-73.87017650270194,40.777456921095485,-73.8490820727063,40.761420132106295,N,659
demo_000331,1,2016-03-07 18:23:00,2016-03-07 18:29:49.867710183,1,-74.03353667435016,40.741766984552704,-74.02484558496572,40.741839636865905,N,409
demo_000332,2,2016-02-25 19:00:00,2016-02-25 19:31:22.595966074,5,-73.98791150366972,40.77429238709582,-74.06209025670388,40.792543977083376,N,1882
demo_000333,2,2016-05-29 08:41:00,2016-05-29 09:00:22.237209309,3,-73.96939903297884,40.72261958787503,-73.97348385738981,40.75267059343829,N,1162
demo_000334,1,2016-03-23 19:20:00,2016-03-23 19:40:12.616181567,2,-73.9729572120936,40.81065773515063,-74.00125616536145,40.83482829253055,N,1212
demo_000335,2,2016-05-25 11:38:00,2016-05-25 11:46:41.783605349,6,-73.99353846668029,40.73486258164675,-74.00940478093128,40.7368873017084,N,521
demo_000336,1,2016-06-22 09:04:00,2016-06-22 09:46:35.092444356,3,-73.99331421667368,40.77553799014179,-74.0401477441374,40.84259043544399,N,2555
demo_000337,1,2016-02-27 02:02:00,2016-02-27 02:10:59.023198646,1,-73.99557193398296,40.795309217041016,-73.98100533022938,40.78545366606478,N,539
demo_000338,1,2016-02-06 11:49:00,2016-02-06 12:14:44.040957296,2,-74.0352170236366,40.77146689904718,-73.97355485031665,40.7280724819913,N,1544
demo_000339,1,2016-06-20 12:31:00,2016-06-20 12:46:43.730542523,4,-73.88824013535098,40.76130644971369,-73.87896431025503,40.72310956874304,N,943
demo_000340,2,2016-04-24 06:28:00,2016-04-24 06:56:12.158525722,2,-73.9948995912971,40.75837807296996,-74.07047803485882,40.79817628168326,N,1692
demo_000341,2,2016-02-22 08:45:00,2016-02-22 08:53:29.251520799,6,-73.95813810532296,40.75602456160895,-73.94814224401631,40.75395493277309,N,509
demo_000342,2,2016-04-21 22:26:00,2016-04-21 22:31:16.708763814,4,-74.00005937859567,40.73781555288754,-74.00687173632264,40.742110105335,N,316
demo_000343,1,2016-04-02 17:02:00,2016-04-02 17:21:31.164255208,1,-74.000964365256,40.742268079958066,-74.03949980397239,40.72761993520011,N,1171
demo_000344,1,2016-06-11 23:53:00,2016-06-12 00:03:54.188839716,3,-74.00549496482013,40.80978566307778,-73.99311813072144,40.7975626961367,N,654
demo_000345,2,2016-02-16 01:46:00,2016-02-16 02:00:58.284904634,3,-74.05474306045951,40.75420121785602,-74.02395129497506,40.73294962961039,N,898
demo_000346,2,2016-06-27 10:46:00,2016-06-27 10:56:39.684634877,1,-73.99222795130544,40.73049713057161,-74.0156252231717,40.743218202531516,N,639
demo_000347,1,2016-06-17 11:42:00,2016-06-17 12:01:14.624290344,1,-74.00331534444437,40.73992958410985,-74.06084599282279,40.73730032633635,N,1154
demo_000348,2,2016-02-02 12:37:00,2016-02-02 13:02:22.642367366,1,-73.93228139708668,40.796512973824406,-74.00268992547069,40.8082581190251,N,1522
demo_000349,2,2016-01-30 15:06:00,2016-01-30 15:15:31.211665812,5,-74.0388515052913,40.78164623216076,-74.0621504835668,40.79081106856433,N,571
demo_000350,1,2016-04-05 23:14:00,2016-04-05 23:23:00.329642431,2,-74.01097162298997,40.77761152123813,-74.01641424441407,40.76611279543004,N,540
demo_000351,2,2016-01-09 02:00:00,2016-01-09 02:18:17.801330570,3,-74.02542982100394,40.74898675803816,-74.04349001573125,40.70960103115498,N,1097
demo_000352,2,2016-02-23 18:48:00,2016-02-23 19:12:52.716266189,1,-73.92008613226947,40.778067686456055,-73.94400100551266,40.73633109736407,N,1492
demo_000353,1,2016-03-19 07:37:00,2016-03-19 08:21:26.791006243,6,-74.02412338001847,40.73547536062673,-74.00424689656899,40.817194953602495,N,2666
demo_000354,2,2016-06-23 11:41:00,2016-06-23 11:58:22.668408735,6,-73.95969650698733,40.7489135089029,-73.94349759537222,40.78882419190233,N,1042
demo_000355,1,2016-06-27 15:03:00,2016-06-27 15:18:53.597681393,5,-73.94134273369673,40.79194315705871,-73.93435696460013,40.82812808636477,N,953
demo_000356,1,2016-01-28 06:39:00,2016-01-28 06:53:08.637717544,2,-73.9915755310137,40.78859971876217,-73.96299845856166,40.770385334973525,N,848
demo_000357,1,2016-06-09 12:02:00,2016-06-09 12:12:27.363628589,4,-74.04695649504232,40.723633155391724,-74.06992725239016,40.72388991820333,N,627
demo_000358,1,2016-01-17 08:48:00,2016-01-17 09:10:08.699200567,3,-74.04638692364436,40.728056574148205,-74.08469649687142,40.70604177875386,N,1328
demo_000359,2,2016-05-14 17:59:00,2016-05-14 18:26:11.720096583,6,-73.94631061708418,40.76180457534847,-73.96459229568214,40.726378358778994,N,1631
demo_000360,2,2016-06-01 05:10:00,2016-06-01 05:21:17.866888107,4,-74.041726730846,40.818414633113434,-74.06242232785486,40.80251774806329,N,677
demo_000361,1,2016-06-09 08:13:00,2016-06-09 08:47:24.056975772,1,-73.9673588025023,40.69095521924359,-74.03915393346395,40.72676221325619,N,2064
demo_000362,2,2016-02-10 05:09:00,2016-02-10 05:22:55.111457352,1,-73.97985429005807,40.76774165288497,-73.99894919244221,40.79044177779192,N,835
demo_000363,1,2016-06-09 19:41:00,2016-06-09 20:04:17.714265811,5,-73.968029038206,40.70983848339494,-73.92935926877462,40.68364718735115,N,1397
demo_000364,2,2016-01-21 21:02:00,2016-01-21 21:13:07.480746611,5,-73.96377868364694,40.73579841522661,-73.93574881357532,40.72729838187236,N,667
demo_000365,2,2016-04-03 09:28:00,2016-04-03 09:43:15.990880740,5,-74.02701518529881,40.74524500536776,-74.00863375030535,40.76547133101005,N,915
demo_000366,2,2016-03-25 12:26:00,2016-03-25 12:37:31.627314787,2,-74.02889876805567,40.74328220797971,-74.02429213654237,40.72786598030965,N,691
demo_000367,2,2016-02-26 20:48:00,2016-02-26 21:03:29.427666605,5,-73.95282827896548,40.73931714211193,-73.90211683055051,40.741465970722416,N,929
demo_000368,1,2016-01-04 23:31:00,2016-01-04 23:45:23.889793496,2,-74.0133205074754,40.75825224711318,-74.05042638379578,40.769102128183924,N,863
demo_000369,1,2016-05-18 23:05:00,2016-05-18 23:14:34.366343268,4,-74.1,40.73926605516793,-74.12,40.74982118006772,N,574
demo_000370,2,2016-03-01 09:43:00,2016-03-01 10:02:15.943578600,2,-73.95580601159523,40.706813991530105,-73.91645567701613,40.71367591807774,N,1155
demo_000371,2,2016-04-29 02:22:00,2016-04-29 02:31:11.584755973,1,-74.0316317579631,40.7852954364383,-74.03066558657375,40.76764561274617,N,551
demo_000372,1,2016-03-14 20:09:00,2016-03-14 20:21:19.289244453,5,-73.96397888549426,40.784350525850215,-73.98747012624081,40.76947421198721,N,739
demo_000373,2,2016-03-08 06:12:00,2016-03-08 06:28:56.515922891,5,-73.92232301678074,40.78751110085079,-73.90300565484426,40.756902554859735,N,1016
demo_000374,2,2016-06-08 12:47:00,2016-06-08 13:05:05.916280777,5,-73.98424568942322,40.70407429263076,-73.9995920330823,40.661918204606195,N,1085
demo_000375,2,2016-01-18 00:05:00,2016-01-18 00:16:07.554215340,4,-73.94019053757513,40.76846213534045,-73.96950392991668,40.765363919314815,N,667
demo_000376,1,2016-05-12 14:11:00,2016-05-12 14:26:08.082198984,4,-73.97807910437587,40.781659259953244,-74.00836641782621,40.8036982695471,N,908
demo_000377,2,2016-05-14 10:07:00,2016-05-14 10:24:50.206705931,5,-73.91356568023365,40.72190792760462,-73.90231145259773,40.684640302962464,N,1070
demo_000378,2,2016-03-09 09:33:00,2016-03-09 09:45:32.277493615,4,-74.03279481989406,40.758321063686374,-74.02559127751199,40.76569134127773,N,752
demo_000379,2,2016-02-17 05:49:00,2016-02-17 06:07:48.681318478,6,-73.98536967411874,40.75393066741414,-73.93228353728578,40.77511571017549,N,1128
demo_000380,1,2016-01-01 22:55:00,2016-01-01 23:15:22.660188293,5,-73.95470772777314,40.82247527304989,-73.9648608514042,40.77288346129171,N,1222
demo_000381,2,2016-06-17 15:01:00,2016-06-17 15:07:46.989587697,4,-73.99356852906546,40.825357361295445,-74.00431875977338,40.81805167159177,N,406
demo_000382,2,2016-06-19 14:11:00,2016-06-19 14:33:07.906267630,4,-73.93315014515063,40.699747526233445,-73.8827629715822,40.74419520164582,N,1327
demo_000383,2,2016-02-13 08:59:00,2016-02-13 09:19:07.499296007,6,-74.00444177927798,40.84528744520048,-73.96994414151327,40.86018985267993,N,1207
demo_000384,1,2016-01-06 17:51:00,2016-01-06 18:19:16.706932834,4,-73.89187829817669,40.725967099759636,-73.886806857545,40.675464756734954,N,1696
demo_000385,1,2016-01-23 02:18:00,2016-01-23 02:36:06.524842530,1,-73.88950111230776,40.792323565301466,-73.9441365575981,40.81009873078658,N,1086
demo_000386,1,2016-01-13 04:13:00,2016-01-13 04:28:09.848371607,6,-73.97230676016977,40.791967429330235,-74.00072167754969,40.77177853588607,N,909
demo_000387,2,2016-05-29 14:24:00,2016-05-29 14:40:08.227795349,1,-73.96013294688404,40.72315084206054,-73.99702626479261,40.741816129173046,N,968
demo_000388,1,2016-06-09 13:03:00,2016-06-09 13:12:52.109298119,2,-73.9313747853969,40.77526437278437,-73.93009897320542,40.75663216508615,N,592
demo_000389,2,2016-01-28 14:11:00,2016-01-28 14:19:56.363645824,2,-74.03842388295354,40.75423631895069,-74.0562158219625,40.752804442951565,N,536
demo_000390,2,2016-05-14 09:54:00,2016-05-14 10:18:48.038618415,1,-74.044040000656,40.77740155016214,-73.98793832940652,40.76288789541094,N,1488
demo_000391,1,2016-02-02 06:26:00,2016-02-02 06:44:54.127463573,2,-73.92846114887641,40.76607353058333,-73.9834614513585,40.76615878909727,N,1134
demo_000392,1,2016-03-07 02:20:00,2016-03-07 02:34:56.070186062,2,-73.97267051872072,40.79987188198796,-74.01331740881267,40.784555317292366,N,896
demo_000393,1,2016-04-17 21:20:00,2016-04-17 21:28:51.926063049,4,-73.99519273606909,40.760638984010114,-73.98663072859829,40.754603451488144,N,531
demo_000394,1,2016-05-09 14:05:00,2016-05-09 14:21:16.679469804,6,-73.98449945137035,40.75212440757008,-73.96624918962861,40.72038307234569,N,976
demo_000395,2,2016-06-06 10:06:00,2016-06-06 10:17:15.248161711,2,-74.09237186625639,40.796362248157,-74.12,40.80961005723318,N,675
demo_000396,1,2016-01-09 01:28:00,2016-01-09 01:49:03.568434130,3,-73.99357530415057,40.778313858770055,-74.05431465972136,40.78304655940344,N,1263
demo_000397,1,2016-02-05 08:35:00,2016-02-05 09:01:45.705978840,5,-74.0188871032637,40.783613468801235,-74.02811323252361,40.73996710010042,N,1605
demo_000398,1,2016-02-20 11:47:00,2016-02-20 12:07:09.369372460,5,-73.94368677648733,40.73473946647095,-73.89622524938535,40.7615482162964,N,1209
demo_000399,1,2016-02-25 20:35:00,2016-02-25 20:57:03.648028920,6,-73.94022361497272,40.72141580265106,-73.87415198399013,40.716656027740385,N,1323
demo_000400,2,2016-06-28 15:28:00,2016-06-28 15:36:00.113230975,4,-73.95904938946416,40.73812972498616,-73.97355680161986,40.74249730968453,N,480
demo_000401,1,2016-05-19 22:23:00,2016-05-19 22:34:26.576956584,5,-73.96720436080403,40.73627125150118,-73.97317700501375,40.75691441664597,N,686
demo_000402,2,2016-02-27 16:12:00,2016-02-27 16:27:19.896657967,6,-74.05238060369241,40.78551697440285,-74.08167090519737,40.79437951494657,N,919
demo_000403,1,2016-06-23 22:17:00,2016-06-23 22:31:39.910796580,3,-73.95842106140014,40.7921594417603,-73.93625883740413,40.82361992703874,N,879
demo_000404,2,2016-03-30 21:00:00,2016-03-30 21:18:27.709752084,6,-73.95667709245144,40.75257043986637,-73.90317855699415,40.744651460766825,N,1107
demo_000405,2,2016-03-31 03:12:00,2016-03-31 03:29:21.763359291,6,-73.92896633058041,40.80808216565885,-73.8850056047721,40.836011759086986,N,1041
demo_000406,2,2016-03-19 01:34:00,2016-03-19 01:38:16.491449417,1,-73.88968055844065,40.80589642878178,-73.89069557988358,40.80921539346258,N,256
demo_000407,1,2016-01-26 21:38:00,2016-01-26 21:50:08.367042791,5,-74.06116523031072,40.766518962074024,-74.09051383999045,40.780225064535706,N,728
demo_000408,2,2016-06-17 04:29:00,2016-06-17 04:36:46.294976584,4,-74.00248145715283,40.729233787995994,-74.00219456200197,40.74013177566154,N,466
demo_000409,1,2016-01-03 12:12:00,2016-01-03 12:35:55.728907500,5,-74.01840199867209,40.81313818273025,-73.97007446401692,40.8466379015136,N,1435
demo_000410,2,2016-02-01 08:52:00,2016-02-01 09:06:06.616550218,4,-73.97723717652268,40.75586439271401,-73.99125527496481,40.77534252680011,N,846
demo_000411,1,2016-02-11 08:06:00,2016-02-11 08:37:30.751568791,2,-73.98439691638019,40.762415781875085,-74.04793693240737,40.75045625390672,N,1890
demo_000412,2,2016-02-20 06:33:00,2016-02-20 06:45:01.476077082,3,-73.9955336932886,40.74611382410377,-74.00813401715472,40.728799613915776,N,721
demo_000413,2,2016-01-24 17:28:00,2016-01-24 17:36:08.754504025,5,-73.93875780373695,40.7268573385796,-73.94852370510904,40.72551397659454,N,488
demo_000414,2,2016-01-04 05:35:00,2016-01-04 05:55:48.787172061,6,-74.03456363950313,40.70659761993897,-74.09830907514757,40.68607488102983,N,1248
demo_000415,2,2016-05-01 23:29:00,2016-05-01 23:42:50.344538489,1,-74.03185046603267,40.780150391324504,-74.02372915941272,40.75174120188869,N,830
demo_000416,2,2016-06-23 11:25:00,2016-06-23 11:48:54.526149721,2,-74.03109013719941,40.730580963113624,-74.01337997398548,40.673123546442575,N,1434
demo_000417,1,2016-01-22 22:18:00,2016-01-22 22:44:32.360999902,2,-74.00121474143417,40.865083593014894,-73.93611849991552,40.82325349855352,N,1592
demo_000418,1,2016-02-23 09:01:00,2016-02-23 09:35:15.896112577,4,-74.04028655971604,40.71998742460857,-74.08691975320555,40.77359339635858,N,2055
demo_000419,1,2016-04-01 03:20:00,2016-04-01 03:34:14.565020839,1,-73.98718571699597,40.713991613375654,-73.96161746690086,40.69626610663565,N,854
demo_000420,1,2016-06-15 22:48:00,2016-06-15 23:11:08.487352682,6,-73.99244705875839,40.775854855046475,-73.95860779346724,40.82724828314165,N,1388
demo_000421,1,2016-05-04 23:12:00,2016-05-04 23:22:33.789852649,5,-74.02039318012996,40.81152597176386,-74.00220644754722,40.822411145995055,N,633
demo_000422,2,2016-05-17 21:55:00,2016-05-17 22:07:49.153866504,6,-73.94568051856747,40.760260637993014,-73.98091857571701,40.75891717140884,N,769
demo_000423,1,2016-04-14 14:25:00,2016-04-14 14:47:38.998265934,1,-73.9876775237729,40.77802848470656,-74.02494995759889,40.73751214655239,N,1358
demo_000424,2,2016-03-16 01:35:00,2016-03-16 01:39:02.078885741,2,-73.93718086861857,40.69347584038895,-73.93377898228863,40.693601900569504,N,242
demo_000425,2,2016-02-05 23:01:00,2016-02-05 23:22:28.666039699,3,-73.9937772433042,40.73428709590079,-73.99062102520958,40.78537605760893,N,1288
demo_000426,2,2016-06-04 13:50:00,2016-06-04 14:07:50.981855300,5,-73.98608876997041,40.72042344948019,-74.00566895383241,40.76247964156864,N,1070
demo_000427,2,2016-05-24 17:49:00,2016-05-24 18:10:41.165461787,4,-74.01032520821067,40.691673395251826,-73.96511791273701,40.69907783887466,N,1301
demo_000428,1,2016-01-05 12:26:00,2016-01-05 12:40:02.576913267,3,-73.9853170943241,40.76209430819084,-73.99934339971132,40.7310802623114,N,842
demo_000429,2,2016-05-08 18:33:00,2016-05-08 19:03:55.800077759,2,-73.95294959122405,40.67950103324364,-74.01922911726822,40.653657568921915,N,1855
demo_000430,2,2016-01-16 04:33:00,2016-01-16 04:44:35.361162016,2,-74.00351004045216,40.711723141186944,-74.01135201845983,40.68870316141535,N,695
demo_000431,2,2016-05-13 00:24:00,2016-05-13 00:44:46.399817787,3,-73.96167146168594,40.739198217209534,-73.94486189449734,40.773708400248324,N,1246
demo_000432,2,2016-05-28 16:07:00,2016-05-28 16:32:00.739670503,5,-74.02157361324706,40.728904995741715,-74.00960497292492,40.77296144751665,N,1500
demo_000433,2,2016-01-24 14:10:00,2016-01-24 14:18:57.277536871,6,-73.9508427245515,40.77187429757725,-73.9391449340016,40.777163404121374,N,537
demo_000434,1,2016-03-19 02:10:00,2016-03-19 02:26:04.728841336,3,-74.01109576222903,40.76869530671659,-73.95880614672654,40.76051213495746,N,964
demo_000435,1,2016-01-23 06:36:00,2016-01-23 06:57:11.490360863,6,-73.9466744057047,40.78928295610774,-73.98569207571427,40.831098139517586,N,1271
demo_000436,2,2016-04-12 02:39:00,2016-04-12 02:54:52.760148191,2,-73.98225605559048,40.78433343064495,-73.99708584778276,40.7579119450416,N,952
demo_000437,2,2016-06-15 23:04:00,2016-06-15 23:20:26.903152444,6,-73.9165570819974,40.79792844762765,-73.86248019066703,40.79932767747286,N,986
demo_000438,1,2016-01-15 13:21:00,2016-01-15 13:44:16.510327259,1,-74.03693304768144,40.757932855999684,-74.10579029372519,40.77043293798743,N,1396
demo_000439,1,2016-03-12 13:32:00,2016-03-12 13:43:42.521937302,5,-74.05142795479904,40.768621341528586,-74.05330726045113,40.745325725134826,N,702
demo_000440,2,2016-06-24 03:52:00,2016-06-24 04:06:56.124803871,6,-74.0127297760689,40.77590297956718,-73.96971753703559,40.758733295589614,N,896
demo_000441,2,2016-02-24 04:05:00,2016-02-24 04:23:12.285392149,2,-74.04730749266155,40.762957984408686,-74.00481692387885,40.74368706977062,N,1092
demo_000442,1,2016-01-24 19:10:00,2016-01-24 19:35:09.592990340,5,-74.04722307024927,40.74409819915291,-74.02411899719965,40.782349824264585,N,1509
demo_000443,1,2016-03-28 22:40:00,2016-03-28 23:01:31.081412707,1,-73.9570302157793,40.74636451129811,-73.93303984021765,40.79805242777865,N,1291
demo_000444,2,2016-04-01 12:10:00,2016-04-01 12:24:16.457434005,6,-73.98518804570357,40.72938545605845,-74.02162385501049,40.73248485437484,N,856
demo_000445,1,2016-04-29 07:34:00,2016-04-29 07:54:40.697676551,3,-74.0065856439517,40.77275658904685,-73.95852444601417,40.76551468719669,N,1240
demo_000446,1,2016-02-26 11:20:00,2016-02-26 11:35:22.609437149,3,-74.00241331687874,40.75470946890702,-74.04441547677375,40.7385137598822,N,922
demo_000447,1,2016-06-21 00:17:00,2016-06-21 00:31:10.363333533,6,-74.01187569489468,40.734788918727716,-74.05179015057276,40.73483606919088,N,850
demo_000448,2,2016-04-03 18:49:00,2016-04-03 19:01:44.380370573,6,-73.91073338744815,40.734821431323645,-73.89715779285741,40.719965444034855,N,764
demo_000449,1,2016-02-21 13:26:00,2016-02-21 13:35:06.411503612,2,-74.01809775684394,40.715636044527606,-74.03535326419404,40.71301622798401,N,546
demo_000450,2,2016-06-21 20:25:00,2016-06-21 20:37:34.004969276,6,-74.04449602541375,40.792259446943305,-74.03726164094736,40.80341673316441,N,754
demo_000451,1,2016-06-15 11:10:00,2016-06-15 11:19:36.985171119,2,-73.94917772221311,40.760751618433616,-73.9341008744383,40.74980816897828,N,576
demo_000452,2,2016-03-30 20:23:00,2016-03-30 20:43:09.847613963,5,-73.99470900305064,40.72780199931494,-73.9324751621725,40.722683121624364,N,1209
demo_000453,2,2016-01-05 11:23:00,2016-01-05 11:33:05.878619689,5,-73.8932551840032,40.786299171236074,-73.87807482350837,40.781291900139124,N,605
demo_000454,1,2016-04-17 10:45:00,2016-04-17 10:55:12.092231422,4,-74.00867925374574,40.7383842916572,-74.03032795439128,40.72981007891959,N,612
demo_000455,1,2016-04-09 22:27:00,2016-04-09 22:36:55.500961208,4,-73.94693071191094,40.70877247805458,-73.92325363337443,40.69685338537514,N,595
demo_000456,2,2016-01-27 16:15:00,2016-01-27 16:33:43.131647919,3,-73.93630112012303,40.79374278012267,-73.96541251712591,40.814322088401966,N,1123
demo_000457,2,2016-04-24 02:46:00,2016-04-24 03:06:33.798970440,3,-74.00846011244909,40.73920160536519,-73.97649966909593,40.69139173258282,N,1233
demo_000458,2,2016-05-31 08:13:00,2016-05-31 08:39:10.237791118,4,-74.01843143455591,40.74368853184269,-74.01616945737098,40.78619408803573,N,1570
demo_000459,1,2016-01-20 01:28:00,2016-01-20 01:35:50.202195531,6,-73.95163850610811,40.759441300712226,-73.93761947254262,40.763100596218706,N,470
demo_000460,1,2016-05-10 04:45:00,2016-05-10 05:06:14.637576926,3,-73.95912986369387,40.797990622797656,-74.02145275289288,40.814461097349295,N,1274
demo_000461,2,2016-01-26 06:16:00,2016-01-26 06:38:21.235146706,4,-74.04847745453199,40.758701305180324,-74.12,40.778278405325345,N,1341
demo_000462,2,2016-05-14 18:55:00,2016-05-14 19:19:26.543229999,5,-74.03577960363371,40.71603090058492,-74.08832945176819,40.69691330326409,N,1466
demo_000463,1,2016-03-16 10:34:00,2016-03-16 10:56:21.795405525,6,-74.09913935022266,40.77703569514393,-74.03803737027322,40.75234801412709,N,1341
demo_000464,2,2016-01-02 04:07:00,2016-01-02 04:24:31.461392267,6,-73.95820759157095,40.74102535965084,-73.9983930103706,40.71315408896519,N,1051
demo_000465,1,2016-06-22 22:07:00,2016-06-22 22:17:12.828789727,3,-73.99678222369111,40.82407733900354,-73.9711513806215,40.81740650219817,N,612
demo_000466,1,2016-01-30 20:59:00,2016-01-30 21:13:46.740581237,6,-73.99229676894389,40.75796080973008,-74.01476354190577,40.776839336401956,N,886
demo_000467,1,2016-04-17 06:54:00,2016-04-17 07:03:54.651473565,3,-74.06111498439658,40.67977375757355,-74.06951603786925,40.664012182892584,N,594
demo_000468,1,2016-02-02 15:56:00,2016-02-02 16:04:58.168260990,1,-74.03441460588903,40.770507774025454,-74.03597981481646,40.78692192831027,N,538
demo_000469,1,2016-06-16 22:39:00,2016-06-16 23:09:05.315387302,1,-74.00650815106555,40.82606092272911,-73.94897590609214,40.76212704981986,N,1805
demo_000470,2,2016-05-12 21:33:00,2016-05-12 21:42:51.039675846,2,-74.01525465200665,40.81315721009909,-73.99479695842895,40.80274689564576,N,591
demo_000471,1,2016-05-24 18:50:00,2016-05-24 19:10:41.818325137,3,-73.9796973766017,40.822083400106486,-73.9662212166905,40.853596109032,N,1241
demo_000472,1,2016-03-18 18:35:00,2016-03-18 18:54:49.174087958,3,-73.95874393430157,40.72230839351165,-73.91335948917768,40.717692168707764,N,1189
demo_000473,2,2016-03-25 03:05:00,2016-03-25 03:20:03.564864509,2,-73.88286743438216,40.78992533385919,-73.90502932461382,40.767538455682704,N,903
demo_000474,1,2016-04-24 04:10:00,2016-04-24 04:24:45.472082636,2,-73.98590076635139,40.73273019110922,-73.9485087621581,40.71499542411151,N,885
demo_000475,1,2016-05-21 06:10:00,2016-05-21 06:41:20.769469154,1,-73.93480688016064,40.765850128979594,-73.90326128933008,40.68409351977675,N,1880
demo_000476,1,2016-06-01 10:57:00,2016-06-01 11:12:03.549729816,6,-74.02234877496409,40.71344666499411,-73.99120229725057,40.68612801179299,N,903
demo_000477,1,2016-01-04 05:03:00,2016-01-04 05:16:27.814529200,2,-74.06037258417389,40.735444048229105,-74.0657981687758,40.76398956528695,N,807
demo_000478,1,2016-04-29 10:35:00,2016-04-29 10:44:53.623040868,4,-74.00085357410195,40.734331365592276,-74.01615959545417,40.718601090886075,N,593
demo_000479,1,2016-01-20 15:30:00,2016-01-20 15:41:37.914412923,3,-74.05689747730435,40.78944943480499,-74.08734130488527,40.77690673703096,N,697
demo_000480,2,2016-02-21 19:51:00,2016-02-21 20:25:54.096541939,3,-73.98433970747739,40.786025169258444,-74.01259109025122,40.72306624020846,N,2094
demo_000481,2,2016-05-29 07:07:00,2016-05-29 07:35:18.000078290,2,-74.02012043560289,40.76768869052658,-74.05221589588994,40.72365607011255,N,1698
demo_000482,1,2016-02-15 02:13:00,2016-02-15 02:28:35.133836466,1,-74.07294221240396,40.71073525036807,-74.06010254074005,40.74286657819026,N,935
demo_000483,1,2016-05-23 10:14:00,2016-05-23 10:24:06.059996343,1,-73.9068788684363,40.74709261981176,-73.91487063940075,40.76375955998962,N,606
demo_000484,1,2016-03-24 08:11:00,2016-03-24 08:34:58.086394129,5,-74.00919027708974,40.73188592309701,-73.99409127017094,40.696855069248144,N,1438
demo_000485,1,2016-02-11 21:00:00,2016-02-11 21:11:43.548120949,3,-74.05869286863249,40.78843865148431,-74.04161699794464,40.77141319691184,N,703
demo_000486,1,2016-03-01 03:56:00,2016-03-01 04:08:49.823401644,6,-73.94458226942717,40.7992364698486,-73.98167373132726,40.79844881658764,N,769
demo_000487,1,2016-04-05 12:55:00,2016-04-05 13:20:23.545236537,1,-74.01778764631426,40.79497349551109,-74.05592954493808,40.762678046742856,N,1523
demo_000488,1,2016-05-17 17:26:00,2016-05-17 17:55:26.252720934,6,-73.93594252848392,40.73156732032041,-73.94394564189498,40.67745543546554,N,1766
demo_000489,2,2016-04-19 01:59:00,2016-04-19 02:08:50.049113149,1,-74.01800274506051,40.66211634071987,-74.04513197038699,40.657817660259006,N,590
demo_000490,1,2016-06-16 23:31:00,2016-06-16 23:45:18.957426768,5,-74.00934039606183,40.69615633356545,-74.04015482094525,40.71161676474412,N,858
demo_000491,2,2016-06-05 04:37:00,2016-06-05 05:00:18.396762606,6,-73.96948257307353,40.80775694423288,-73.91013352775592,40.82373709186559,N,1398
demo_000492,1,2016-05-15 14:29:00,2016-05-15 14:50:00.758805261,1,-73.95830512786831,40.74395607712381,-74.01197254488402,40.76758748653345,N,1260
demo_000493,1,2016-04-18 13:25:00,2016-04-18 13:51:27.597409245,3,-73.95041823181967,40.731724638360724,-73.87961097686494,40.68977859229267,N,1587
demo_000494,2,2016-02-22 04:10:00,2016-02-22 04:15:55.240901421,6,-73.98903835124283,40.81549311027027,-73.97892767782525,40.8170564618356,N,355
demo_000495,2,2016-03-15 06:18:00,2016-03-15 06:31:54.313101362,5,-73.96121224753004,40.802280598092096,-73.92669390762441,40.79503241125791,N,834
demo_000496,2,2016-01-22 09:37:00,2016-01-22 09:51:58.576159072,2,-73.95144671268845,40.758855705267194,-73.9210550640819,40.75650074675877,N,898
demo_000497,1,2016-03-08 08:28:00,2016-03-08 08:40:04.207269237,2,-73.97597438876448,40.747730891812765,-73.95438081756018,40.742012787704645,N,724
demo_000498,1,2016-06-15 18:21:00,2016-06-15 18:50:17.438294195,3,-73.99141961509689,40.753376457551546,-73.93325550212688,40.73554435667514,N,1757
demo_000499,1,2016-03-17 15:48:00,2016-03-17 16:19:31.935543028,3,-74.0500382726704,40.765950697943566,-74.0879228567671,40.68447035567974,N,1891
demo_000500,1,2016-01-21 11:18:00,2016-01-21 11:33:04.203546651,2,-73.9580371629449,40.81400165484619,-73.96351040616715,40.845371038401595,N,904
demo_000501,2,2016-04-27 08:20:00,2016-04-27 08:35:03.105206796,1,-73.98310218353865,40.772786359848304,-74.01295182547618,40.78169609431613,N,903
demo_000502,1,2016-06-22 06:29:00,2016-06-22 06:53:06.428055004,3,-74.00361271335578,40.78341101615637,-74.06297549694192,40.74333519189289,N,1446
demo_000503,2,2016-06-05 03:33:00,2016-06-05 03:43:26.714988764,3,-73.92750051363838,40.798924453817456,-73.95064395278791,40.81169900844826,N,626
demo_000504,1,2016-02-19 08:00:00,2016-02-19 08:28:24.605524236,2,-74.0492525134811,40.71706133996415,-73.98371334124326,40.704984110175104,N,1704
demo_000505,1,2016-03-22 16:50:00,2016-03-22 17:05:02.703460390,5,-73.91101836580857,40.78442016623659,-73.9170897002182,40.773107913693316,N,902
demo_000506,1,2016-04-05 13:59:00,2016-04-05 14:22:59.454027379,2,-73.98600229753855,40.74769009358685,-73.91657924757187,40.726942899346646,N,1439
demo_000507,2,2016-02-14 14:40:00,2016-02-14 15:03:53.775336288,6,-73.97071168196737,40.669936668147955,-73.89770773124685,40.684433790909566,N,1433
demo_000508,1,2016-02-18 08:44:00,2016-02-18 09:27:38.368736079,1,-74.00277698515386,40.6835140660305,-73.8979474224245,40.66191882959956,N,2618
demo_000509,1,2016-02-12 14:22:00,2016-02-12 14:45:28.429509944,4,-74.06001828106355,40.72236588359685,-73.9933260253951,40.6927513470724,N,1408
demo_000510,1,2016-06-28 00:35:00,2016-06-28 01:02:19.698912467,6,-73.99128244543095,40.77659281300074,-73.90874783014426,40.8071499228871,N,1639
demo_000511,2,2016-05-14 06:46:00,2016-05-14 06:53:59.635886183,2,-73.96993647918983,40.76198298478691,-73.95855561525288,40.75715318672321,N,479
demo_000512,1,2016-05-31 08:29:00,2016-05-31 08:37:41.948023219,4,-73.95456985491188,40.764452834751154,-73.94657836673285,40.76047070222136,N,521
demo_000513,2,2016-05-26 23:34:00,2016-05-26 23:48:34.472341626,5,-73.99391149392974,40.826283021894035,-73.98359211628721,40.844979553141506,N,874
demo_000514,1,2016-06-21 15:29:00,2016-06-21 15:38:47.860564058,3,-74.0836642928542,40.71358186347991,-74.08366211569283,40.69555702255706,N,587
demo_000515,2,2016-01-19 22:48:00,2016-01-19 22:58:47.689447291,4,-74.05437476050622,40.757039832603574,-74.04913655077536,40.74439969694211,N,647
demo_000516,2,2016-06-07 16:39:00,2016-06-07 16:57:14.327517469,4,-73.89265911693064,40.76865524329849,-73.86633272715028,40.77690955558101,N,1094
demo_000517,1,2016-01-12 23:32:00,2016-01-12 23:51:48.883437489,3,-74.03416411926975,40.732230440921164,-74.05046774420512,40.69061324565464,N,1188
demo_000518,1,2016-03-26 13:49:00,2016-03-26 14:05:16.828789018,3,-73.92078277437923,40.758991436077906,-73.96899962270254,40.76496111034065,N,976
demo_000519,1,2016-04-16 23:57:00,2016-04-17 00:09:53.189385051,3,-74.02703390318379,40.70200177330705,-74.01430724526875,40.68159756390916,N,773
demo_000520,2,2016-03-05 09:57:00,2016-03-05 10:14:04.005964459,1,-73.99321051593775,40.80734671760463,-74.01745868513912,40.83044447760092,N,1024
demo_000521,1,2016-01-27 07:28:00,2016-01-27 07:45:36.454851668,3,-73.956865628318,40.73414349066144,-73.97749020072949,40.748903400486384,N,1056
demo_000522,1,2016-02-04 14:44:00,2016-02-04 14:53:28.979818438,2,-74.02190875009615,40.82909900576725,-74.02690511315714,40.84029181140557,N,568
demo_000523,1,2016-05-28 10:32:00,2016-05-28 10:50:44.299253245,3,-73.91335031889083,40.756863398662894,-73.92637533157452,40.71347551515192,N,1124
demo_000524,1,2016-02-27 08:53:00,2016-02-27 09:11:02.865541912,2,-73.98159222388692,40.793981874788976,-73.94274073664883,40.791190199119285,N,1082
demo_000525,1,2016-02-25 20:38:00,2016-02-25 20:51:39.541186071,4,-73.96426171191652,40.756134399585314,-73.97009766579984,40.72434820245413,N,819
demo_000526,1,2016-06-15 04:55:00,2016-06-15 05:11:06.682722121,1,-73.99704231536086,40.75692396587088,-73.95642657803518,40.7559286404905,N,966
demo_000527,2,2016-01-26 21:31:00,2016-01-26 21:55:45.669078263,1,-73.95535758708424,40.73755897333723,-73.94814701837126,40.67504642206121,N,1485
demo_000528,1,2016-06-13 17:57:00,2016-06-13 18:24:35.711210767,2,-73.91395432670676,40.76216933752782,-73.9170528417745,40.72056686628169,N,1655
demo_000529,2,2016-06-14 18:35:00,2016-06-14 18:53:26.667690931,4,-73.99090786719304,40.769129954304496,-73.98537015017301,40.80123386174318,N,1106
demo_000530,1,2016-04-17 17:46:00,2016-04-17 18:06:22.696994971,2,-73.90716292441628,40.73055095218797,-73.95236996965701,40.74051538794014,N,1222
demo_000531,2,2016-01-30 19:05:00,2016-01-30 19:14:27.843994253,3,-74.01252181137706,40.75362344544491,-74.00068910974558,40.74407041756296,N,567
demo_000532,2,2016-01-29 01:19:00,2016-01-29 01:32:41.629607908,1,-73.95061567822917,40.736646539688,-73.92089405285815,40.71211046997548,N,821
demo_000533,2,2016-02-21 05:59:00,2016-02-21 06:17:05.880448030,3,-73.96298985486906,40.83848824243652,-73.92831008992945,40.80921338666167,N,1085
demo_000534,2,2016-04-13 22:26:00,2016-04-13 22:41:07.871125284,3,-74.0330861932707,40.7548594230531,-74.08041228625893,40.76026362844049,N,907
demo_000535,1,2016-01-28 15:36:00,2016-01-28 15:52:59.463912464,2,-73.97537856329132,40.812083125309385,-74.02854287036982,40.80280505295039,N,1019
demo_000536,2,2016-03-23 00:26:00,2016-03-23 00:43:47.540824177,1,-73.98466853279673,40.751153218421734,-74.00345718117457,40.7929126923713,N,1067
demo_000537,1,2016-01-21 18:55:00,2016-01-21 19:16:27.386455055,4,-74.02339364793245,40.767075067453725,-73.97493046540271,40.762086447013445,N,1287
demo_000538,1,2016-04-07 06:01:00,2016-04-07 06:09:54.841419149,2,-73.96888989046127,40.71175225749242,-73.96115575168596,40.71333771078302,N,534
demo_000539,1,2016-01-04 19:21:00,2016-01-04 19:46:15.757623575,3,-73.97841697042512,40.742352459284625,-74.0055313038163,40.70486286564713,N,1515
demo_000540,2,2016-05-07 15:02:00,2016-05-07 15:19:31.585105377,5,-73.98826641262882,40.76536871347763,-74.03911929397138,40.755629834397844,N,1051
demo_000541,2,2016-01-10 23:18:00,2016-01-10 23:28:18.136782568,1,-73.98808598610763,40.8135101340836,-74.0120256117635,40.818288902020434,N,618
demo_000542,2,2016-02-05 01:37:00,2016-02-05 01:47:56.210674301,5,-73.98905046165156,40.76576939721867,-74.01535475114952,40.755704183015915,N,656
demo_000543,1,2016-02-01 10:27:00,2016-02-01 10:39:51.449854936,3,-74.00154648295609,40.80643021264176,-73.96879986280351,40.79331824223525,N,771
demo_000544,1,2016-05-29 13:53:00,2016-05-29 14:06:38.638842420,4,-73.97870746572433,40.78042551885711,-73.94326841699578,40.789252078748724,N,818
demo_000545,1,2016-01-10 14:36:00,2016-01-10 14:59:02.647111138,1,-74.01397613955636,40.81495904688126,-74.05072270508305,40.85585927548341,N,1382
demo_000546,2,2016-03-18 06:24:00,2016-03-18 06:34:13.140018863,3,-73.86544357288385,40.75593352239432,-73.83908276072849,40.75984769539264,N,613
demo_000547,1,2016-04-16 09:44:00,2016-04-16 10:06:37.842318236,3,-74.04841999604594,40.841657794872816,-74.0256435045923,40.87255082452659,N,1357
demo_000548,2,2016-04-02 21:06:00,2016-04-02 21:20:56.283822302,2,-74.01131312347555,40.74101113289801,-74.05260195199224,40.75779439709102,N,896
demo_000549,2,2016-05-02 12:41:00,2016-05-02 12:55:46.172953301,4,-74.00775839470596,40.731173835803084,-74.01069204916493,40.760451376919114,N,886
demo_000550,2,2016-05-24 13:23:00,2016-05-24 13:35:43.174360663,4,-73.89317779635539,40.71564815026089,-73.88124909676988,40.69918571233053,N,763
demo_000551,2,2016-03-11 20:29:00,2016-03-11 20:35:19.454871693,3,-74.04440605924898,40.83958586350454,-74.03869281959388,40.83399882113996,N,379
demo_000552,1,2016-05-29 01:54:00,2016-05-29 02:12:42.713965400,4,-73.96583349659062,40.78668066504163,-74.02570243427891,40.781205778630984,N,1122
demo_000553,2,2016-02-27 05:43:00,2016-02-27 05:53:01.889302470,3,-73.9738222670729,40.746305774331695,-73.96923088116482,40.76105525971892,N,601
demo_000554,1,2016-06-26 04:42:00,2016-06-26 04:58:17.172864884,5,-73.96998789628964,40.801715794390574,-73.94771862508954,40.8231109405903,N,977
demo_000555,1,2016-03-31 19:33:00,2016-03-31 19:58:42.550713437,2,-73.9293645576825,40.78206922647912,-73.87407876177214,40.785445743639144,N,1542
demo_000556,2,2016-05-12 11:34:00,2016-05-12 11:51:29.523431259,5,-73.93028767881138,40.826814461498145,-73.95369537081653,40.850485539087295,N,1049
demo_000557,2,2016-06-06 12:01:00,2016-06-06 12:12:04.117139311,3,-74.0052930571934,40.70382585085411,-74.02438391767191,40.68861590097561,N,664
demo_000558,2,2016-05-22 16:15:00,2016-05-22 16:30:48.716455963,4,-73.97626921477277,40.748712396209,-73.98357955157832,40.77261759013728,N,948
demo_000559,1,2016-06-02 04:53:00,2016-06-02 05:05:24.087378643,1,-74.06888459144685,40.741811751562004,-74.05869203420076,40.76923860650102,N,744
demo_000560,1,2016-04-06 13:44:00,2016-04-06 13:53:37.833894216,1,-73.98054081461652,40.6889211063257,-73.97714519274972,40.707213507665664,N,577
demo_000561,2,2016-01-08 19:48:00,2016-01-08 19:59:49.118440482,6,-74.02072952425243,40.79511145216729,-73.99957874467358,40.798734036321285,N,709
demo_000562,2,2016-03-29 18:07:00,2016-03-29 18:28:06.258148276,1,-73.99338720916822,40.74853612054689,-74.03276873814575,40.76779585052182,N,1266
demo_000563,1,2016-02-02 16:04:00,2016-02-02 16:21:37.011623548,4,-74.06084173391675,40.78388709217453,-74.04695185479137,40.75974897161309,N,1057
demo_000564,1,2016-06-09 00:59:00,2016-06-09 01:09:20.991980695,3,-73.96678074709764,40.84059201770154,-73.99275828540554,40.84594779883926,N,620
demo_000565,1,2016-02-12 14:44:00,2016-02-12 14:50:36.030076194,4,-74.0613455913009,40.74563647078604,-74.06636227787286,40.753750253660314,N,396
demo_000566,1,2016-02-11 01:15:00,2016-02-11 01:42:27.854914870,1,-73.97832719269438,40.743259645607004,-73.91854671574042,40.707362722701916,N,1647
demo_000567,1,2016-02-14 21:21:00,2016-02-14 21:36:39.965001750,2,-74.04019275168602,40.76215324594034,-74.08913124999283,40.77496702076971,N,939
demo_000568,2,2016-04-25 15:53:00,2016-04-25 16:07:09.960235592,3,-74.02323384658112,40.792553657354425,-74.0330152079765,40.75883555176102,N,849
demo_000569,1,2016-04-12 19:43:00,2016-04-12 20:03:23.031619920,6,-73.93303705538547,40.73816504411415,-73.97764965741634,40.72661125007059,N,1223
demo_000570,1,2016-06-19 18:59:00,2016-06-19 19:03:40.603271448,3,-73.95854369243389,40.73591634410038,-73.95318631332458,40.73698989000084,N,280
demo_000571,2,2016-03-15 22:15:00,2016-03-15 22:29:03.096436659,4,-73.93328585880482,40.79500162445845,-73.89659770676617,40.775271742073365,N,843
demo_000572,1,2016-02-20 19:26:00,2016-02-20 19:32:05.285017119,4,-73.91481227903743,40.77125237633433,-73.90887434987789,40.77348133537708,N,365
demo_000573,1,2016-01-09 20:46:00,2016-01-09 20:51:40.405803229,3,-74.01977774182129,40.68643451079483,-74.02386279668804,40.68823154953661,N,340
demo_000574,2,2016-01-02 06:34:00,2016-01-02 06:51:28.962160543,5,-73.91754627519016,40.71511128701859,-73.87105219367334,40.6929663827559,N,1048
demo_000575,2,2016-03-08 06:00:00,2016-03-08 06:10:27.016622938,5,-74.05094775452805,40.81054325523395,-74.03938016931103,40.82587856562221,N,627
demo_000576,1,2016-06-15 15:31:00,2016-06-15 15:46:11.984047335,3,-73.95142548494547,40.77206748990776,-73.92274067297456,40.751435264318495,N,911
demo_000577,1,2016-04-04 06:36:00,2016-04-04 07:01:50.205305904,2,-74.007200197157,40.7313231424137,-73.98216618861743,40.79309845053154,N,1550
demo_000578,1,2016-06-09 20:07:00,2016-06-09 20:35:03.424794888,2,-74.02686350641876,40.75203566199678,-74.12,40.749079733766855,N,1683
demo_000579,1,2016-01-19 07:13:00,2016-01-19 07:32:00.074531263,6,-73.9573488559713,40.75846328354806,-73.96003226416803,40.72683834163333,N,1140
demo_000580,2,2016-01-17 19:08:00,2016-01-17 19:30:19.580742814,1,-73.94247718136738,40.78375066760981,-73.98020978777822,40.757173439922035,N,1339
demo_000581,2,2016-05-30 00:32:00,2016-05-30 00:47:17.330894223,2,-73.9438129226009,40.71046078117995,-73.97283901389639,40.741445453726804,N,917
demo_000582,2,2016-01-20 05:07:00,2016-01-20 05:25:50.458298058,2,-73.97533130499973,40.72856678014654,-73.92372079124334,40.71751968560414,N,1130
demo_000583,2,2016-01-10 08:28:00,2016-01-10 08:50:36.188598636,5,-73.97906192144018,40.76755345142022,-73.99218011552647,40.73073182860881,N,1356
demo_000584,2,2016-03-13 17:40:00,2016-03-13 18:10:59.582812262,5,-73.96129100364351,40.75450578968266,-73.8950511167903,40.77755603385511,N,1859
demo_000585,2,2016-06-15 11:19:00,2016-06-15 11:34:51.529689099,6,-73.97133061660172,40.77801507139229,-74.02059971131119,40.76679457642228,N,951
demo_000586,1,2016-05-04 02:08:00,2016-05-04 02:22:28.766487960,5,-73.96063898721863,40.71496724109242,-73.99856746452834,40.73260956789264,N,868
demo_000587,2,2016-01-18 20:10:00,2016-01-18 20:24:28.430268259,3,-73.97582002425001,40.7704995036695,-73.9491377511167,40.79575978636221,N,868
demo_000588,1,2016-05-30 16:24:00,2016-05-30 16:32:41.350094081,1,-73.94707472789722,40.79620542667821,-73.95902273108877,40.803615942226045,N,521
demo_000589,2,2016-05-31 20:14:00,2016-05-31 20:40:00.663117161,6,-74.05822435129477,40.775038649150225,-74.04746789451373,40.83972814883373,N,1560
demo_000590,1,2016-05-24 03:00:00,2016-05-24 03:19:44.816475195,5,-73.99090730637889,40.76286891089166,-73.99483804530183,40.71630086358247,N,1184
demo_000591,1,2016-06-11 11:27:00,2016-06-11 11:38:35.364630981,1,-74.04727309222305,40.75464407391019,-74.05226326055187,40.73255942187785,N,695
demo_000592,1,2016-02-13 04:16:00,2016-02-13 04:24:49.829345391,6,-73.97254840920777,40.728780209653,-73.9831966716134,40.7218695595287,N,529
demo_000593,2,2016-06-25 07:44:00,2016-06-25 08:17:47.138935386,4,-73.91111314208658,40.75548004926461,-73.90483087447231,40.81653173453703,N,2027
demo_000594,1,2016-02-27 17:24:00,2016-02-27 17:54:59.534802495,4,-74.00633381518762,40.802089704850815,-73.98387647512413,40.85063577154357,N,1859
demo_000595,2,2016-05-24 08:45:00,2016-05-24 09:15:53.638799696,3,-73.97927365863663,40.753834002268995,-73.92276888335259,40.78862865568863,N,1853
demo_000596,2,2016-04-14 06:51:00,2016-04-14 07:01:45.505171687,2,-73.95095809782852,40.726856860372806,-73.95804603656552,40.70541551397267,N,645
demo_000597,2,2016-05-20 07:20:00,2016-05-20 07:34:08.560656974,3,-74.0780475319295,40.740771351893216,-74.09182487227676,40.722478453919415,N,848
demo_000598,1,2016-04-23 00:10:00,2016-04-23 00:21:19.978317700,1,-74.00849497169649,40.76502976040466,-74.02678112617257,40.74265863945587,N,679
demo_000599,2,2016-04-25 15:31:00,2016-04-25 15:50:13.503931625,3,-73.96859679533272,40.74492701009867,-73.91715436040658,40.72377448412157,N,1153
demo_000600,2,2016-04-20 22:20:00,2016-04-20 22:38:01.095979128,1,-74.1,40.774985614907216,-74.075838628601,40.81528863930367,N,1081
demo_000601,1,2016-05-20 05:15:00,2016-05-20 05:36:04.221717129,4,-74.02895638218837,40.77629953162622,-74.0954225521137,40.769717819294534,N,1264
demo_000602,1,2016-05-13 00:39:00,2016-05-13 00:59:33.302279835,2,-73.93546139119785,40.789114411314166,-74.00347061579572,40.78610396086878,N,1233
demo_000603,2,2016-01-25 05:15:00,2016-01-25 05:28:10.180124131,4,-73.93986513947972,40.80782458152928,-73.96891716526216,40.82873302477621,N,790
demo_000604,1,2016-05-28 16:33:00,2016-05-28 17:01:51.099767123,3,-73.96815567976834,40.79285505535304,-73.96010058922644,40.74793980005412,N,1731
demo_000605,2,2016-04-06 11:48:00,2016-04-06 11:51:55.867179900,2,-73.94530110620255,40.72530163275482,-73.9464725610752,40.726723069929086,N,235
demo_000606,2,2016-02-28 03:43:00,2016-02-28 03:57:05.997075009,1,-73.97532030945104,40.726376294369835,-73.95730306013651,40.696760757695664,N,845
demo_000607,2,2016-04-02 13:26:00,2016-04-02 13:34:05.514618300,3,-73.9600072291651,40.755347998323906,-73.96614774964152,40.74739879546883,N,485
demo_000608,1,2016-06-23 01:22:00,2016-06-23 01:39:04.828296006,1,-73.99920441689783,40.742208862496625,-73.95029475989956,40.726375503759726,N,1024
demo_000609,2,2016-06-03 08:42:00,2016-06-03 08:58:10.793131377,2,-73.97978842926851,40.71815856455637,-73.95276453101143,40.70093308441353,N,970
demo_000610,2,2016-05-30 01:34:00,2016-05-30 01:41:12.973198057,3,-74.01345666738871,40.74254078720395,-74.01074148613966,40.74863149598502,N,432
demo_000611,1,2016-03-24 07:17:00,2016-03-24 07:35:51.129785011,4,-73.92814324951179,40.74139204732334,-73.88805636944309,40.747364809187935,N,1131
demo_000612,2,2016-05-21 03:28:00,2016-05-21 03:47:59.642835685,3,-73.9165298265724,40.73448532910836,-73.97424154442344,40.72855017319904,N,1199
demo_000613,2,2016-03-10 07:35:00,2016-03-10 07:46:16.571150237,1,-73.92290392396863,40.746947367984575,-73.92588153891191,40.756955845245336,N,676
demo_000614,2,2016-05-03 12:14:00,2016-05-03 12:25:33.271248285,5,-74.0033648942755,40.799245779761144,-73.99855196356103,40.7757931871581,N,693
demo_000615,2,2016-04-25 02:54:00,2016-04-25 03:07:02.249003254,3,-74.02791983177143,40.76497333144373,-74.00684855427309,40.78337614990779,N,782
demo_000616,1,2016-02-14 23:07:00,2016-02-14 23:28:42.164670558,4,-73.92753618526625,40.84451331766194,-73.98756699536526,40.83894594406369,N,1302
demo_000617,1,2016-02-17 23:07:00,2016-02-17 23:19:05.645173113,6,-73.96052417588339,40.76396778651069,-73.969638417624,40.750908870332964,N,725
demo_000618,2,2016-01-12 00:05:00,2016-01-12 00:16:26.138184168,1,-73.97021370463143,40.7478476979122,-73.95619757675915,40.72638920999622,N,686
demo_000619,2,2016-01-26 03:47:00,2016-01-26 03:57:20.155628064,6,-74.01351344382253,40.75814465089292,-73.99681276939863,40.75162691946032,N,620
demo_000620,2,2016-03-19 01:13:00,2016-03-19 01:35:28.835359399,6,-73.96584512843134,40.766977219245526,-73.92433058398045,40.817484479180365,N,1348
demo_000621,2,2016-03-27 00:25:00,2016-03-27 00:36:05.940416898,4,-74.03383751268478,40.77323388850099,-74.00718482605055,40.77152441670822,N,665
demo_000622,1,2016-01-30 17:19:00,2016-01-30 17:36:49.805249228,1,-73.95646719397644,40.83068489640507,-73.95859680570446,40.799786000929195,N,1069
demo_000623,2,2016-03-16 00:57:00,2016-03-16 01:10:50.045853339,2,-73.92295009851772,40.728413783725784,-73.89932601730452,40.75322189852898,N,830
demo_000624,2,2016-04-18 18:02:00,2016-04-18 18:17:12.408326733,2,-73.91160295052414,40.788066612036225,-73.91865067776855,40.77532454426985,N,912
demo_000625,2,2016-02-11 20:42:00,2016-02-11 20:50:13.010842734,4,-73.95311641756506,40.7652712709165,-73.94797932921836,40.77293276403402,N,493
demo_000626,2,2016-03-01 21:11:00,2016-03-01 21:22:50.100359114,5,-74.04719096973295,40.70301157901003,-74.0193728874778,40.68665874414852,N,710
demo_000627,1,2016-03-07 03:39:00,2016-03-07 03:53:37.998330407,3,-73.97612014410743,40.784974457373316,-73.977705671869,40.81955533690918,N,877
demo_000628,2,2016-03-31 21:49:00,2016-03-31 22:01:00.579410243,3,-73.8887143215174,40.80236682462814,-73.87604468273378,40.7864163111987,N,720
demo_000629,1,2016-03-06 22:48:00,2016-03-06 23:08:53.990579607,1,-74.0240875215699,40.72799882586779,-73.99044171464381,40.765740991289384,N,1253
demo_000630,2,2016-05-12 15:36:00,2016-05-12 15:53:11.438433001,6,-73.98766317078096,40.75768731462379,-73.9627374006551,40.72935727884151,N,1031
demo_000631,1,2016-02-28 22:46:00,2016-02-28 23:01:32.725696422,6,-73.92139140416896,40.697612600829736,-73.87821988921311,40.689704128415414,N,932
demo_000632,1,2016-03-19 02:26:00,2016-03-19 02:55:26.071116699,1,-73.95722897350669,40.71394177391105,-73.87573328307833,40.751741660130534,N,1766
demo_000633,2,2016-03-09 07:17:00,2016-03-09 07:29:54.787322163,2,-73.87339296539817,40.794681035216605,-73.84879049333067,40.7992217392857,N,774
demo_000634,1,2016-02-02 22:11:00,2016-02-02 22:35:28.645318285,6,-74.01797912224528,40.741675422289745,-74.03412436154444,40.8030050027185,N,1468
demo_000635,2,2016-05-03 10:24:00,2016-05-03 10:33:23.932207454,3,-74.02953901035833,40.719191895877174,-74.01162520368464,40.711925103747745,N,563
demo_000636,1,2016-02-12 09:07:00,2016-02-12 09:17:08.923847825,4,-73.92991435538741,40.766031112756046,-73.91350571081024,40.772971269785984,N,608
demo_000637,2,2016-02-23 10:30:00,2016-02-23 10:51:09.617194526,4,-74.03881453827222,40.73971556489992,-74.01734166399936,40.79115459524524,N,1269
demo_000638,2,2016-05-22 16:41:00,2016-05-22 17:13:11.746930624,4,-73.99385455949678,40.74152124197786,-73.94152899084348,40.70064531512582,N,1931
demo_000639,2,2016-06-19 19:03:00,2016-06-19 19:38:10.776965841,6,-73.98795409451868,40.78387641089862,-74.04689799733312,40.73965716000272,N,2110
demo_000640,2,2016-04-30 18:02:00,2016-04-30 18:27:05.466987820,3,-73.93838047369763,40.7173393324373,-73.88539614400109,40.69586061165264,N,1505
demo_000641,2,2016-06-13 22:37:00,2016-06-13 22:58:21.227112415,5,-73.95735794143886,40.72631221755614,-73.89259335105682,40.74827328017192,N,1281
demo_000642,1,2016-06-02 18:06:00,2016-06-02 18:32:43.096808376,3,-73.96443207886205,40.76339279972521,-73.9445496056476,40.719926817775246,N,1603
demo_000643,2,2016-03-27 13:31:00,2016-03-27 13:42:57.549773398,2,-74.00310938950557,40.79192934267619,-73.98238466166276,40.80804966720336,N,717
demo_000644,2,2016-05-18 15:39:00,2016-05-18 15:48:32.803079703,1,-73.93032481914132,40.801335610552144,-73.9387823873954,40.81555669130334,N,572
demo_000645,2,2016-02-29 02:31:00,2016-02-29 02:52:21.285784643,5,-73.80383791807728,40.734722839787345,-73.80361657843369,40.789111376083795,N,1281
demo_000646,1,2016-03-23 21:20:00,2016-03-23 21:40:20.212874978,4,-73.95389230554846,40.79080819384219,-73.92946397997828,40.81903628683102,N,1220
demo_000647,1,2016-04-06 09:04:00,2016-04-06 09:16:55.555411644,6,-73.98051475066039,40.73055501972854,-73.95834041691343,40.74038437614098,N,775
demo_000648,1,2016-06-21 21:19:00,2016-06-21 21:37:25.821875961,2,-74.04340383369464,40.82191732714174,-74.01817899314452,40.85861391639087,N,1105
demo_000649,1,2016-06-01 17:46:00,2016-06-01 17:59:40.866988413,5,-74.01368666521927,40.71831801411031,-73.99175326521315,40.73286842052041,N,820
demo_000650,2,2016-03-29 01:34:00,2016-03-29 01:46:55.169088606,1,-73.99461696052762,40.80449675837772,-73.96317331143264,40.79207486690278,N,775
demo_000651,1,2016-04-27 11:10:00,2016-04-27 11:25:36.521517338,1,-74.00905701081201,40.73502298626135,-73.98152430736252,40.70411863028103,N,936
demo_000652,1,2016-02-06 10:10:00,2016-02-06 10:23:55.255399875,4,-73.98572350255371,40.82846362591781,-74.02157570583782,40.8130907546181,N,835
demo_000653,1,2016-05-24 18:58:00,2016-05-24 19:12:59.686034419,4,-73.90498927654367,40.77869622550984,-73.8758598950209,40.777614230897065,N,899
demo_000654,2,2016-04-09 13:07:00,2016-04-09 13:29:40.556465717,4,-73.92887748871838,40.72243942147072,-73.86382695714381,40.727164918415156,N,1360
demo_000655,2,2016-04-05 21:21:00,2016-04-05 21:43:38.916390853,6,-73.99214747224107,40.739721653216016,-73.99307940855951,40.682071372067675,N,1358
demo_000656,2,2016-05-17 22:20:00,2016-05-17 22:37:41.085593940,6,-74.03937259750997,40.78534134218283,-73.98689079933058,40.77941321313988,N,1061
demo_000657,1,2016-04-23 22:12:00,2016-04-23 22:24:43.835278448,2,-73.92481845606939,40.794842554616544,-73.9569237915663,40.79561426239438,N,763
demo_000658,1,2016-01-14 01:03:00,2016-01-14 01:12:58.627010425,2,-73.98720744230576,40.75552495428965,-73.98824913399213,40.770308465301405,N,598
demo_000659,1,2016-02-21 20:49:00,2016-02-21 21:07:25.615003011,4,-74.06269251915211,40.75956303983372,-74.08513305446546,40.803486663661396,N,1105
demo_000660,1,2016-02-01 19:25:00,2016-02-01 19:48:02.768140225,6,-73.95294064466782,40.784542356142545,-73.90466790083299,40.78955500159957,N,1382
demo_000661,1,2016-05-12 06:44:00,2016-05-12 07:05:16.414996189,5,-73.93884409920949,40.76261294494538,-73.88142741980518,40.73805474728669,N,1276
demo_000662,2,2016-01-07 07:50:00,2016-01-07 08:17:59.800411285,1,-74.09416587822206,40.71272732992316,-74.09763774242512,40.66363918656592,N,1679
demo_000663,1,2016-02-06 10:23:00,2016-02-06 10:38:23.491585063,4,-74.02210495889598,40.7295459091376,-73.98111780560282,40.748095205006635,N,923
demo_000664,1,2016-04-17 12:57:00,2016-04-17 13:17:59.828248404,3,-73.98997043050885,40.76622919801031,-73.93219849853223,40.742763839304416,N,1259
demo_000665,1,2016-05-05 01:31:00,2016-05-05 01:46:45.944351602,1,-73.95194700899111,40.80054188457742,-73.95309916901977,40.82394648296078,N,945
demo_000666,1,2016-03-31 14:16:00,2016-03-31 14:34:33.032361213,5,-74.0082085963081,40.81455938484567,-74.0036672898952,40.85228972895406,N,1113
demo_000667,2,2016-06-03 22:18:00,2016-06-03 22:36:57.804381496,2,-74.02244638558882,40.785283529727,-73.99676984765188,40.74359351104557,N,1137
demo_000668,2,2016-06-14 09:49:00,2016-06-14 10:06:15.180498282,5,-73.95227738376438,40.768055176636274,-73.9817662131176,40.783010275722766,N,1035
demo_000669,2,2016-01-24 18:41:00,2016-01-24 19:02:13.153069827,4,-74.00607450679914,40.78420848600939,-74.00222109096663,40.81910929108855,N,1273
demo_000670,2,2016-06-20 10:50:00,2016-06-20 11:14:47.258817289,3,-73.9606075407253,40.734663720242764,-73.88560999200824,40.76217778202533,N,1487
demo_000671,2,2016-04-20 14:07:00,2016-04-20 14:29:19.893096286,2,-74.03501820447386,40.75263691639096,-74.05251867768261,40.69603467159438,N,1339
demo_000672,1,2016-04-24 12:28:00,2016-04-24 12:42:24.907144043,2,-74.04585498586563,40.729155424753124,-74.0159710674409,40.70610681954369,N,864
demo_000673,1,2016-01-18 02:48:00,2016-01-18 03:05:10.194558104,3,-73.95101288790933,40.71429400862523,-73.93267973229453,40.67972913496997,N,1030
demo_000674,1,2016-04-21 22:29:00,2016-04-21 22:37:33.896619716,5,-73.97363660403572,40.76967421540727,-73.97936841084032,40.783807979796244,N,513
demo_000675,1,2016-05-10 15:05:00,2016-05-10 15:13:10.764954477,3,-73.94348949200437,40.76449296573047,-73.93573156375254,40.77565278456458,N,490
demo_000676,2,2016-04-14 13:01:00,2016-04-14 13:36:00.091877576,1,-74.00896668504146,40.782067836957815,-73.94762498768257,40.70922475625342,N,2100
demo_000677,2,2016-01-16 05:00:00,2016-01-16 05:09:34.155035579,1,-74.0207797386116,40.77711391408124,-74.00140383848132,40.76899146030539,N,574
demo_000678,2,2016-04-04 04:20:00,2016-04-04 04:33:36.076472160,2,-73.92376765006065,40.76649254949634,-73.89892399824652,40.78811198491555,N,816
demo_000679,1,2016-06-17 11:15:00,2016-06-17 11:33:23.750580143,4,-74.05353314437976,40.777481583298716,-73.99750296401095,40.78147693506177,N,1103
demo_000680,1,2016-05-10 05:09:00,2016-05-10 05:15:25.895533326,2,-73.92868426808687,40.75650609163204,-73.9388136333818,40.76045529845854,N,385
demo_000681,1,2016-01-25 17:36:00,2016-01-25 17:55:31.609344462,6,-73.9255772881633,40.77245119883278,-73.96221931000763,40.76259636929138,N,1171
demo_000682,1,2016-06-21 18:56:00,2016-06-21 19:25:27.616832168,2,-73.94629597185802,40.73258494590598,-73.88440381315236,40.70399354049696,N,1767
demo_000683,2,2016-06-21 14:21:00,2016-06-21 14:25:46.176808710,3,-74.01595133826547,40.770939707397375,-74.01117307587383,40.77047920015233,N,286
demo_000684,2,2016-01-31 11:47:00,2016-01-31 11:59:14.046482598,3,-74.02174357265264,40.78139461898501,-73.99046754289742,40.78280114216836,N,734
demo_000685,2,2016-05-24 03:49:00,2016-05-24 04:01:24.296320126,2,-73.99445250978492,40.73456115001748,-74.0211340312816,40.75117302206647,N,744
demo_000686,2,2016-03-14 05:01:00,2016-03-14 05:15:01.923278073,6,-74.04327678545741,40.75981412346475,-74.02967836477379,40.77861962142073,N,841
demo_000687,2,2016-04-16 20:42:00,2016-04-16 20:55:46.666873011,2,-74.02827622994391,40.736173912162975,-74.06666887741407,40.738492170480384,N,826
demo_000688,1,2016-03-21 03:12:00,2016-03-21 03:25:54.014803789,1,-73.95598695688209,40.73957226562194,-73.9537560624916,40.76913479146573,N,834
demo_000689,1,2016-05-20 20:56:00,2016-05-20 21:05:50.707020389,4,-73.95577928985992,40.71862747257143,-73.97845660134116,40.70850450653176,N,590
demo_000690,2,2016-06-28 09:34:00,2016-06-28 09:59:33.086035063,4,-74.03223086719407,40.80230212238083,-74.06294876891602,40.76331345899408,N,1533
demo_000691,2,2016-05-23 02:53:00,2016-05-23 03:03:20.430835820,3,-73.95457451291149,40.7952989811152,-73.9651838063393,40.8081794301895,N,620
demo_000692,1,2016-06-16 15:31:00,2016-06-16 15:54:39.181641016,3,-73.96455635124171,40.77681018489796,-74.0448250237456,40.78022243286647,N,1419
demo_000693,1,2016-06-19 06:50:00,2016-06-19 07:03:58.737585900,6,-73.91705511854403,40.827026858318035,-73.95765170386625,40.840444009241395,N,838
demo_000694,2,2016-01-17 05:15:00,2016-01-17 05:32:10.944005867,3,-73.95938886011596,40.75137640062011,-73.93200436464686,40.71723621421647,N,1030
demo_000695,2,2016-02-15 14:36:00,2016-02-15 14:56:31.080201139,4,-73.93736385258195,40.86411168452887,-73.92519552894778,40.91246317892137,N,1231
demo_000696,2,2016-05-09 22:25:00,2016-05-09 22:40:02.403919495,6,-73.96353150840814,40.75003647046229,-74.00112805155183,40.76922003563121,N,902
demo_000697,2,2016-04-16 05:07:00,2016-04-16 05:18:45.466562109,3,-73.94090319006362,40.76693176731146,-73.92172761513234,40.759155851254484,N,705
demo_000698,1,2016-01-10 00:37:00,2016-01-10 00:56:59.203559671,4,-74.04292027204555,40.744077773012094,-74.07365772957087,40.71882053807105,N,1199
demo_000699,2,2016-01-18 02:36:00,2016-01-18 02:51:55.223800236,3,-73.99047850056999,40.77103139460211,-73.96520976510553,40.80011453668378,N,955
demo_000700,1,2016-04-03 16:45:00,2016-04-03 17:03:05.531665250,4,-73.98675422457023,40.787246522476025,-73.9908015921414,40.7574987383603,N,1085
demo_000701,1,2016-04-20 21:50:00,2016-04-20 22:15:18.074006890,4,-73.99596874761208,40.75401292624314,-74.00734805787582,40.81506977651253,N,1518
demo_000702,2,2016-01-31 04:32:00,2016-01-31 04:43:51.866169174,6,-73.96502510163575,40.82018519464912,-73.96821232846621,40.80362866127184,N,711
demo_000703,2,2016-01-31 19:58:00,2016-01-31 20:40:58.853660311,2,-73.95645291554769,40.76637022496217,-73.86686941956438,40.81282386575653,N,2578
demo_000704,1,2016-01-24 06:44:00,2016-01-24 06:56:04.868610946,1,-73.9673484315318,40.76746698851386,-73.99390648471508,40.7624861963169,N,724
demo_000705,2,2016-04-11 16:35:00,2016-04-11 16:59:36.793112523,3,-73.99296247465496,40.72618508069202,-73.98503292133563,40.76886524183017,N,1476
demo_000706,2,2016-01-02 09:55:00,2016-01-02 10:14:35.184201843,4,-74.01810785359304,40.77264746760927,-73.9907599487608,40.752806017924954,N,1175
demo_000707,2,2016-04-13 00:53:00,2016-04-13 01:04:42.044783554,2,-73.93562662666297,40.75330904727168,-73.96931107638108,40.75381762949244,N,702
demo_000708,1,2016-03-26 16:00:00,2016-03-26 16:29:27.116778866,6,-73.96926202325238,40.7367116094732,-74.02506104756159,40.758439841387805,N,1767
demo_000709,2,2016-03-24 21:03:00,2016-03-24 21:15:20.710455814,4,-74.03083762362797,40.73082339571481,-74.05187605863165,40.7486994784056,N,740
demo_000710,1,2016-05-02 06:28:00,2016-05-02 06:44:42.839565462,5,-73.99371593937423,40.85151171829148,-73.96713472733542,40.881232287800245,N,1002
demo_000711,2,2016-04-04 01:46:00,2016-04-04 01:54:26.042371213,4,-74.06344848549683,40.748778296243735,-74.07541860630732,40.73561654914409,N,506
demo_000712,1,2016-05-10 23:52:00,2016-05-10 23:57:16.410420002,3,-73.98340832235436,40.70700551027266,-73.991497029952,40.7092953363396,N,316
demo_000713,1,2016-05-17 12:08:00,2016-05-17 12:26:18.900221747,6,-73.99392709741694,40.733562248909365,-73.96205015962173,40.76726874046131,N,1098
demo_000714,2,2016-06-14 14:54:00,2016-06-14 15:08:20.438620801,1,-74.01085101276598,40.75619512561833,-74.0390730205483,40.73715322707192,N,860
demo_000715,2,2016-05-23 20:44:00,2016-05-23 20:52:59.938143765,2,-73.91369299145884,40.77713334614158,-73.91679942734896,40.79259195479178,N,539
demo_000716,2,2016-04-03 04:29:00,2016-04-03 04:47:28.830265891,5,-74.0370269353794,40.77741787826039,-74.0900113718255,40.77150055178639,N,1108
demo_000717,1,2016-03-29 14:06:00,2016-03-29 14:12:29.407831034,6,-73.95321231717429,40.78168150931218,-73.94198715004889,40.787240110189906,N,389
demo_000718,1,2016-02-12 10:15:00,2016-02-12 10:20:06.225887868,2,-73.88659813275807,40.7354298892677,-73.87856538514818,40.73771274511089,N,306
demo_000719,2,2016-04-17 22:14:00,2016-04-17 22:28:11.696985289,4,-73.93652294433275,40.769915415522554,-73.9086791738969,40.74863177045136,N,851
demo_000720,2,2016-01-26 01:03:00,2016-01-26 01:16:27.500176113,3,-73.9864192451944,40.727337918756135,-74.0265032098029,40.72029920256883,N,807
demo_000721,2,2016-06-16 14:56:00,2016-06-16 15:00:57.635040399,5,-74.03603308877405,40.73631249559451,-74.04274915410109,40.74022566640058,N,297
demo_000722,1,2016-06-01 02:35:00,2016-06-01 02:49:34.493418809,3,-74.0462927979463,40.72588018589249,-74.09103926056233,40.723106637927266,N,874
demo_000723,2,2016-01-22 13:14:00,2016-01-22 13:33:03.743818558,4,-74.00351982627309,40.71640639008906,-74.01213356028855,40.75887026073351,N,1143
demo_000724,2,2016-05-21 11:19:00,2016-05-21 11:39:15.593517296,5,-74.01591503302612,40.79524733211003,-73.96405245038568,40.822516132144074,N,1215
demo_000725,2,2016-01-22 01:53:00,2016-01-22 02:03:10.345657429,5,-74.01737961090312,40.78210140953426,-74.0286059573622,40.78993088299359,N,610
demo_000726,2,2016-05-09 19:41:00,2016-05-09 20:05:27.769798179,1,-73.9996841054962,40.792183287949236,-74.04749129934477,40.77157834101581,N,1467
demo_000727,1,2016-01-16 18:54:00,2016-01-16 19:10:53.962430744,4,-73.98960111917985,40.75937595731085,-74.01339689345397,40.737127333829605,N,1013
demo_000728,2,2016-03-28 20:59:00,2016-03-28 21:26:35.780371390,2,-73.96316546235596,40.785188269460285,-74.01954877652557,40.83848116741286,N,1655
demo_000729,1,2016-04-28 09:58:00,2016-04-28 10:22:30.831334595,1,-74.0407008298758,40.69635487083752,-74.08605288063406,40.66908796406357,N,1470
demo_000730,1,2016-05-11 04:27:00,2016-05-11 04:36:46.732907599,5,-74.01570097082599,40.78820806313159,-73.99221642766365,40.791282272821654,N,586
demo_000731,2,2016-03-16 08:23:00,2016-03-16 08:45:27.424020798,3,-73.99218524372701,40.76419919405018,-74.04280515703468,40.77394480933759,N,1347
demo_000732,1,2016-06-14 21:24:00,2016-06-14 21:30:58.881534078,5,-73.99379683370405,40.779948836005225,-73.98286533304163,40.771543097415176,N,418
demo_000733,1,2016-05-19 09:04:00,2016-05-19 09:27:41.108046960,6,-73.90236093316639,40.7713008154667,-73.9014599395105,40.74424131382311,N,1421
demo_000734,1,2016-02-07 11:42:00,2016-02-07 11:53:47.182895443,1,-73.97454890332743,40.72345306959121,-73.9931523920457,40.702260860338036,N,707
demo_000735,1,2016-04-30 19:43:00,2016-04-30 19:53:26.751199466,3,-74.05761154153818,40.705568607861316,-74.04965429223616,40.69081297279911,N,626
demo_000736,2,2016-05-11 11:54:00,2016-05-11 12:09:30.356696607,1,-73.9661818387286,40.7330781041836,-73.99899999155575,40.713921796717955,N,930
demo_000737,2,2016-03-01 01:18:00,2016-03-01 01:34:45.449375808,5,-73.96044513247652,40.77777210484455,-73.93101557844757,40.81362055546044,N,1005
demo_000738,2,2016-05-12 21:09:00,2016-05-12 21:19:03.031820686,6,-73.990630761271,40.782153199531145,-74.01507267172104,40.781906797707386,N,603
demo_000739,2,2016-06-10 16:56:00,2016-06-10 17:09:43.857534645,6,-74.03960285034842,40.710122020291635,-74.05312569144965,40.69597939056065,N,823
demo_000740,1,2016-05-27 01:56:00,2016-05-27 02:03:32.884767885,6,-73.9058875387109,40.72366152213861,-73.9235748238998,40.726549389323026,N,452
demo_000741,1,2016-05-17 06:08:00,2016-05-17 06:20:37.260265950,2,-74.03314477611116,40.73268675099207,-74.00901320135688,40.75072156043504,N,757
demo_000742,2,2016-04-24 05:01:00,2016-04-24 05:10:26.827704306,2,-73.95526525071128,40.745494322890664,-73.93620971373846,40.73618959082711,N,566
demo_000743,1,2016-02-18 16:42:00,2016-02-18 17:20:41.839470462,6,-73.97599772619212,40.71032822092016,-74.06775726699945,40.73468171588991,N,2321
demo_000744,1,2016-05-23 03:21:00,2016-05-23 03:38:58.765627651,4,-73.95796352529366,40.708228188185096,-73.94906502252392,40.67390722527747,N,1078
demo_000745,1,2016-03-06 13:18:00,2016-03-06 13:40:22.186807756,3,-73.90819139341247,40.72923576462574,-73.96925214252636,40.76086096269289,N,1342
demo_000746,1,2016-04-05 19:05:00,2016-04-05 19:14:22.516606279,2,-73.95972625075365,40.76101888426788,-73.97167251068026,40.76077717109403,N,562
demo_000747,2,2016-02-26 14:22:00,2016-02-26 14:28:32.960849508,1,-74.01013989021696,40.71667919810863,-74.0139259809781,40.715382864611335,N,392
demo_000748,2,2016-02-26 08:14:00,2016-02-26 08:27:53.996883745,1,-73.93523034761924,40.75394687715099,-73.94755238565286,40.73523549039044,N,833
demo_000749,2,2016-01-29 08:52:00,2016-01-29 09:12:19.145117075,5,-74.01339947525199,40.795049348564966,-73.99587080247852,40.7618973950411,N,1219
demo_000750,1,2016-06-22 00:48:00,2016-06-22 01:09:49.623798674,2,-73.97763988948721,40.71243770919053,-73.95243720967443,40.66743756692352,N,1309
demo_000751,1,2016-01-27 14:25:00,2016-01-27 14:38:33.971344763,5,-74.04318876236071,40.75077439845563,-74.0702600651094,40.73017942839399,N,813
demo_000752,1,2016-01-16 12:38:00,2016-01-16 12:50:53.749993570,6,-74.03149765523015,40.79386648568128,-74.05984055031756,40.80973366263754,N,773
demo_000753,1,2016-06-17 12:04:00,2016-06-17 12:16:18.708303541,3,-73.98268759983037,40.74336060633727,-73.98394653420821,40.71740608893504,N,738
demo_000754,2,2016-04-09 21:39:00,2016-04-09 22:03:56.981718229,2,-73.96843609811386,40.737921560819956,-74.02246672093366,40.6961134598054,N,1496
demo_000755,2,2016-03-19 19:44:00,2016-03-19 20:00:21.127059376,2,-74.0616075780211,40.79872235350073,-74.07830180715267,40.77417759010811,N,981
demo_000756,2,2016-05-12 17:57:00,2016-05-12 18:18:54.788254579,2,-73.96262206843997,40.747282927236,-73.9154393442714,40.736892427663385,N,1314
demo_000757,1,2016-03-09 23:56:00,2016-03-10 00:12:48.106487725,4,-74.02187430394692,40.7966573258822,-74.07459482372929,40.78732879287032,N,1008
demo_000758,1,2016-01-24 00:37:00,2016-01-24 00:43:52.534181421,5,-73.9274140392948,40.773013788689454,-73.93931814687078,40.7695336801669,N,412
demo_000759,2,2016-05-11 08:14:00,2016-05-11 08:35:08.657083457,5,-74.00083839929711,40.74600043714816,-74.02156892774967,40.77388080849156,N,1268
demo_000760,2,2016-02-01 16:19:00,2016-02-01 16:54:59.546950660,6,-74.03556300212975,40.77478916857092,-73.96537862628118,40.80851903839939,N,2159
demo_000761,1,2016-04-09 12:55:00,2016-04-09 13:17:26.942626170,4,-73.98158879489183,40.76921573298461,-74.00041393712527,40.82336322063012,N,1346
demo_000762,1,2016-06-19 19:57:00,2016-06-19 20:23:24.339654179,4,-74.02623057504854,40.79373089873509,-74.0430239560361,40.74985840118423,N,1584
demo_000763,2,2016-06-17 12:07:00,2016-06-17 12:23:19.162116813,3,-73.9278974686355,40.73880790617473,-73.96397424110857,40.715699040325646,N,979
demo_000764,1,2016-03-05 22:34:00,2016-03-05 22:43:26.457738245,3,-73.984976140661,40.75944221233736,-73.98464987753616,40.77830131157798,N,566
demo_000765,2,2016-05-20 10:54:00,2016-05-20 11:03:31.483722478,3,-73.9918254480392,40.75584695121384,-73.98236960111336,40.74358810839466,N,571
demo_000766,1,2016-04-20 06:45:00,2016-04-20 06:59:13.274925781,6,-73.9583689541481,40.782645184957396,-73.98937264881478,40.80588641964332,N,853
demo_000767,1,2016-03-27 06:52:00,2016-03-27 07:04:31.356864452,4,-74.03022263476402,40.72211872819446,-73.99561733673875,40.727710790807556,N,751
demo_000768,2,2016-01-26 04:29:00,2016-01-26 04:46:11.500773555,2,-74.04301191448978,40.793594196688325,-74.03352468903968,40.83623271035932,N,1031
demo_000769,1,2016-03-08 17:52:00,2016-03-08 18:14:26.023971910,2,-73.96662417892513,40.77432150702597,-73.93680770451834,40.80247484210215,N,1346
demo_000770,1,2016-04-27 08:17:00,2016-04-27 08:36:53.157424035,1,-74.03448518186039,40.71190762242285,-74.04596992533479,40.74055507133994,N,1193
demo_000771,1,2016-06-26 14:14:00,2016-06-26 14:22:46.019340315,6,-74.03450045691872,40.80028919889182,-74.02598900533752,40.78916866545709,N,526
demo_000772,2,2016-01-01 21:07:00,2016-01-01 21:13:09.283555633,2,-73.94734597859505,40.83619325782792,-73.95480435591564,40.83356181498678,N,369
demo_000773,1,2016-05-09 04:43:00,2016-05-09 04:59:42.307251380,1,-73.96137211505072,40.79306418893423,-73.91035326081852,40.78482234557991,N,1002
demo_000774,1,2016-06-01 08:10:00,2016-06-01 08:34:44.318023104,2,-74.04142232941038,40.80794446685293,-74.03735308460239,40.767285378974385,N,1484
demo_000775,1,2016-06-20 05:09:00,2016-06-20 05:29:11.131967448,3,-74.01286112193236,40.76098799835609,-74.01255473374134,40.80072576825447,N,1211
demo_000776,1,2016-03-17 06:49:00,2016-03-17 07:00:08.412007229,6,-74.02566792001758,40.69984732780915,-74.04170638998332,40.71997278514792,N,668
demo_000777,2,2016-01-22 07:49:00,2016-01-22 08:00:47.060117695,6,-73.90506563158817,40.69345578420914,-73.9231243586547,40.684140051858954,N,707
demo_000778,2,2016-02-18 18:34:00,2016-02-18 18:54:20.176387542,2,-73.94422953075932,40.76692787153537,-73.93590925814048,40.802151869236795,N,1220
demo_000779,2,2016-06-02 02:18:00,2016-06-02 02:31:16.400726009,4,-74.00393801807024,40.73728074172946,-73.9752524569922,40.72026081526728,N,796
demo_000780,2,2016-06-07 00:40:00,2016-06-07 01:01:14.690685887,5,-73.95907123897955,40.72598983025855,-73.9830307724064,40.67636019961026,N,1274
demo_000781,1,2016-04-24 16:09:00,2016-04-24 16:26:05.191068017,5,-74.04602837836688,40.7558038660611,-74.04159810366572,40.78300284938923,N,1025
demo_000782,1,2016-01-23 02:14:00,2016-01-23 02:30:45.552983771,3,-74.01526907680352,40.77954548507515,-74.00882314461785,40.745024358781016,N,1005
demo_000783,1,2016-01-22 22:42:00,2016-01-22 22:51:17.779358197,2,-73.98028115303262,40.70715348586333,-73.96773842995947,40.70186754829148,N,557
demo_000784,1,2016-03-27 01:42:00,2016-03-27 02:00:12.804665689,5,-73.96464961628844,40.74228928329019,-74.02441199035357,40.74785460539135,N,1092
demo_000785,2,2016-04-15 21:16:00,2016-04-15 21:29:15.358460908,3,-73.98938566064811,40.81084547390921,-74.021751305138,40.82125303821716,N,795
demo_000786,2,2016-01-06 19:52:00,2016-01-06 20:18:56.241154459,2,-73.97383939201787,40.720364906692254,-74.02164395022213,40.74327173520976,N,1616
demo_000787,1,2016-05-03 11:56:00,2016-05-03 12:05:55.794286048,5,-73.98147485930211,40.788441641550776,-73.9803239043693,40.804124630059995,N,595
demo_000788,2,2016-04-08 00:16:00,2016-04-08 00:28:31.928737384,6,-73.992360983091,40.74103442334579,-74.02389505103716,40.75588152156296,N,751
demo_000789,2,2016-01-03 05:08:00,2016-01-03 05:21:55.907921367,6,-73.99832655164859,40.77710278159475,-74.01569499079352,40.75575248347922,N,835
demo_000790,2,2016-01-18 05:19:00,2016-01-18 05:34:40.151648729,6,-74.0041819192705,40.7964064627521,-74.04598173760738,40.80435103879833,N,940
demo_000791,2,2016-03-22 18:39:00,2016-03-22 19:03:52.087992771,4,-73.97456281211171,40.78394486184448,-73.98867609091259,40.74329501265313,N,1492
demo_000792,2,2016-05-10 01:34:00,2016-05-10 01:54:59.482654757,5,-73.96651329848602,40.78982058607749,-74.00585692452867,40.83199830393571,N,1259
demo_000793,2,2016-05-28 13:43:00,2016-05-28 14:01:49.951526123,2,-73.97607383747065,40.71769422633072,-73.9495470419995,40.67982497608763,N,1129
demo_000794,1,2016-03-18 15:13:00,2016-03-18 15:28:36.297027823,2,-74.03803686725004,40.79697808973595,-74.0212638883072,40.78762421408953,N,936
demo_000795,2,2016-02-23 03:57:00,2016-02-23 04:11:40.400422407,1,-74.02995175330145,40.72815574098778,-74.02469372844985,40.692546136534055,N,880
demo_000796,2,2016-06-23 07:06:00,2016-06-23 07:19:49.753229047,1,-73.96705031873233,40.76708396179501,-73.97761828627115,40.747369472076635,N,829
demo_000797,2,2016-03-23 12:55:00,2016-03-23 13:16:39.393351594,6,-73.91877470146981,40.76703861654491,-73.99009373829041,40.76740118376157,N,1299
demo_000798,1,2016-02-26 18:29:00,2016-02-26 18:40:36.491464008,3,-73.97814130422985,40.77497928956044,-73.99417853612218,40.76070282090051,N,696
demo_000799,1,2016-03-20 14:47:00,2016-03-20 15:07:22.101264487,4,-74.00352507856147,40.769793483662106,-74.03017605759052,40.80068813263204,N,1222
demo_000800,2,2016-01-03 04:14:00,2016-01-03 04:20:06.660308402,1,-73.97490467950507,40.728466650751635,-73.96625008190078,40.73459297818263,N,366
demo_000801,1,2016-02-24 08:19:00,2016-02-24 08:32:00.786660517,2,-74.0361569640131,40.710754640569654,-74.01446721310495,40.69825607788048,N,780
demo_000802,2,2016-04-02 19:11:00,2016-04-02 19:18:21.468720630,1,-73.92609755795586,40.78853220379867,-73.9147354147686,40.784925491689364,N,441
demo_000803,1,2016-06-14 07:40:00,2016-06-14 08:06:09.943356369,3,-73.97660326349714,40.76450421021316,-73.93239692267771,40.79743612255367,N,1569
demo_000804,2,2016-05-12 21:08:00,2016-05-12 21:22:13.913183625,4,-74.01512557459448,40.79822818943352,-74.03501657279796,40.8227677032822,N,853
demo_000805,1,2016-05-20 15:11:00,2016-05-20 15:26:33.766376539,1,-73.99250579597418,40.756434347303426,-74.01384795182041,40.72568753316501,N,933
demo_000806,1,2016-04-08 01:58:00,2016-04-08 02:12:13.257375293,5,-74.00871663044286,40.70881924737631,-73.97239089243128,40.690441651094545,N,853
demo_000807,1,2016-01-20 21:44:00,2016-01-20 21:53:04.573518990,1,-73.92597485104324,40.79181453883515,-73.9201572772344,40.80463386393963,N,544
demo_000808,1,2016-03-11 08:48:00,2016-03-11 08:57:34.551457567,6,-73.99410080402512,40.74503702866186,-74.0027457599441,40.75457792648459,N,574
demo_000809,1,2016-06-28 11:11:00,2016-06-28 11:35:52.162376565,6,-73.9780085414248,40.76997012100974,-73.91338030135348,40.741609819391975,N,1492
demo_000810,2,2016-01-08 22:49:00,2016-01-08 23:00:50.751247492,4,-73.9591823094507,40.73533892000322,-73.9389617402923,40.755565337914504,N,710
demo_000811,2,2016-06-07 06:08:00,2016-06-07 06:19:30.915135014,4,-74.0183344971694,40.81555055985818,-74.0250035432571,40.79149695807315,N,690
demo_000812,2,2016-05-03 05:01:00,2016-05-03 05:19:25.826372456,5,-73.97628307402391,40.72732023115359,-74.00029114250157,40.76252355404771,N,1105
demo_000813,1,2016-02-21 02:29:00,2016-02-21 02:44:44.086782903,2,-73.97265039937726,40.74618995860629,-73.92622245587182,40.760485085825024,N,944
demo_000814,1,2016-05-20 00:54:00,2016-05-20 01:07:12.024509517,6,-74.05493354694593,40.76176070459441,-74.0476886512148,40.731198744426976,N,792
demo_000815,2,2016-05-30 15:23:00,2016-05-30 15:31:44.224691296,6,-73.97362865800501,40.71977361855196,-73.97277056582116,40.70548854761245,N,524
demo_000816,2,2016-01-08 18:42:00,2016-01-08 18:57:51.428532235,5,-73.98705929292244,40.76956818350057,-73.96338961796151,40.7548137469083,N,951
demo_000817,1,2016-01-20 03:43:00,2016-01-20 03:53:43.645274274,6,-73.97915151685478,40.81441686671136,-73.9483484418649,40.81873353818653,N,643
demo_000818,2,2016-04-29 20:02:00,2016-04-29 20:12:37.999837575,2,-73.98339666289293,40.74083382437572,-73.96415121343574,40.735326448129385,N,637
demo_000819,2,2016-06-28 20:07:00,2016-06-28 20:22:42.907534600,6,-73.97333735571725,40.771829998666114,-73.94239821057013,40.740901798004806,N,942
demo_000820,1,2016-01-05 07:32:00,2016-01-05 07:54:26.390166539,1,-73.92481955484458,40.66176976148866,-73.90902145228299,40.624124764540646,N,1346
demo_000821,1,2016-04-29 19:45:00,2016-04-29 19:59:02.803455187,5,-74.03807783354382,40.756637477983034,-74.01865666312376,40.77146110801178,N,842
demo_000822,2,2016-01-25 13:47:00,2016-01-25 14:00:13.363408812,2,-74.00039685509752,40.74704351999259,-74.02600418001704,40.75477191533582,N,793
demo_000823,1,2016-04-27 00:32:00,2016-04-27 00:54:25.599096391,6,-73.95500216169667,40.72935258391564,-73.89163977584005,40.732202097960176,N,1345
demo_000824,1,2016-04-22 04:43:00,2016-04-22 04:58:22.684061363,4,-73.96335833595225,40.795850766437,-74.00653701901693,40.80316052662893,N,922
demo_000825,2,2016-01-17 06:42:00,2016-01-17 06:51:46.424159512,2,-73.9643267500996,40.746581471143166,-73.9534985335922,40.72987065415999,N,586
demo_000826,1,2016-05-02 12:44:00,2016-05-02 12:59:32.181615584,2,-73.8610890252947,40.751788287951726,-73.90787587233095,40.756756081611655,N,932
demo_000827,1,2016-06-10 11:11:00,2016-06-10 11:41:33.868270919,6,-73.95736390141475,40.744798249382384,-73.96079840727401,40.81333789963696,N,1833
demo_000828,1,2016-06-04 10:04:00,2016-06-04 10:21:33.100870011,5,-73.93410779916853,40.69091144448822,-73.95410307649391,40.722624756748395,N,1053
demo_000829,2,2016-01-06 05:16:00,2016-01-06 05:23:21.297324934,3,-73.99881824264837,40.71838047459731,-73.99406678715133,40.71059344642139,N,441
demo_000830,2,2016-02-14 06:21:00,2016-02-14 06:30:51.423627967,2,-74.02968105682538,40.79163827201421,-74.01771953797787,40.777507234842474,N,591
demo_000831,2,2016-02-13 08:22:00,2016-02-13 09:05:14.714931052,1,-73.99914428431552,40.6841517273592,-74.03261596392034,40.60691986362693,N,2594
demo_000832,1,2016-03-22 14:13:00,2016-03-22 14:25:20.414659188,1,-73.95296179228954,40.73117896276345,-73.95399129821284,40.760033704894035,N,740
demo_000833,2,2016-01-26 17:51:00,2016-01-26 18:14:02.064687449,1,-73.96669274653269,40.74400979802986,-73.91791414874672,40.765248142581775,N,1382
demo_000834,1,2016-06-02 18:46:00,2016-06-02 19:07:54.906601805,2,-73.96685368832306,40.819026765355204,-74.01278296673561,40.804343410184735,N,1314
demo_000835,2,2016-05-19 19:38:00,2016-05-19 20:02:34.803446896,2,-73.99464549740587,40.784901131792374,-74.02453737932655,40.74624502435469,N,1474
demo_000836,2,2016-05-25 12:04:00,2016-05-25 12:21:09.028735997,1,-74.00182111784659,40.73849903155315,-73.97169470516955,40.70730681058703,N,1029
demo_000837,2,2016-02-05 16:14:00,2016-02-05 16:24:02.530660669,5,-73.9930935759932,40.80365797939905,-73.99037915752957,40.81565672168599,N,602
demo_000838,2,2016-01-03 14:57:00,2016-01-03 15:01:24.507873405,6,-73.95239860474257,40.73208194628246,-73.9471081821987,40.729669746473576,N,264
demo_000839,1,2016-06-12 21:57:00,2016-06-12 22:12:15.863516369,6,-73.94716726573233,40.79331849313069,-73.91138668352811,40.811991477606085,N,915
demo_000840,1,2016-02-22 00:05:00,2016-02-22 00:16:26.112235131,6,-74.0302808742352,40.7104392963927,-74.05807327879815,40.71277326112864,N,686
demo_000841,2,2016-04-28 03:04:00,2016-04-28 03:18:10.511158569,1,-73.95069458482558,40.79556402411262,-73.968871317879,40.82166651257977,N,850
demo_000842,1,2016-06-12 16:45:00,2016-06-12 16:57:53.943850906,1,-74.01428245538403,40.74378532240852,-74.03677492071037,40.75376385119911,N,773
demo_000843,1,2016-01-07 12:13:00,2016-01-07 12:25:40.835915024,6,-73.96389852566715,40.722002351567056,-73.97608563232389,40.74437982683139,N,760
demo_000844,1,2016-01-01 23:38:00,2016-01-02 00:04:54.936497722,1,-73.99363845841081,40.75039997354233,-73.94675518543764,40.693978521447434,N,1614
demo_000845,1,2016-01-01 23:27:00,2016-01-01 23:50:16.161059262,5,-73.91453951528425,40.76770704629021,-73.97407731862761,40.73437971588678,N,1396
demo_000846,2,2016-01-29 03:19:00,2016-01-29 03:33:44.937860971,1,-74.00381335830416,40.7406838049316,-74.04561101668601,40.73084630984464,N,884
demo_000847,2,2016-01-10 07:09:00,2016-01-10 07:37:58.029015708,1,-73.97696246715974,40.77738837270984,-74.024761374515,40.80653672990214,N,1738
demo_000848,2,2016-05-27 14:19:00,2016-05-27 14:46:00.268764764,5,-73.95770330790982,40.73759521407176,-73.90864401963582,40.78836951667559,N,1620
demo_000849,1,2016-04-19 01:35:00,2016-04-19 01:44:42.025980650,5,-74.02432814825553,40.7797130337876,-74.04583214597002,40.77527866766316,N,582
demo_000850,2,2016-06-25 09:48:00,2016-06-25 10:00:18.446146647,1,-73.9882785674942,40.77347777217128,-73.99971214510718,40.7569651104463,N,738
demo_000851,2,2016-05-24 06:24:00,2016-05-24 06:49:52.784825546,1,-73.99699631980803,40.75586769308522,-74.05350851603527,40.70308354239026,N,1552
demo_000852,1,2016-06-22 08:58:00,2016-06-22 09:14:27.477104444,6,-74.00812160675326,40.74255161906719,-74.01730511801907,40.76586784069717,N,987
demo_000853,2,2016-02-12 22:32:00,2016-02-12 22:44:03.982869251,2,-74.00478753506674,40.76330392785179,-73.97445927483727,40.74844878232154,N,723
demo_000854,1,2016-02-21 19:17:00,2016-02-21 20:00:25.586398688,6,-73.93495934308385,40.77725888100618,-73.9261058463943,40.857133917078855,N,2605
demo_000855,2,2016-06-01 21:26:00,2016-06-01 21:35:36.883041632,4,-74.01193478306422,40.83016297034561,-74.01571002485967,40.81019906450468,N,576
demo_000856,2,2016-02-14 01:53:00,2016-02-14 02:20:19.055087427,6,-73.95951164527978,40.79087971476294,-74.0142826386706,40.847722142378174,N,1639
demo_000857,1,2016-01-11 07:14:00,2016-01-11 07:29:19.357797446,6,-73.97084322490859,40.792159648243555,-73.98232154796437,40.812365567600416,N,919
demo_000858,2,2016-04-30 10:38:00,2016-04-30 10:50:37.355354065,4,-74.04786410520988,40.86609792682011,-74.04272208847247,40.83833478803843,N,757
demo_000859,2,2016-05-24 04:09:00,2016-05-24 04:23:24.192192525,1,-73.96163737527081,40.776058546686876,-73.99635124526698,40.782326428980255,N,864
demo_000860,1,2016-06-23 06:36:00,2016-06-23 06:48:37.924567344,6,-74.04860809443909,40.77496252289591,-74.02568690390986,40.795789797112775,N,757
demo_000861,1,2016-06-16 00:04:00,2016-06-16 00:16:03.529539039,3,-73.95673586773256,40.78264052760126,-73.92575846859998,40.776558718403315,N,723
demo_000862,2,2016-01-22 15:23:00,2016-01-22 15:34:32.402595720,2,-74.0078236239409,40.722686190784415,-74.02632632874379,40.74531172396933,N,692
demo_000863,1,2016-05-18 23:30:00,2016-05-18 23:42:37.445607472,4,-73.98462347360346,40.742463442725345,-73.95921934682146,40.76449428602776,N,757
demo_000864,1,2016-06-01 07:16:00,2016-06-01 07:26:34.081959491,3,-74.04324259773318,40.74028407566577,-74.04708348364512,40.75638521518181,N,634
demo_000865,2,2016-05-05 15:52:00,2016-05-05 16:07:09.800067227,5,-73.97949279543778,40.78066648920269,-73.93934296608252,40.78022170826541,N,909
demo_000866,1,2016-05-27 13:32:00,2016-05-27 13:56:23.056626374,2,-73.94328723119132,40.75190389032226,-73.87209195808929,40.720180507910996,N,1463
demo_000867,2,2016-05-30 20:04:00,2016-05-30 20:19:17.018370781,6,-74.02131344426101,40.7628378198916,-74.05959173612868,40.76076461475377,N,917
demo_000868,1,2016-03-21 09:05:00,2016-03-21 09:17:40.866198811,1,-74.01232251887647,40.7960609117052,-73.98539056475234,40.80081465762552,N,760
demo_000869,2,2016-01-08 05:27:00,2016-01-08 05:51:58.346069603,3,-73.96454205393947,40.788210275854645,-73.91886829412377,40.73755690233662,N,1498
demo_000870,2,2016-03-23 02:45:00,2016-03-23 02:56:22.430756918,6,-73.9634171754359,40.752339764893556,-73.99739098734821,40.75690911842532,N,682
demo_000871,2,2016-02-06 07:41:00,2016-02-06 07:51:38.542978561,6,-74.09453806842838,40.734550171609264,-74.11466729181603,40.73193653745939,N,638
demo_000872,2,2016-01-21 11:18:00,2016-01-21 11:34:37.535741728,5,-73.89430671362977,40.797734615607865,-73.9148299120678,40.762725711696675,N,997
demo_000873,2,2016-01-23 11:40:00,2016-01-23 11:46:45.072441888,4,-73.96121509324033,40.78508619133185,-73.96586243658909,40.776095018783174,N,405
demo_000874,1,2016-05-05 12:39:00,2016-05-05 12:47:33.755614258,4,-73.95363866018961,40.701781011359664,-73.96611145290733,40.693361159995135,N,513
demo_000875,1,2016-03-31 19:34:00,2016-03-31 20:02:35.782302417,2,-73.99145932009979,40.74703961213821,-73.99839928068172,40.799152164542534,N,1715
demo_000876,1,2016-04-07 04:06:00,2016-04-07 04:17:24.281842730,2,-74.06849090788485,40.76379304117059,-74.03916131639511,40.769736236517375,N,684
demo_000877,1,2016-05-14 03:12:00,2016-05-14 03:34:14.218217449,4,-73.95463750724375,40.78525904009924,-74.02099091750976,40.813232261884735,N,1334
demo_000878,1,2016-04-08 16:31:00,2016-04-08 16:48:19.856343873,2,-74.0104334612704,40.789853552322896,-74.04451973102785,40.78667253910165,N,1039
demo_000879,2,2016-04-23 09:39:00,2016-04-23 10:08:55.247423221,2,-73.96052307376175,40.76793671004114,-73.9370755910944,40.717340964086596,N,1795
demo_000880,2,2016-01-16 11:37:00,2016-01-16 11:49:18.096793089,5,-73.99484604816182,40.77848366359756,-73.97549888296008,40.796636893515746,N,738
demo_000881,2,2016-06-02 04:53:00,2016-06-02 05:08:00.626656011,5,-73.97428822793977,40.76024478808324,-74.01133720473094,40.74247374638438,N,900
demo_000882,1,2016-03-21 18:43:00,2016-03-21 18:56:29.315771665,3,-74.01987483716341,40.73441519091368,-74.00028526890279,40.725353987404006,N,809
demo_000883,1,2016-01-28 22:31:00,2016-01-28 22:49:28.240401558,2,-73.94610249757945,40.74885574631356,-73.89966215409075,40.72042552258744,N,1108
demo_000884,2,2016-05-26 09:34:00,2016-05-26 09:39:11.993504172,2,-74.03847705677559,40.75866469153241,-74.04019298478188,40.76062942385828,N,311
demo_000885,1,2016-05-12 05:33:00,2016-05-12 05:57:03.108879782,2,-73.88394937585974,40.75678622624935,-73.91922801163197,40.78554604201316,N,1443
demo_000886,2,2016-01-10 13:04:00,2016-01-10 13:18:24.023155568,2,-73.88429231142558,40.69200494834448,-73.85366891245458,40.717188877273294,N,864
demo_000887,1,2016-02-04 17:56:00,2016-02-04 18:31:50.152926396,6,-73.91152851865401,40.744088083277475,-73.85122192857003,40.786915199987675,N,2150
demo_000888,2,2016-01-03 20:02:00,2016-01-03 20:27:59.602779677,2,-73.92760344564014,40.759967197858124,-73.95861835626053,40.806622103222885,N,1559
demo_000889,2,2016-02-18 17:40:00,2016-02-18 18:11:15.339840369,6,-73.98880467612051,40.7481520502833,-73.98743085353226,40.69291344606633,N,1875
demo_000890,1,2016-01-18 23:54:00,2016-01-19 00:10:58.571644591,4,-73.93250539824137,40.7493611671571,-73.89434995102033,40.71713341201201,N,1018
demo_000891,1,2016-05-07 18:47:00,2016-05-07 19:13:33.461453843,3,-73.98932794242242,40.775079697978164,-73.9852903873987,40.72625852536335,N,1593
demo_000892,1,2016-04-04 01:25:00,2016-04-04 01:45:47.525419335,2,-74.05490828940104,40.7202364984533,-74.11606366105633,40.737298619533824,N,1247
demo_000893,2,2016-06-25 10:29:00,2016-06-25 10:40:19.765902488,5,-73.91735593636862,40.70101852251171,-73.90183631621112,40.68230531434913,N,679
demo_000894,2,2016-05-14 21:30:00,2016-05-14 21:46:25.698397007,6,-73.93420289916848,40.74581405732072,-73.96846120143978,40.73260618836093,N,985
demo_000895,2,2016-04-20 01:52:00,2016-04-20 02:10:12.549284107,6,-73.98641025984449,40.78474400419257,-74.03088555080929,40.77889587353053,N,1092
demo_000896,2,2016-04-01 16:14:00,2016-04-01 16:40:27.064445227,5,-74.0401332915799,40.81706435638203,-74.1006044712644,40.82739376496048,N,1587
demo_000897,2,2016-01-10 19:26:00,2016-01-10 19:54:30.375750718,1,-74.01137903044605,40.78537448836832,-73.96971477518525,40.74527082007214,N,1710
demo_000898,1,2016-01-13 15:16:00,2016-01-13 15:32:58.253965453,6,-74.06695155131993,40.706610768404595,-74.09616644748554,40.672621454913475,N,1018
demo_000899,1,2016-04-20 22:27:00,2016-04-20 22:34:32.764466685,4,-73.94247136163219,40.74986714662182,-73.93080459532351,40.74990214419816,N,452
demo_000900,1,2016-01-01 18:55:00,2016-01-01 19:15:24.004392908,4,-74.05714890350889,40.766982203337854,-74.03688549843861,40.79934834361402,N,1224
demo_000901,2,2016-01-08 14:57:00,2016-01-08 15:02:17.241160469,2,-73.9720926108434,40.76421568909233,-73.96642894619987,40.763529959204554,N,317
demo_000902,1,2016-02-09 10:39:00,2016-02-09 10:49:48.148838648,4,-74.02296620065009,40.776875659353,-74.012586223351,40.755500847280686,N,648
demo_000903,2,2016-06-08 03:30:00,2016-06-08 03:53:52.660787358,5,-74.04920165502497,40.72590328687387,-74.03586497196599,40.66790165250476,N,1432
demo_000904,1,2016-03-23 14:34:00,2016-03-23 14:48:14.598043859,4,-73.97427402080247,40.76027300806428,-73.96944060176988,40.78599524886091,N,854
demo_000905,1,2016-05-07 17:22:00,2016-05-07 17:38:30.118843451,1,-74.00002097233904,40.772711299042165,-74.0266265553401,40.75284114450862,N,990
demo_000906,2,2016-03-15 01:56:00,2016-03-15 02:12:31.286552738,5,-73.94728149025586,40.78689848336563,-73.97700829093117,40.75591768664034,N,991
demo_000907,1,2016-02-01 03:54:00,2016-02-01 04:15:43.720716022,5,-74.04204223709279,40.729799864168555,-74.04571659113894,40.68348608305417,N,1303
demo_000908,2,2016-03-07 19:23:00,2016-03-07 19:48:49.169367682,5,-74.01907915904633,40.7459195096465,-74.02349490072804,40.70706378774567,N,1549
demo_000909,1,2016-01-17 12:14:00,2016-01-17 12:26:54.674742455,2,-74.09244389938209,40.663366381197434,-74.07741770874716,40.63741359724518,N,774
demo_000910,1,2016-05-18 15:29:00,2016-05-18 15:42:12.084767581,2,-74.08329560070476,40.73624883113478,-74.04473784835398,40.72979991525754,N,792
demo_000911,1,2016-02-03 00:51:00,2016-02-03 01:04:49.107554708,3,-73.90408134155096,40.73964547874601,-73.89204465393104,40.70700945271747,N,829
demo_000912,1,2016-03-08 17:56:00,2016-03-08 18:12:26.260707654,6,-73.89123807901551,40.72231454221414,-73.91961900918461,40.72732865922793,N,986
demo_000913,1,2016-06-25 09:43:00,2016-06-25 10:16:39.197023803,5,-73.98082732076492,40.76379642525814,-74.05716777428049,40.75714233628035,N,2019
demo_000914,1,2016-04-16 13:16:00,2016-04-16 13:41:13.356672157,1,-74.02207229446579,40.75604190987842,-74.04898509667156,40.8160357016864,N,1513
demo_000915,1,2016-03-23 12:58:00,2016-03-23 13:26:25.683862157,1,-73.99843020164705,40.67892751428479,-74.04548736430048,40.632907550142185,N,1705
demo_000916,1,2016-04-07 17:48:00,2016-04-07 18:01:30.596472193,1,-73.94568916088811,40.765542778925564,-73.97125218797073,40.769902723544,N,810
demo_000917,2,2016-05-21 03:13:00,2016-05-21 03:21:32.984318375,6,-74.008147505892,40.72550865542239,-73.99966781128171,40.730206790126495,N,512
demo_000918,2,2016-02-15 19:21:00,2016-02-15 19:37:57.042454881,6,-73.97430647598313,40.774999113571674,-73.97135280820878,40.747174063665746,N,1017
demo_000919,1,2016-04-24 13:17:00,2016-04-24 13:37:08.452328101,2,-73.98557402227165,40.7131352063295,-73.9205378056788,40.71570702106058,N,1208
demo_000920,2,2016-06-06 02:01:00,2016-06-06 02:13:29.189828982,6,-74.01059657015372,40.75905022884859,-73.99368871583084,40.779829276741566,N,749
demo_000921,1,2016-04-13 00:49:00,2016-04-13 01:09:05.302134228,4,-74.00867867356963,40.74808928348897,-73.94185781865362,40.75069455351804,N,1205
demo_000922,1,2016-03-21 09:03:00,2016-03-21 09:28:26.106633671,2,-73.97180056077416,40.76860856597327,-73.9467706816345,40.8059890638634,N,1526
demo_000923,2,2016-01-27 02:57:00,2016-01-27 03:22:57.950360541,5,-74.02895996613744,40.7623644047178,-73.99096023012176,40.70356683902923,N,1557
demo_000924,1,2016-02-14 16:36:00,2016-02-14 16:50:35.686205480,1,-73.96467217944694,40.749069253874254,-73.97723375895367,40.72632895172858,N,875
demo_000925,2,2016-06-19 06:49:00,2016-06-19 07:11:15.457884090,1,-74.0062210531842,40.70423046900845,-74.04382887810073,40.74405698228369,N,1335
demo_000926,2,2016-04-07 10:14:00,2016-04-07 10:26:16.703736863,2,-73.97926847129082,40.706297721278865,-73.99498206746885,40.73092243227699,N,736
demo_000927,2,2016-02-24 05:48:00,2016-02-24 05:56:05.740089960,4,-73.92272168452241,40.737563957131776,-73.92313711809615,40.752157773335966,N,485
demo_000928,1,2016-03-16 07:21:00,2016-03-16 07:42:37.622077292,6,-73.99256864203521,40.75771020406247,-74.01455420297539,40.79100702003849,N,1297
demo_000929,2,2016-04-14 01:02:00,2016-04-14 01:26:00.655450937,4,-73.94360880469137,40.736711321848034,-73.97864878954785,40.684964259123085,N,1440
demo_000930,1,2016-04-06 18:12:00,2016-04-06 18:28:04.013529902,3,-74.06564147851478,40.779882417570285,-74.05105215928005,40.8013639054638,N,964
demo_000931,2,2016-05-05 23:01:00,2016-05-05 23:20:48.477475390,4,-74.00616633561383,40.748227267827595,-74.04135523643073,40.77696526221292,N,1188
demo_000932,1,2016-02-16 08:22:00,2016-02-16 08:47:42.250759989,1,-73.98375401205158,40.72422455463272,-74.03742623023572,40.706439650145974,N,1542
demo_000933,1,2016-04-26 20:41:00,2016-04-26 21:09:29.216176679,4,-73.89845011943571,40.74826662974542,-73.93772313342212,40.81925603192849,N,1709
demo_000934,2,2016-03-20 16:21:00,2016-03-20 16:28:01.001679790,5,-74.0731978437467,40.76590509427108,-74.08140028583591,40.77120651630076,N,421
demo_000935,2,2016-06-18 07:22:00,2016-06-18 07:55:58.647159121,3,-73.98932944378518,40.76937096515886,-74.02401161255693,40.710166201011134,N,2038
demo_000936,1,2016-01-29 10:13:00,2016-01-29 10:19:47.738061267,4,-73.91944900170877,40.82374326961976,-73.92743214832491,40.83403761356397,N,407
demo_000937,1,2016-01-27 17:15:00,2016-01-27 17:30:41.254422609,2,-74.020325918237,40.73458817309988,-73.99931036755224,40.715151952290164,N,941
demo_000938,1,2016-03-24 02:21:00,2016-03-24 02:38:25.304765631,6,-73.99457774646916,40.75542824684434,-73.97447223982894,40.786883119240436,N,1045
demo_000939,2,2016-04-01 12:05:00,2016-04-01 12:16:47.664906832,2,-73.9700717456725,40.77291433813868,-73.99320065249063,40.78770882704025,N,707
demo_000940,1,2016-05-04 08:34:00,2016-05-04 08:57:02.870469140,1,-73.97669711508247,40.757180196427974,-74.02233507062884,40.741036300476516,N,1382
demo_000941,1,2016-03-13 17:25:00,2016-03-13 17:51:05.418870572,6,-73.91454032860455,40.7404783648904,-73.93468714988477,40.7810445666835,N,1565
demo_000942,1,2016-06-13 11:15:00,2016-06-13 11:31:11.292550201,4,-73.9648186785467,40.70377599882796,-73.94187111020427,40.7291411840894,N,971
demo_000943,2,2016-03-26 08:24:00,2016-03-26 08:42:55.525461168,3,-73.92525021970187,40.740120790433146,-73.89412835168531,40.71776695076573,N,1135
demo_000944,1,2016-01-24 06:43:00,2016-01-24 06:52:01.861918400,5,-74.00120037607894,40.72042041555488,-73.98884922884277,40.71631519837973,N,541
demo_000945,1,2016-01-22 11:01:00,2016-01-22 11:17:54.918259910,2,-74.01832364350626,40.69756876616067,-73.97627338172143,40.7115255195113,N,1014
demo_000946,2,2016-06-24 05:06:00,2016-06-24 05:25:10.144342186,2,-73.99515754368588,40.73015124054153,-73.9346354694992,40.72031613244667,N,1150
demo_000947,2,2016-01-25 03:17:00,2016-01-25 03:25:28.618392023,1,-74.03715963920155,40.72135178977317,-74.05407261668608,40.712323005869294,N,508
demo_000948,1,2016-06-19 14:43:00,2016-06-19 14:59:56.626315681,4,-73.96324197367055,40.77843252908526,-73.91121225978102,40.779424104848395,N,1016
demo_000949,1,2016-02-20 01:17:00,2016-02-20 01:33:31.916959687,5,-74.00236451507399,40.7790382143095,-74.0114837483017,40.750261652540495,N,991
demo_000950,1,2016-01-17 19:31:00,2016-01-17 20:08:41.132325718,6,-74.01523050049899,40.726364224864675,-73.97953579609488,40.6660795607231,N,2261
demo_000951,2,2016-02-24 20:19:00,2016-02-24 20:29:10.241552405,4,-73.96256037156705,40.74889199793029,-73.9377603351635,40.75534863921326,N,610
demo_000952,2,2016-04-20 15:29:00,2016-04-20 15:59:40.501490919,1,-74.03646721000884,40.692961506826066,-74.10566425468268,40.639261208195094,N,1840
demo_000953,2,2016-03-18 00:32:00,2016-03-18 00:49:19.098414820,2,-73.9503274003765,40.74069810174361,-73.98414535009893,40.7138860567587,N,1039
demo_000954,2,2016-05-21 09:42:00,2016-05-21 10:14:26.185266701,2,-74.00652518248211,40.771964366524585,-74.04927025955297,40.72413164283297,N,1946
demo_000955,1,2016-04-19 23:27:00,2016-04-19 23:55:03.145984684,6,-73.93284066001576,40.786872826136495,-73.99521230612267,40.74236482604694,N,1683
demo_000956,2,2016-03-13 03:23:00,2016-03-13 03:36:04.859693170,4,-74.00267319102034,40.733043352140804,-73.9718971666015,40.744554941842026,N,784
demo_000957,2,2016-04-24 05:35:00,2016-04-24 05:57:26.411370710,6,-73.9565640650049,40.79481492011847,-73.8841570500757,40.788812599661846,N,1346
demo_000958,2,2016-06-23 20:43:00,2016-06-23 20:48:56.420761604,6,-73.97691969318022,40.704950782747034,-73.98593823084468,40.6979739704494,N,356
demo_000959,1,2016-03-15 03:01:00,2016-03-15 03:20:15.312787663,6,-73.95152441568285,40.71433302702997,-73.92162893239504,40.67880367887212,N,1155
demo_000960,2,2016-01-28 14:52:00,2016-01-28 15:09:33.945152783,2,-73.98005238985336,40.78283816529733,-73.92809050373418,40.76513023989869,N,1053
demo_000961,1,2016-03-14 13:56:00,2016-03-14 14:02:57.434808988,4,-74.05985288355545,40.816489242999715,-74.05256127404905,40.82665353229839,N,417
demo_000962,1,2016-05-31 05:17:00,2016-05-31 05:21:38.728707359,1,-73.93960429073411,40.77527011958643,-73.94049024800614,40.77386376342316,N,278
demo_000963,1,2016-02-09 04:09:00,2016-02-09 04:19:48.055535910,3,-73.98894573151061,40.75658801647131,-73.99754480898159,40.77880021611944,N,648
demo_000964,2,2016-06-19 20:17:00,2016-06-19 20:31:26.283570202,2,-73.94947177651903,40.681168568871726,-73.93065721564186,40.70722605319913,N,866
demo_000965,2,2016-04-15 21:28:00,2016-04-15 21:40:20.254529308,1,-73.9539389085409,40.68721435303848,-73.92332461678977,40.68040441686551,N,740
demo_000966,1,2016-04-18 06:47:00,2016-04-18 07:08:19.416105401,1,-74.01979834164551,40.762529333791356,-74.00363516993414,40.7125186030715,N,1279
demo_000967,1,2016-02-27 01:37:00,2016-02-27 01:48:36.384809927,3,-74.02616579323289,40.74546780656501,-74.0112045855793,40.72503839429022,N,696
demo_000968,1,2016-06-14 16:22:00,2016-06-14 16:28:35.658201876,1,-73.95550902043479,40.719295768624676,-73.95730112197707,40.71665815804111,N,395
demo_000969,2,2016-01-07 11:46:00,2016-01-07 12:06:14.699783690,4,-73.99864620632347,40.76029364032905,-74.05439961470101,40.739328489924944,N,1214
demo_000970,1,2016-02-23 18:15:00,2016-02-23 18:37:22.435620117,2,-73.94286068242401,40.76202959786278,-73.91144060881753,40.73355474415677,N,1342
demo_000971,2,2016-03-16 07:29:00,2016-03-16 07:48:39.614239008,2,-73.99301904242884,40.791054555398915,-74.03798092161536,40.79293786707295,N,1179
demo_000972,1,2016-03-26 21:49:00,2016-03-26 22:15:27.016504571,1,-73.93894656001483,40.762781079905444,-73.91726806254182,40.828399263679245,N,1587
demo_000973,1,2016-03-26 08:15:00,2016-03-26 08:29:47.163735394,3,-73.96595129821058,40.8009938028917,-73.93950051546084,40.787812725216725,N,887
demo_000974,1,2016-01-27 15:02:00,2016-01-27 15:15:58.100974316,2,-73.97204112528286,40.75827979103421,-74.01195624894004,40.75820403301694,N,838
demo_000975,1,2016-02-10 14:33:00,2016-02-10 14:49:19.260466939,4,-74.00183050394331,40.753963275181746,-74.0231035316145,40.71853830649651,N,979
demo_000976,1,2016-01-18 03:26:00,2016-01-18 03:51:40.789794772,6,-73.97454075736724,40.795250926518655,-73.9002891480686,40.82882275500478,N,1540
demo_000977,1,2016-04-13 01:01:00,2016-04-13 01:12:49.393271282,5,-73.93132162782713,40.723754569198555,-73.93410350615255,40.747372631369046,N,709
demo_000978,2,2016-03-04 03:45:00,2016-03-04 04:01:51.387608710,1,-73.98743969563985,40.85650566086432,-74.03014717428006,40.878260482629905,N,1011
demo_000979,1,2016-04-11 20:08:00,2016-04-11 20:27:19.788210289,1,-73.96109715003422,40.77113401173584,-73.93306637664426,40.807848498641064,N,1159
demo_000980,2,2016-04-16 03:33:00,2016-04-16 03:45:34.951632178,6,-73.98291379656877,40.77132902384932,-74.00995742876383,40.75979080727256,N,754
demo_000981,2,2016-05-06 08:38:00,2016-05-06 09:05:44.633193615,6,-73.97939281807646,40.776378359089044,-74.04661115886236,40.76821307795321,N,1664
demo_000982,1,2016-04-08 11:11:00,2016-04-08 11:30:48.734031194,3,-73.90744651593778,40.82369977663661,-73.88925458175615,40.869866496997545,N,1188
demo_000983,1,2016-04-26 15:08:00,2016-04-26 15:22:03.724558376,3,-73.93092214860322,40.78573775940854,-73.96300377215563,40.802821418188046,N,843
demo_000984,2,2016-04-15 16:29:00,2016-04-15 17:01:26.539284812,3,-73.98142682831619,40.701823040734865,-73.97018523633841,40.641904051558576,N,1946
demo_000985,2,2016-04-27 10:30:00,2016-04-27 10:42:33.065551395,4,-73.97534956604288,40.80712146346686,-74.00379371737647,40.819401629809065,N,753
demo_000986,1,2016-04-20 23:54:00,2016-04-21 00:05:33.521401495,2,-74.01658417265979,40.74606861971943,-73.99183202586035,40.73036277207865,N,693
demo_000987,2,2016-02-26 22:02:00,2016-02-26 22:14:14.147512641,6,-73.99278371958192,40.76175042754938,-73.98636127822071,40.78600106681511,N,734
demo_000988,1,2016-02-14 07:56:00,2016-02-14 08:32:35.920080563,3,-73.97107709956032,40.71322611097387,-74.06169940017388,40.724247253648215,N,2195
demo_000989,1,2016-05-21 17:42:00,2016-05-21 18:08:59.971293295,2,-73.94672238846938,40.77641707063434,-73.93335194954471,40.729422416005725,N,1619
demo_000990,2,2016-03-02 16:28:00,2016-03-02 16:37:52.839282580,2,-73.951285059639,40.73520189984764,-73.96142565613407,40.742460314451016,N,592
demo_000991,2,2016-04-08 20:18:00,2016-04-08 20:35:39.898319375,6,-74.03491665751571,40.76150593732977,-73.98533154003903,40.767192885965564,N,1059
demo_000992,2,2016-02-05 10:55:00,2016-02-05 11:03:48.003239360,2,-73.94103577711947,40.74805653481238,-73.92720350240391,40.75787002194693,N,528
demo_000993,2,2016-03-18 15:43:00,2016-03-18 15:59:19.841719607,5,-73.98899481557198,40.825375448060754,-73.96252929104062,40.84091472706241,N,979
demo_000994,1,2016-04-05 08:08:00,2016-04-05 08:33:51.797086956,5,-74.02941461100549,40.8273791105051,-74.05428353904122,40.867770191420284,N,1551
demo_000995,2,2016-04-22 16:22:00,2016-04-22 16:38:29.418094897,6,-73.92486268681556,40.759627960957516,-73.95251505809419,40.770802963677106,N,989
demo_000996,2,2016-04-04 17:56:00,2016-04-04 18:02:29.226253147,1,-73.91915244514679,40.76023921989791,-73.92005017173392,40.76085747833072,N,389
demo_000997,1,2016-03-05 22:02:00,2016-03-05 22:16:08.734405964,3,-73.97313138579467,40.74492949617777,-73.98575295023245,40.77592462014085,N,848
demo_000998,1,2016-06-22 02:51:00,2016-06-22 03:19:08.869533248,6,-73.95310428791426,40.7967102202026,-73.9062739710869,40.85726421973952,N,1688
demo_000999,2,2016-04-02 07:02:00,2016-04-02 07:18:19.657863960,1,-73.9504647856065,40.74648780453833,-73.95583095266181,40.77119471490087,N,979
demo_001000,1,2016-05-25 11:51:00,2016-05-25 12:06:48.180882838,1,-73.92219025312345,40.7432531953874,-73.96505901437288,40.74882076081122,N,948
demo_001001,2,2016-05-12 14:34:00,2016-05-12 14:47:45.076242049,1,-73.95223691635557,40.79225075022828,-73.98120224833468,40.80392907507204,N,825
demo_001002,2,2016-04-10 11:55:00,2016-04-10 12:07:02.748967883,1,-74.04474597248473,40.73915953166392,-74.01096918452325,40.74607271316768,N,722
demo_001003,2,2016-06-08 13:15:00,2016-06-08 13:24:13.654099949,5,-73.8945586512963,40.756678573794304,-73.9004126583455,40.75717857100668,N,553
demo_001004,1,2016-01-24 02:07:00,2016-01-24 02:30:38.290341020,3,-73.9370454399734,40.70265412264712,-73.94477035185164,40.76111373509779,N,1418
demo_001005,2,2016-06-14 18:58:00,2016-06-14 19:18:19.264961171,1,-74.00792858923728,40.782646662079316,-73.97082202431466,40.76242222097277,N,1219
demo_001006,2,2016-06-02 00:58:00,2016-06-02 01:13:46.555668567,5,-74.03133312825608,40.82593034287137,-74.06334983986638,40.85711280023392,N,946
demo_001007,2,2016-03-31 15:41:00,2016-03-31 16:06:38.066689755,2,-73.96228339563181,40.783242888047994,-74.04051456607677,40.77984475059508,N,1538
demo_001008,2,2016-05-12 00:15:00,2016-05-12 00:35:37.832323780,1,-73.99752170172654,40.80916297086416,-74.02737203434903,40.76919165327041,N,1237
demo_001009,2,2016-04-03 15:35:00,2016-04-03 15:41:31.751454607,6,-73.97015020907004,40.72838642523379,-73.96167709097092,40.72330184615696,N,391
demo_001010,1,2016-02-18 09:03:00,2016-02-18 09:13:32.052641644,4,-73.95154669214247,40.76627134987099,-73.96027959535431,40.75150840235963,N,632
demo_001011,1,2016-05-23 23:26:00,2016-05-23 23:44:50.032925929,3,-74.01048988495985,40.724989402647076,-74.06510492166281,40.74058399024435,N,1130
demo_001012,1,2016-02-14 06:22:00,2016-02-14 06:33:54.767058925,6,-74.03522485967079,40.750028205904655,-73.99966277607349,40.75249331191644,N,714
demo_001013,2,2016-02-26 14:25:00,2016-02-26 14:39:57.479294367,2,-73.96763816894575,40.78502740170734,-73.9619157758328,40.757432676388845,N,897
demo_001014,1,2016-04-03 11:20:00,2016-04-03 11:37:26.155850500,4,-74.00900245348747,40.76156372145862,-73.99538693917249,40.80128093512285,N,1046
demo_001015,1,2016-05-30 17:29:00,2016-05-30 17:47:18.436447646,5,-73.97842568964204,40.70855756420896,-73.96373933054961,40.73799118232981,N,1098
demo_001016,2,2016-03-10 02:33:00,2016-03-10 02:55:37.449218108,1,-74.0454496896633,40.71197398130618,-74.09089803826805,40.754797480672785,N,1357
demo_001017,2,2016-03-29 22:41:00,2016-03-29 22:48:56.978462750,2,-73.99634822260136,40.70965926239783,-73.98574746052633,40.71605730832767,N,476
demo_001018,2,2016-01-08 11:59:00,2016-01-08 12:11:43.079042773,1,-73.9528271649032,40.77520084064789,-73.92106628249113,40.774236047804315,N,763
demo_001019,1,2016-01-21 20:30:00,2016-01-21 20:45:05.664388813,4,-73.95773303715589,40.830236308747985,-73.91782217909292,40.84923244177869,N,905
demo_001020,1,2016-01-11 01:41:00,2016-01-11 01:54:40.517257473,5,-74.0204761086893,40.80568603854001,-73.99523189231384,40.79009421297515,N,820
demo_001021,2,2016-01-13 23:17:00,2016-01-13 23:25:28.223046221,1,-74.03757189661931,40.69164051802989,-74.0196123585686,40.69515212600733,N,508
demo_001022,2,2016-06-05 08:00:00,2016-06-05 08:24:55.783271034,1,-73.98429063396117,40.80773765783245,-74.04510037822813,40.80299435455077,N,1495
demo_001023,2,2016-05-31 13:24:00,2016-05-31 13:41:03.177951830,3,-73.95975352413413,40.79077401459551,-73.96027623698134,40.751326088031384,N,1023
demo_001024,1,2016-05-27 22:32:00,2016-05-27 22:44:24.992877278,3,-73.96676711869134,40.703914501906496,-74.00024722092161,40.70735580053715,N,744
demo_001025,2,2016-01-11 00:03:00,2016-01-11 00:18:51.973002808,1,-74.00804719299626,40.747387943415134,-73.96317131712813,40.735481837338064,N,951
demo_001026,2,2016-01-14 23:25:00,2016-01-14 23:39:34.019416275,5,-73.9715979000881,40.796343284402354,-73.9320346178549,40.78979437597386,N,874
demo_001027,1,2016-02-20 12:14:00,2016-02-20 12:30:00.818658988,5,-73.91739400379258,40.77726517288272,-73.95066251216778,40.78708736641527,N,960
demo_001028,2,2016-04-11 18:04:00,2016-04-11 18:24:29.102281150,3,-73.97576848907109,40.71218167316642,-73.9773777255008,40.74654006778406,N,1229
demo_001029,2,2016-03-01 03:26:00,2016-03-01 03:38:01.527754764,3,-74.05849165711184,40.77937597545287,-74.0497938265891,40.756459183008076,N,721
demo_001030,1,2016-03-28 18:15:00,2016-03-28 18:30:45.516158317,1,-73.97585598478547,40.68318747913718,-73.94432829077336,40.67410040732869,N,945
demo_001031,1,2016-02-01 03:20:00,2016-02-01 03:40:14.821199202,2,-73.89302193629543,40.7502012238485,-73.95166857504078,40.72954399104678,N,1214
demo_001032,1,2016-05-11 12:57:00,2016-05-11 13:22:32.883837146,4,-74.0429325865902,40.797828486929006,-74.12,40.77541361105843,N,1532
demo_001033,1,2016-02-26 12:01:00,2016-02-26 12:11:08.156692156,6,-73.98366239021769,40.758643797545,-73.98232719233826,40.74259043606646,N,608
demo_001034,1,2016-01-12 23:27:00,2016-01-12 23:55:37.597257758,2,-73.99518509448644,40.740537185751336,-74.08378468326958,40.735233028115324,N,1717
demo_001035,2,2016-05-13 16:25:00,2016-05-13 16:35:36.372558058,5,-73.98068526683262,40.789127118882035,-73.9751352324892,40.80494565361773,N,636
demo_001036,2,2016-06-11 12:02:00,2016-06-11 12:13:12.640997844,4,-73.97625865310808,40.792116313528034,-73.95553138103269,40.800768349177226,N,672
demo_001037,2,2016-01-03 15:25:00,2016-01-03 15:44:25.908008927,4,-73.93370126062717,40.80385138925035,-73.89043846383571,40.7753162502751,N,1165
demo_001038,2,2016-03-19 14:25:00,2016-03-19 14:40:43.593032886,2,-73.98118475211196,40.78860198499562,-74.00297464090592,40.82354431374139,N,943
demo_001039,2,2016-05-28 21:23:00,2016-05-28 21:37:47.118912991,6,-73.92752331992546,40.795848117787806,-73.92188196231072,40.821347250062686,N,887
demo_001040,2,2016-05-07 02:37:00,2016-05-07 02:49:52.568019072,1,-73.99029450464539,40.78365179951032,-73.96749166025728,40.759319786943855,N,772
demo_001041,2,2016-06-03 04:17:00,2016-06-03 04:36:54.455473033,2,-74.00075615482886,40.76729350271908,-74.04190635512336,40.8003444968009,N,1194
demo_001042,2,2016-03-15 17:42:00,2016-03-15 17:57:05.736783189,2,-74.01511323423674,40.76113281499173,-73.98307606131543,40.76996015213183,N,905
demo_001043,2,2016-03-08 00:10:00,2016-03-08 00:15:58.061886424,4,-74.06676891631041,40.749695909831594,-74.05716693492744,40.745471616652615,N,358
demo_001044,2,2016-05-07 15:38:00,2016-05-07 15:49:04.189490612,3,-73.97258983646334,40.71556710974291,-73.99378045803805,40.725235270943855,N,664
demo_001045,1,2016-01-28 15:36:00,2016-01-28 15:42:10.323478387,6,-73.89256998701876,40.72456409719131,-73.88762166699087,40.72386828570942,N,370
demo_001046,2,2016-02-13 02:18:00,2016-02-13 02:26:53.623034472,2,-73.96437940352213,40.74812949313227,-73.96925611050342,40.762846616803266,N,533
demo_001047,1,2016-04-18 03:37:00,2016-04-18 03:50:29.721107920,4,-73.95409636906273,40.76645082558609,-73.92679378080405,40.77150834471063,N,809
demo_001048,1,2016-04-30 07:43:00,2016-04-30 07:54:08.661921222,3,-74.00358640962565,40.80842844093015,-74.0162025127808,40.7993179375188,N,668
demo_001049,2,2016-01-22 12:59:00,2016-01-22 13:22:50.390666607,2,-73.99599500260732,40.756537097024356,-73.98804683533906,40.701839774527,N,1430
demo_001050,2,2016-04-01 11:54:00,2016-04-01 12:05:07.895564349,1,-73.940691133025,40.793121670180724,-73.96242373966037,40.80735559877779,N,667
demo_001051,2,2016-03-06 16:27:00,2016-03-06 16:42:58.685398909,5,-73.89460878618696,40.795776047975124,-73.92743328554117,40.785687355458684,N,958
demo_001052,2,2016-03-31 07:32:00,2016-03-31 07:45:24.788942663,2,-73.91804234288914,40.749899362080896,-73.9120386951723,40.770903920541315,N,804
demo_001053,2,2016-06-21 12:24:00,2016-06-21 12:36:40.586545196,1,-73.94876399166223,40.77881415739796,-73.98015086000788,40.7918193840794,N,760
demo_001054,1,2016-01-14 18:57:00,2016-01-14 19:11:21.047770816,4,-73.98341822392743,40.74947651853963,-73.95539791372673,40.740089584838415,N,861
demo_001055,1,2016-06-28 04:24:00,2016-06-28 04:37:43.908939288,1,-73.97556264885797,40.80427475629275,-73.95483451023178,40.831895437451834,N,823
demo_001056,1,2016-03-21 22:10:00,2016-03-21 22:19:47.457137426,4,-74.01890782937427,40.780254516839314,-74.0456868353463,40.7857852417089,N,587
demo_001057,1,2016-05-18 23:29:00,2016-05-18 23:35:06.765240075,5,-74.05016753845862,40.71633306858591,-74.04268522334306,40.72075142546512,N,366
demo_001058,2,2016-03-17 09:42:00,2016-03-17 09:54:45.400473385,2,-74.0357059260992,40.76365336282539,-74.06264542261088,40.75992437428278,N,765
demo_001059,1,2016-02-25 23:21:00,2016-02-25 23:45:25.291234631,1,-73.98275899844651,40.81568392566384,-74.03890994664957,40.861139929894314,N,1465
demo_001060,2,2016-05-18 16:59:00,2016-05-18 17:13:41.923613454,1,-73.9981396517642,40.75165691379087,-74.01904253262485,40.73239871210529,N,881
demo_001061,2,2016-05-03 18:42:00,2016-05-03 18:49:51.020126748,1,-74.05112487671238,40.77367002605333,-74.05288596573692,40.76495781354193,N,471
demo_001062,1,2016-01-26 22:19:00,2016-01-26 22:35:46.710432788,3,-73.98667955205724,40.777105759320875,-73.96843024668527,40.743697710403715,N,1006
demo_001063,1,2016-05-06 23:21:00,2016-05-06 23:30:50.396886119,3,-73.99932936460097,40.72171819852924,-73.9940975670345,40.741339937617,N,590
demo_001064,1,2016-05-15 13:17:00,2016-05-15 13:30:56.639785066,5,-74.03777819848779,40.77587477822247,-74.0060095869618,40.760156755050815,N,836
demo_001065,1,2016-03-10 19:28:00,2016-03-10 19:46:11.976850583,3,-74.0016580554779,40.70921576967879,-74.03599887147749,40.69652480897218,N,1091
demo_001066,2,2016-06-15 14:48:00,2016-06-15 14:57:04.038227707,4,-73.99944288503224,40.73610315627595,-74.01262732860917,40.72214586720771,N,544
demo_001067,2,2016-04-25 08:38:00,2016-04-25 09:01:44.246655568,3,-74.0127486712966,40.7956503038623,-73.95519583673479,40.797343795595985,N,1424
demo_001068,2,2016-03-01 01:16:00,2016-03-01 01:41:39.988814723,3,-73.94329984258508,40.7704864701608,-74.01088764443836,40.736715961375,N,1539
demo_001069,1,2016-01-02 22:20:00,2016-01-02 22:43:54.447421893,5,-74.0706305702942,40.74734327672888,-74.0864489710016,40.686775654544114,N,1434
demo_001070,1,2016-05-01 11:49:00,2016-05-01 12:06:04.254461102,4,-74.07436095458199,40.773626135743584,-74.11186324275369,40.785984144753186,N,1024
demo_001071,1,2016-02-07 15:07:00,2016-02-07 15:31:14.501510939,4,-73.9848521396998,40.75589677132857,-73.99169108384869,40.698830713261074,N,1454
demo_001072,1,2016-05-16 04:11:00,2016-05-16 04:24:25.886214843,3,-73.98067427647734,40.758440247582314,-73.99587993853761,40.781501967749705,N,805
demo_001073,2,2016-04-04 12:22:00,2016-04-04 12:39:55.190261064,5,-73.96681031887914,40.780988648435205,-73.94573487854599,40.823068897672655,N,1075
demo_001074,1,2016-03-25 00:15:00,2016-03-25 00:22:33.248044456,2,-74.00925380787255,40.73254212907693,-74.00031058479323,40.72810808637069,N,453
demo_001075,1,2016-01-30 11:24:00,2016-01-30 11:46:09.744561128,1,-74.02630657122916,40.75941177419442,-74.07200318624602,40.79449808375587,N,1329
demo_001076,1,2016-05-08 01:42:00,2016-05-08 01:51:17.264299598,3,-73.98532922597127,40.74707061318877,-74.00591489853254,40.7464156898611,N,557
demo_001077,2,2016-01-30 20:43:00,2016-01-30 21:01:46.785155834,2,-74.00487101609066,40.702503881888994,-74.00487511281005,40.745683393184095,N,1126
demo_001078,2,2016-03-16 04:41:00,2016-03-16 04:53:27.283276219,6,-73.91520178679049,40.725784048531274,-73.88932345584912,40.71346616652422,N,747
demo_001079,2,2016-05-30 12:50:00,2016-05-30 13:26:13.372063940,6,-73.99959022624664,40.81288722564724,-73.91443675628284,40.749035416792594,N,2173
demo_001080,1,2016-06-14 15:58:00,2016-06-14 16:08:46.240639984,2,-73.98739333182726,40.771465316010485,-73.96279547921382,40.76930769891961,N,646
demo_001081,1,2016-06-27 01:03:00,2016-06-27 01:25:27.803385240,3,-73.8736061837181,40.71167440945096,-73.90904368093733,40.757789415673045,N,1347
demo_001082,2,2016-06-21 10:36:00,2016-06-21 10:45:12.726448192,3,-73.99376421020288,40.704087596845305,-73.99704879414186,40.71853174110569,N,552
demo_001083,1,2016-04-10 01:47:00,2016-04-10 01:58:44.968893235,2,-73.95997294106604,40.75407426349613,-73.95363877423986,40.740160536325604,N,704
demo_001084,1,2016-02-06 02:04:00,2016-02-06 02:13:34.876995626,1,-73.95591607549761,40.81264152866118,-73.97409475595964,40.82152186023187,N,574
demo_001085,2,2016-05-31 00:46:00,2016-05-31 01:00:21.279337396,6,-73.95208692603268,40.75146346528185,-73.93562790282496,40.77768383592007,N,861
demo_001086,1,2016-05-24 07:02:00,2016-05-24 07:37:07.124741774,4,-73.97197307305649,40.803744984369146,-74.0514712711505,40.80143334051846,N,2107
demo_001087,2,2016-06-27 06:11:00,2016-06-27 06:38:39.911544353,3,-73.97627716425153,40.770317576978655,-73.95691692750505,40.8412301092829,N,1659
demo_001088,1,2016-04-27 04:05:00,2016-04-27 04:18:39.499692829,2,-73.98048495695733,40.77449376602461,-73.99715851674239,40.76052348119859,N,819
demo_001089,2,2016-01-26 11:41:00,2016-01-26 11:53:31.919588548,3,-74.01091972560052,40.71124978217434,-74.01475940870986,40.73831757166955,N,751
demo_001090,1,2016-03-31 12:32:00,2016-03-31 12:49:48.825777103,2,-73.97035165387223,40.79081330226124,-73.9190513510063,40.81138560764625,N,1068
demo_001091,1,2016-03-21 16:25:00,2016-03-21 16:48:11.938118861,2,-73.89371093731589,40.746277378695424,-73.9378640384622,40.727382038228576,N,1391
demo_001092,1,2016-05-31 17:31:00,2016-05-31 17:40:56.494002790,6,-73.93051931409664,40.78820823587638,-73.9209741393455,40.776748348657996,N,596
demo_001093,2,2016-03-11 15:54:00,2016-03-11 16:12:14.435772235,4,-73.97132368899989,40.72950405063049,-73.94353643373466,40.75699271411243,N,1094
demo_001094,2,2016-02-29 03:31:00,2016-02-29 03:41:25.235864544,2,-73.94648765908524,40.76419672716285,-73.94052588304521,40.768106000128164,N,625
demo_001095,1,2016-01-15 09:48:00,2016-01-15 10:12:14.074401553,2,-74.02411291589289,40.77032010338782,-74.0806096465861,40.779448040009456,N,1454
demo_001096,1,2016-05-30 09:10:00,2016-05-30 09:40:29.130557954,5,-73.99672304693898,40.75260883391985,-73.94945916498344,40.70843771536983,N,1829
demo_001097,1,2016-05-15 23:01:00,2016-05-15 23:10:18.337454602,4,-73.94234675701172,40.77215908175802,-73.94974414877595,40.7898710454474,N,558
demo_001098,2,2016-01-08 10:06:00,2016-01-08 10:13:59.939161282,6,-73.91807747629439,40.748676102368265,-73.93654140604711,40.756433117158494,N,479
demo_001099,2,2016-03-19 01:55:00,2016-03-19 02:01:12.083716814,5,-74.0196889777443,40.735282908643555,-74.03055587862104,40.73355733803224,N,372
demo_001100,2,2016-03-27 08:22:00,2016-03-27 08:34:25.164762171,3,-74.00676147392404,40.81419191839779,-74.02013659760924,40.823935998700385,N,745
demo_001101,1,2016-03-25 11:29:00,2016-03-25 11:44:56.454992916,4,-73.88683808927547,40.79471335032265,-73.9284943778217,40.7836644722303,N,956
demo_001102,1,2016-06-14 09:46:00,2016-06-14 09:57:45.901354820,3,-73.98066824376039,40.731369733923316,-73.97489497324769,40.715388366318464,N,705
demo_001103,1,2016-01-28 02:54:00,2016-01-28 03:04:19.598224990,1,-73.90294871122848,40.77789555069582,-73.92385186650546,40.77136464134156,N,619
demo_001104,1,2016-02-25 03:24:00,2016-02-25 03:34:12.572203643,1,-73.97569142072258,40.73200624008546,-73.95221033119734,40.71947275427087,N,612
demo_001105,1,2016-02-02 13:36:00,2016-02-02 14:00:15.161601558,1,-73.97392188729536,40.71653603747182,-73.95580604501883,40.77541033561999,N,1455
demo_001106,1,2016-02-13 22:26:00,2016-02-13 22:46:52.278263826,6,-73.9987470899447,40.794183330448966,-73.94184866053297,40.81880384012774,N,1252
demo_001107,1,2016-06-12 06:41:00,2016-06-12 06:54:10.536881840,6,-73.94258501863204,40.69835651310235,-73.94999217865009,40.67220785215511,N,790
demo_001108,2,2016-06-18 07:55:00,2016-06-18 08:26:44.087503647,3,-73.92390001023632,40.790439956975185,-73.9520137515229,40.84541994903623,N,1904
demo_001109,2,2016-01-09 00:53:00,2016-01-09 01:09:53.079820206,6,-74.03157510035633,40.749154719059945,-74.08301608208669,40.73746759055116,N,1013
demo_001110,1,2016-04-23 18:38:00,2016-04-23 19:10:55.146154223,5,-74.00086027484991,40.750595868892184,-73.9240932563373,40.75139116381372,N,1975
demo_001111,1,2016-02-11 21:55:00,2016-02-11 22:09:49.413620535,1,-73.94382146640316,40.77234129268682,-73.9206476865251,40.796571556949964,N,889
demo_001112,1,2016-02-04 15:51:00,2016-02-04 16:12:25.534186725,2,-73.99082968870029,40.7783419584198,-74.01506438594159,40.725152267734565,N,1285
demo_001113,1,2016-02-22 13:41:00,2016-02-22 13:58:46.226452215,3,-74.007202346084,40.72907798881099,-73.94794191795965,40.722678290943584,N,1066
demo_001114,1,2016-02-04 23:45:00,2016-02-05 00:06:09.461257118,5,-73.93957060307588,40.78312039630625,-73.89210491963986,40.767640382330136,N,1269
demo_001115,1,2016-03-29 05:39:00,2016-03-29 05:55:27.542953727,4,-73.93534460578793,40.76196796883089,-73.98263931837386,40.76750513097858,N,987
demo_001116,1,2016-06-28 05:02:00,2016-06-28 05:13:42.388599372,3,-74.00523389408025,40.71403808224962,-74.03160551470819,40.72402942369779,N,702
demo_001117,2,2016-04-15 13:26:00,2016-04-15 13:30:35.376742216,6,-73.97544350624054,40.752054393074715,-73.98007487582115,40.74996839021074,N,275
demo_001118,2,2016-05-10 04:24:00,2016-05-10 04:37:10.527440704,2,-74.03938136581569,40.806344765544566,-74.07683434417575,40.803006288493734,N,790
demo_001119,2,2016-03-29 19:00:00,2016-03-29 19:17:19.752443434,6,-74.02529664097155,40.816680817938604,-74.02867692217343,40.84543936499976,N,1039
demo_001120,2,2016-01-03 12:04:00,2016-01-03 12:16:31.055957905,5,-73.979412564554,40.7831071960163,-73.9544938964286,40.79124731613532,N,751
demo_001121,1,2016-01-16 03:22:00,2016-01-16 03:39:41.694866864,5,-73.98358669455891,40.71633797791411,-74.03165082460019,40.71745645318551,N,1061
demo_001122,2,2016-02-18 09:31:00,2016-02-18 09:39:37.211356034,1,-74.02850942412788,40.77517124158596,-74.01825440494879,40.77916374755538,N,517
demo_001123,2,2016-02-13 20:38:00,2016-02-13 21:01:40.105301624,1,-74.01721882661265,40.787780131635074,-73.9763213974725,40.83734913456839,N,1420
demo_001124,2,2016-05-31 07:18:00,2016-05-31 07:28:14.639070446,6,-74.032926996648,40.78339977941616,-74.01891928827354,40.78806197679473,N,614
demo_001125,2,2016-05-31 20:18:00,2016-05-31 20:26:51.819017017,5,-73.96452230643891,40.78547340010408,-73.96716887885621,40.771583290470005,N,531
demo_001126,1,2016-06-02 17:48:00,2016-06-02 18:19:11.255167455,2,-74.07354376385113,40.770714207773665,-74.0969273254363,40.719171232381164,N,1871
demo_001127,2,2016-04-24 18:22:00,2016-04-24 18:49:48.813568103,6,-74.0305209753302,40.755465568140934,-74.00144150980672,40.71674925904199,N,1668
demo_001128,2,2016-04-10 02:40:00,2016-04-10 02:55:08.892285306,2,-74.06883236965245,40.736707137643364,-74.11002457357414,40.724097438476214,N,908
demo_001129,2,2016-04-26 20:19:00,2016-04-26 20:24:35.749161331,3,-73.9661440728264,40.69157225685245,-73.95764635943807,40.68864608206569,N,335
demo_001130,2,2016-03-14 05:24:00,2016-03-14 05:33:13.372403176,2,-74.06612300975246,40.76988746183497,-74.06522995909559,40.754885682425495,N,553
demo_001131,1,2016-04-30 15:16:00,2016-04-30 15:29:53.746980161,3,-73.9835721860659,40.76451184952783,-73.94417580014856,40.77399273690806,N,833
demo_001132,2,2016-05-22 23:59:00,2016-05-23 00:09:19.412341232,5,-73.91122141929137,40.77751515449887,-73.93161762592878,40.76216543729715,N,619
demo_001133,2,2016-05-17 07:44:00,2016-05-17 08:03:29.522734269,1,-73.9096954708428,40.71118597073475,-73.92711622425907,40.6864947604411,N,1169
demo_001134,2,2016-04-20 11:44:00,2016-04-20 12:00:24.680095380,6,-74.06626584061304,40.78057558412603,-74.10973111108514,40.79711696768068,N,984
demo_001135,2,2016-01-11 11:01:00,2016-01-11 11:17:33.990123926,2,-73.9715715679266,40.82990907831173,-73.95626661831558,40.866882729727436,N,993
demo_001136,2,2016-05-10 11:46:00,2016-05-10 12:00:58.644149102,6,-74.02950370833712,40.76074575457723,-74.04433726284324,40.73085222943807,N,898
demo_001137,2,2016-03-06 23:44:00,2016-03-06 23:55:27.269204447,6,-74.03869112160696,40.75584171382777,-74.0688637108114,40.76242204214788,N,687
demo_001138,2,2016-05-13 20:38:00,2016-05-13 21:02:31.066753515,4,-73.99010614794756,40.768815082463,-74.01694471728126,40.717379956692845,N,1471
demo_001139,2,2016-04-07 02:45:00,2016-04-07 03:07:10.189407635,1,-73.92972689793801,40.82913179586487,-73.9109282055618,40.789319266335234,N,1330
demo_001140,1,2016-06-07 14:43:00,2016-06-07 14:57:39.847062491,4,-73.95801535066008,40.722172328340505,-73.99661896815039,40.70627565098512,N,879
demo_001141,2,2016-03-01 22:07:00,2016-03-01 22:24:27.997966302,5,-74.01718134178174,40.76511224266879,-74.05267715055602,40.79575482434298,N,1047
demo_001142,2,2016-06-16 15:37:00,2016-06-16 15:52:05.260077265,6,-73.95327347011654,40.73001199021959,-73.92190082022343,40.70898692741754,N,905
demo_001143,2,2016-06-01 00:08:00,2016-06-01 00:18:29.975670085,1,-74.08596687493467,40.73885483477043,-74.0917810950887,40.716820121951756,N,629
demo_001144,1,2016-02-29 14:22:00,2016-02-29 14:33:09.316748672,5,-74.0188825609295,40.75626433922413,-73.98544198292005,40.757238695835284,N,669
demo_001145,1,2016-03-27 20:42:00,2016-03-27 20:51:01.106319464,2,-74.02207511951156,40.80515631345648,-74.03465257304738,40.806157570957524,N,541
demo_001146,1,2016-04-05 15:25:00,2016-04-05 15:35:42.131738190,5,-73.98147556887174,40.82103467102411,-73.98151497535062,40.79983612125973,N,642
demo_001147,2,2016-05-18 08:28:00,2016-05-18 08:57:26.143593434,4,-73.9941272583647,40.77368497506194,-73.98865678384693,40.82731295737805,N,1766
demo_001148,2,2016-05-04 01:09:00,2016-05-04 01:26:05.696028976,6,-73.99136619921289,40.74481918469418,-73.94281117986276,40.73765437362007,N,1025
demo_001149,2,2016-06-02 08:42:00,2016-06-02 09:01:56.522267645,1,-73.99286237885478,40.84524586033235,-73.94715682993743,40.84831265485764,N,1196
demo_001150,2,2016-03-07 13:49:00,2016-03-07 14:03:20.321418810,4,-73.98399167415549,40.74303559315347,-73.94362837781875,40.73218754563529,N,860
demo_001151,2,2016-03-31 20:41:00,2016-03-31 20:50:50.316041829,5,-73.96069410648688,40.73801024299741,-73.98270276693462,40.74988947517549,N,590
demo_001152,1,2016-03-18 13:20:00,2016-03-18 13:36:52.892012591,3,-73.9782801038254,40.69587699343975,-74.01281913875381,40.72922084755176,N,1012
demo_001153,1,2016-06-12 17:15:00,2016-06-12 17:42:12.714035443,2,-73.99779583174721,40.806863204923566,-73.97116813054008,40.85178212474134,N,1632
demo_001154,1,2016-02-24 21:30:00,2016-02-24 21:47:10.616880880,2,-73.96692132740878,40.791888595733,-73.91873473782826,40.771307422500875,N,1030
demo_001155,2,2016-04-15 16:22:00,2016-04-15 16:45:44.338930965,5,-73.94782444053563,40.84262319376408,-73.90712578491147,40.87234466352421,N,1424
demo_001156,2,2016-01-22 15:07:00,2016-01-22 15:16:01.372603617,2,-74.01002116508252,40.70936668267237,-74.00956444107585,40.724208064800244,N,541
demo_001157,1,2016-06-02 01:11:00,2016-06-02 01:27:01.774910388,6,-73.98767312288027,40.80903597826177,-73.96219982380967,40.83534846671719,N,961
demo_001158,2,2016-03-10 03:49:00,2016-03-10 04:00:49.662500216,2,-73.9327142046629,40.760454743142816,-73.90662563680492,40.75797400278011,N,709
demo_001159,1,2016-03-02 07:21:00,2016-03-02 07:29:12.508671754,3,-74.03462423047704,40.78621350758801,-74.02941123277876,40.78116340670939,N,492
demo_001160,2,2016-04-14 22:12:00,2016-04-14 22:23:54.887377048,6,-73.90378840116848,40.700327800061345,-73.89705532430268,40.72559209549562,N,714
demo_001161,1,2016-03-30 18:53:00,2016-03-30 19:09:25.417832720,1,-74.04526197386328,40.80938286379329,-74.04182513707518,40.835159561456805,N,985
demo_001162,2,2016-06-01 15:15:00,2016-06-01 15:34:11.751906082,3,-74.00054140750422,40.785528086296615,-74.02812478616897,40.82780254152089,N,1151
demo_001163,1,2016-04-05 15:41:00,2016-04-05 15:50:38.999169808,6,-74.02775854985941,40.756638148782486,-74.05177038517387,40.76199893277965,N,578
demo_001164,2,2016-04-03 01:25:00,2016-04-03 01:34:38.868986126,2,-73.88654328514087,40.78057894406814,-73.91109544779371,40.777692249122,N,578
demo_001165,1,2016-01-19 21:30:00,2016-01-19 21:59:20.104133285,2,-74.00765075129812,40.731207664463525,-74.0636240384855,40.66479161780368,N,1760
demo_001166,2,2016-01-04 22:46:00,2016-01-04 23:04:54.090197739,1,-74.00753785204378,40.73771959700464,-74.00253775458658,40.69421556247877,N,1134
demo_001167,1,2016-03-12 17:44:00,2016-03-12 17:54:51.468352535,1,-74.0016836932973,40.74177943852311,-74.00310376134661,40.73113464518316,N,651
demo_001168,1,2016-06-28 16:15:00,2016-06-28 16:35:45.566524243,2,-73.98069787364477,40.69315452484084,-73.95402912889584,40.6634259336972,N,1245
demo_001169,1,2016-06-14 02:53:00,2016-06-14 03:09:42.223658442,6,-73.9997798800507,40.78816154729712,-73.95565477514643,40.81014307256382,N,1002
demo_001170,2,2016-04-23 05:11:00,2016-04-23 05:30:18.174012847,4,-73.99097990620801,40.799705776496396,-73.94462960343839,40.764335210533766,N,1158
demo_001171,1,2016-04-23 13:11:00,2016-04-23 13:29:08.683129462,2,-74.1,40.73345295475827,-74.05035370895915,40.719917737892814,N,1088
demo_001172,2,2016-03-11 11:17:00,2016-03-11 11:27:31.566750808,5,-73.98242780737992,40.77018710555807,-74.00892564333503,40.757712390243334,N,631
demo_001173,1,2016-02-01 22:49:00,2016-02-01 23:09:46.449876323,4,-73.9841987020331,40.74870608338798,-74.03431727676265,40.78123414663976,N,1246
demo_001174,2,2016-01-02 12:55:00,2016-01-02 13:08:08.164176865,2,-73.93826440411644,40.76948958867284,-73.90568837888415,40.75306714244931,N,788
demo_001175,2,2016-03-01 23:51:00,2016-03-02 00:07:36.099851526,2,-73.92609225732743,40.73603479655762,-73.8777175869904,40.748249923744915,N,996
demo_001176,1,2016-02-26 23:08:00,2016-02-26 23:26:02.489253438,2,-73.99344686276262,40.727080119536936,-73.93898712711027,40.73236418498005,N,1082
demo_001177,2,2016-02-04 11:43:00,2016-02-04 11:56:18.528942292,5,-73.94826969132467,40.79482262101083,-73.93129482398544,40.81921141011791,N,798
demo_001178,2,2016-02-16 15:36:00,2016-02-16 16:00:38.911593515,5,-74.03457059512002,40.75576452952065,-74.10445523328615,40.778720335927794,N,1478
demo_001179,1,2016-01-05 11:14:00,2016-01-05 11:19:54.654690677,4,-73.95046959457868,40.828773813279874,-73.9376732633585,40.82787093023239,N,354
demo_001180,2,2016-04-19 10:23:00,2016-04-19 10:44:13.759111625,3,-74.01076141096105,40.759620848767796,-73.99132098058422,40.7138208969274,N,1273
demo_001181,2,2016-06-15 22:37:00,2016-06-15 22:52:29.844712849,4,-74.03831138606586,40.72558726858774,-73.9944887603218,40.719330264648306,N,929
demo_001182,2,2016-05-04 08:15:00,2016-05-04 08:38:52.636011118,6,-73.99335149051919,40.80094293067526,-73.94331448622978,40.800404128272895,N,1432
demo_001183,2,2016-03-21 16:15:00,2016-03-21 16:31:13.241422881,4,-73.9219787398761,40.78007800574511,-73.8901415707576,40.78780025504024,N,973
demo_001184,1,2016-03-16 15:33:00,2016-03-16 15:44:18.925291225,4,-73.97685475084711,40.78344055022938,-73.99740951228746,40.76352656130842,N,678
demo_001185,2,2016-02-25 08:33:00,2016-02-25 08:56:40.360907947,2,-73.91765803335447,40.79967102376038,-73.95367713936382,40.83047535395742,N,1420
demo_001186,1,2016-01-26 15:11:00,2016-01-26 15:20:30.531189139,3,-74.01869297212171,40.7351521297154,-74.00000433180814,40.73551985400991,N,570
demo_001187,1,2016-04-17 17:25:00,2016-04-17 17:45:44.247245686,1,-73.93784670029534,40.75354613418552,-73.96558122916024,40.72869270579459,N,1244
demo_001188,2,2016-04-11 23:23:00,2016-04-11 23:40:34.359709411,3,-74.01434720167566,40.75199925589793,-73.96271740293618,40.7396271042519,N,1054
demo_001189,2,2016-01-02 07:35:00,2016-01-02 08:11:56.656034102,5,-73.97486020978299,40.71282387120796,-74.0345197725903,40.76489452286506,N,2216
demo_001190,2,2016-03-15 19:03:00,2016-03-15 19:18:29.358351477,5,-73.97524927271033,40.74877434474446,-73.95540824127652,40.76671254785402,N,929
demo_001191,1,2016-02-20 01:03:00,2016-02-20 01:18:13.560929154,6,-73.95523287197341,40.80477328102569,-73.94404914785743,40.83308160802593,N,913
demo_001192,1,2016-01-31 15:37:00,2016-01-31 15:50:05.525356362,3,-73.97371667210399,40.76630683363279,-73.98095350546758,40.738183985450526,N,785
demo_001193,1,2016-05-06 13:06:00,2016-05-06 13:20:46.825661808,5,-74.01826330420198,40.71088785352543,-74.05064237380265,40.692289451836466,N,886
demo_001194,2,2016-04-04 15:34:00,2016-04-04 16:00:17.917539997,5,-73.94538618715583,40.70354562059173,-74.01754835774135,40.685147218332936,N,1577
demo_001195,2,2016-04-24 01:53:00,2016-04-24 02:07:06.501216034,5,-73.90707545325536,40.81626716205619,-73.9256754572679,40.821245792971084,N,846
demo_001196,1,2016-05-08 10:14:00,2016-05-08 10:24:10.227128609,5,-74.01127115400152,40.75483883464107,-74.02925706534471,40.75014078520176,N,610
demo_001197,1,2016-06-25 17:24:00,2016-06-25 17:43:17.337898880,3,-74.06758544344002,40.735340642800445,-74.02867466038033,40.7221242936965,N,1157
demo_001198,2,2016-05-24 11:56:00,2016-05-24 12:06:39.480229969,3,-73.96253061942407,40.748410288228605,-73.98993056676387,40.73858040923101,N,639
demo_001199,1,2016-04-21 15:56:00,2016-04-21 16:08:38.422984875,4,-73.99990311773234,40.7062942285989,-73.98405614625761,40.68485527855867,N,758
demo_001200,2,2016-06-07 05:22:00,2016-06-07 05:39:57.520370949,3,-73.990899628518,40.80780833023291,-74.03612802163846,40.80295266948657,N,1077
demo_001201,1,2016-03-26 22:49:00,2016-03-26 23:03:47.745363119,5,-73.95997200099211,40.74424314718449,-73.94316331419918,40.774299967948004,N,887
demo_001202,2,2016-06-26 06:11:00,2016-06-26 06:40:34.645661587,6,-74.00553765934215,40.80585905347085,-74.08385717166861,40.76500429097901,N,1774
demo_001203,2,2016-05-17 01:23:00,2016-05-17 01:47:10.888676720,1,-73.99709833871046,40.75980781000566,-73.92376297248289,40.76916275471381,N,1450
demo_001204,2,2016-04-27 03:48:00,2016-04-27 04:04:31.083030788,4,-73.98950537826215,40.8080336191099,-73.99444274170007,40.84529612187165,N,991
demo_001205,1,2016-06-11 14:22:00,2016-06-11 14:51:57.870407386,3,-73.91886107279068,40.76698430746651,-74.01666859814465,40.76203825580524,N,1797
demo_001206,1,2016-04-02 17:08:00,2016-04-02 17:22:30.542226573,1,-73.98364686781488,40.78786314320042,-74.00876809945947,40.77358349041348,N,870
demo_001207,1,2016-05-09 17:24:00,2016-05-09 17:44:12.165342385,2,-74.04060531113667,40.783168256613095,-74.07125348929468,40.80812250673376,N,1212
demo_001208,2,2016-02-21 06:02:00,2016-02-21 06:17:11.763719952,5,-74.03881453165135,40.779815187318825,-74.06176816626667,40.753241196643366,N,911
demo_001209,1,2016-06-22 09:04:00,2016-06-22 09:12:40.460802466,3,-73.97873465352532,40.770177706701396,-73.99149710237828,40.76956503539305,N,520
demo_001210,1,2016-04-22 04:56:00,2016-04-22 05:10:09.184898630,1,-74.03582426003109,40.749850224935955,-74.0590158603975,40.72177443422554,N,849
demo_001211,1,2016-05-20 18:15:00,2016-05-20 18:46:41.073855295,5,-74.05530365691159,40.82504021420505,-74.08387807960898,40.7745474880144,N,1901
demo_001212,1,2016-03-23 22:23:00,2016-03-23 22:37:54.961424602,2,-73.95640088040797,40.72625720552165,-73.99695478372793,40.72215363037219,N,894
demo_001213,1,2016-06-05 00:34:00,2016-06-05 00:51:43.535764810,3,-73.9541975718709,40.758150767482014,-73.92543494203325,40.72403910077381,N,1063
demo_001214,1,2016-01-14 08:26:00,2016-01-14 08:47:21.492380957,2,-74.00156614402522,40.75852100563227,-73.95952639749196,40.75820590177238,N,1281
demo_001215,1,2016-01-21 12:55:00,2016-01-21 13:10:34.630011742,5,-73.97178533189818,40.77208542636703,-73.98069541571145,40.802191226225304,N,934
demo_001216,1,2016-04-01 06:44:00,2016-04-01 07:03:16.645509907,6,-73.9765345260112,40.742968457393694,-73.97715180876234,40.79303335337404,N,1156
demo_001217,1,2016-05-11 20:01:00,2016-05-11 20:15:14.545091629,6,-73.95789112763138,40.76901612069564,-73.99731270773812,40.77154141136211,N,854
demo_001218,1,2016-05-25 15:49:00,2016-05-25 16:02:25.071269902,1,-73.95778625432271,40.7520905095179,-73.95530052988094,40.77960933698124,N,805
demo_001219,1,2016-03-20 05:10:00,2016-03-20 05:17:47.796447325,6,-74.1,40.702631661889676,-74.0919512683246,40.713403653442555,N,467
demo_001220,2,2016-04-26 22:35:00,2016-04-26 22:41:37.478615991,4,-73.99582245313171,40.75833433001899,-74.00350140447169,40.74799026244436,N,397
demo_001221,2,2016-04-09 13:24:00,2016-04-09 13:44:57.565977212,5,-73.96169431153199,40.71948021334395,-73.94783168731006,40.667511251787815,N,1257
demo_001222,2,2016-06-22 01:46:00,2016-06-22 02:03:30.136484947,1,-74.00347054659676,40.697296498314294,-73.99266573922498,40.74121179114551,N,1050
demo_001223,2,2016-04-27 17:43:00,2016-04-27 18:10:17.733016183,6,-73.98337088123331,40.76279056622413,-74.02026575985148,40.73446480711354,N,1637
demo_001224,1,2016-03-16 00:45:00,2016-03-16 01:05:18.741952023,2,-73.95121850082448,40.775075916970685,-73.90946183784396,40.812410731578964,N,1218
demo_001225,1,2016-06-23 13:36:00,2016-06-23 13:45:52.093214763,3,-73.98135836450365,40.77643443147366,-73.98862598359769,40.79092823746374,N,592
demo_001226,1,2016-01-20 07:19:00,2016-01-20 07:46:56.681495066,6,-73.91714362622443,40.77785097474569,-73.85849862015733,40.75149862954401,N,1676
demo_001227,1,2016-06-26 05:22:00,2016-06-26 05:29:20.948489673,5,-73.93428561864735,40.69035938426708,-73.91957089801768,40.698783340036194,N,440
demo_001228,1,2016-01-28 17:20:00,2016-01-28 18:00:59.790595567,4,-73.99033538688371,40.710364407523244,-73.9213527273207,40.76795300617795,N,2459
demo_001229,2,2016-02-21 21:08:00,2016-02-21 21:28:45.091859307,5,-73.99391207768261,40.82707325028848,-73.95277765675688,40.8685358699718,N,1245
demo_001230,2,2016-05-27 20:45:00,2016-05-27 20:54:22.097827643,3,-74.1,40.721347693397306,-74.09204836301507,40.70750444088168,N,562
demo_001231,2,2016-05-12 01:48:00,2016-05-12 02:00:41.176289572,6,-73.99969259886008,40.77937943608978,-74.02500133919176,40.7601559556188,N,761
demo_001232,1,2016-06-23 15:55:00,2016-06-23 16:10:14.105306296,1,-74.04589710017197,40.7339571832417,-74.0704519617889,40.736662800249235,N,914
demo_001233,1,2016-05-14 23:55:00,2016-05-15 00:05:37.934061800,4,-73.97504467060998,40.76078854587437,-73.95638847063559,40.75631967519218,N,637
demo_001234,1,2016-04-24 15:52:00,2016-04-24 16:09:31.857242351,1,-73.9781208179996,40.73583610292043,-73.97311140506692,40.76822901233278,N,1051
demo_001235,1,2016-03-03 08:50:00,2016-03-03 09:06:13.240944031,3,-73.9536864909788,40.77765394041169,-73.97430240923849,40.79762284709508,N,973
demo_001236,1,2016-01-01 20:21:00,2016-01-01 20:42:12.740381787,4,-73.92214982876233,40.76278709410609,-73.89299273059598,40.71709657086482,N,1272
demo_001237,2,2016-01-23 07:07:00,2016-01-23 07:19:23.705914081,6,-73.98618212433524,40.74230985792246,-73.98482512777278,40.754694089818905,N,743
demo_001238,1,2016-02-23 14:23:00,2016-02-23 14:34:09.108176823,6,-73.88238126596346,40.72124397581118,-73.85301592242793,40.716408519867755,N,669
demo_001239,1,2016-01-08 08:53:00,2016-01-08 09:10:03.732636941,5,-73.97453968496511,40.76737209691224,-74.00868113729966,40.768374016585,N,1023
demo_001240,1,2016-04-01 11:20:00,2016-04-01 11:32:44.707779216,6,-74.04395973771724,40.71555484203351,-74.00897822933696,40.72227630341855,N,764
demo_001241,1,2016-05-19 22:07:00,2016-05-19 22:23:21.611906148,1,-74.01029323437996,40.77296183647423,-73.9927583894528,40.8053275196167,N,981
demo_001242,2,2016-06-22 09:15:00,2016-06-22 09:37:48.308900641,4,-74.00177360151385,40.849926971816295,-73.95985866325768,40.876327381832034,N,1368
demo_001243,1,2016-03-29 03:30:00,2016-03-29 03:44:23.413719497,4,-73.9583542781981,40.80525595179417,-73.92414421067303,40.78501289779562,N,863
demo_001244,2,2016-06-06 12:01:00,2016-06-06 12:06:15.668080376,1,-74.02762624551032,40.783142176041295,-74.03059961453509,40.78155965291367,N,315
demo_001245,2,2016-06-26 09:32:00,2016-06-26 09:42:42.210552172,4,-73.99840891472643,40.755003744579064,-74.00419702364894,40.742893666971916,N,642
demo_001246,1,2016-06-03 18:27:00,2016-06-03 19:03:35.736208003,1,-73.99224681263583,40.69014365805488,-73.92984072789514,40.6447338168944,N,2195
demo_001247,1,2016-03-24 16:41:00,2016-03-24 16:48:00.562956698,4,-74.0051654363445,40.7117199761435,-74.01533533277286,40.70876697243827,N,420
demo_001248,2,2016-02-28 13:07:00,2016-02-28 13:29:08.604265279,2,-73.94848630782441,40.8028977499636,-73.92229112836509,40.852706119507694,N,1328
demo_001249,1,2016-06-25 00:36:00,2016-06-25 00:54:35.307327805,6,-73.95614053751906,40.730358537195634,-73.9694890822457,40.68413336556439,N,1115
demo_001250,1,2016-02-13 13:03:00,2016-02-13 13:23:07.585663733,2,-73.93250447892032,40.73352617656426,-73.99767038672513,40.73287650813544,N,1207
demo_001251,1,2016-03-15 02:00:00,2016-03-15 02:14:54.451292440,4,-73.99989613315,40.75220223335106,-74.0428530015732,40.750686503425,N,894
demo_001252,1,2016-01-14 07:48:00,2016-01-14 07:58:16.579074058,4,-73.93088625945585,40.720828380940375,-73.91667902848567,40.72859723867801,N,616
demo_001253,2,2016-05-22 20:42:00,2016-05-22 20:59:40.095521498,6,-74.04637986886897,40.7150630942907,-74.02184025938278,40.68906952044106,N,1060
demo_001254,1,2016-04-26 23:17:00,2016-04-26 23:34:23.615369844,3,-74.04747729354455,40.756233407452655,-74.03315482422184,40.71775542150105,N,1043
demo_001255,2,2016-01-16 06:25:00,2016-01-16 06:45:49.435809094,3,-74.03962107587411,40.72679646908648,-73.99951284332533,40.689574332353025,N,1249
demo_001256,2,2016-02-09 22:43:00,2016-02-09 22:59:48.225150468,5,-73.98458547383156,40.73206434970774,-73.97089136839837,40.76799956118269,N,1008
demo_001257,2,2016-04-09 23:35:00,2016-04-09 23:50:10.639124145,1,-73.930892984754,40.730658314084856,-73.95802619947568,40.704125792777084,N,910
demo_001258,2,2016-04-07 06:34:00,2016-04-07 06:45:36.847207314,4,-74.01209639362878,40.77628260748421,-73.9912958172772,40.762794428309576,N,696
demo_001259,2,2016-05-24 08:53:00,2016-05-24 09:24:38.825441270,3,-74.00645120322339,40.74987560083267,-74.00051492459085,40.80670068099522,N,1898
demo_001260,1,2016-02-17 21:32:00,2016-02-17 21:44:26.828098213,6,-73.99472080798893,40.751749981123716,-74.01486533816217,40.73192507839075,N,746
demo_001261,1,2016-06-15 10:42:00,2016-06-15 10:50:58.406741001,4,-73.95922273444755,40.77889310640581,-73.9426845588962,40.788137895550484,N,538
demo_001262,2,2016-03-21 00:07:00,2016-03-21 00:20:10.120930462,5,-74.00649313865095,40.75302861371185,-74.00371518284034,40.781751528980735,N,790
demo_001263,1,2016-05-28 01:33:00,2016-05-28 01:47:02.165324154,5,-74.00900376310624,40.748261118104004,-74.0301787823873,40.77568556315244,N,842
demo_001264,1,2016-02-12 21:48:00,2016-02-12 22:04:11.777683694,1,-74.0455427868511,40.77446576244496,-74.05176808892581,40.73851320080478,N,971
demo_001265,2,2016-01-07 15:42:00,2016-01-07 16:00:03.412921919,4,-74.01072745000297,40.78138692452452,-73.961252600259,40.76212640843658,N,1083
demo_001266,2,2016-01-10 21:49:00,2016-01-10 22:07:49.110057780,5,-73.93201422111791,40.752852427517205,-73.88368314755547,40.76101625487601,N,1129
demo_001267,2,2016-03-08 02:04:00,2016-03-08 02:24:19.746690121,3,-73.98090832961847,40.76082127214672,-73.974323284744,40.81290474349607,N,1219
demo_001268,2,2016-06-20 13:37:00,2016-06-20 13:51:07.883933627,2,-74.01829345296116,40.73063734195934,-74.01628910243511,40.71007655417603,N,847
demo_001269,1,2016-01-09 18:22:00,2016-01-09 18:44:24.523956033,3,-73.92937352122719,40.72787609348924,-73.97953013078143,40.714548542918244,N,1344
demo_001270,2,2016-03-07 09:59:00,2016-03-07 10:25:33.842438499,1,-74.0113346075927,40.78492016256884,-73.95115682862487,40.796248671946664,N,1593
demo_001271,2,2016-01-20 16:05:00,2016-01-20 16:24:59.200123453,6,-73.92110199892329,40.773572972189065,-73.88483003286541,40.790303744327474,N,1199
demo_001272,2,2016-06-16 16:21:00,2016-06-16 16:37:12.705235498,1,-73.92183768599449,40.773935445344584,-73.89551938101984,40.79230230346076,N,972
demo_001273,1,2016-05-01 13:19:00,2016-05-01 13:43:30.258796046,1,-73.98247947681314,40.7678299022054,-74.06209505191131,40.74497829385486,N,1470
demo_001274,1,2016-05-17 06:49:00,2016-05-17 06:57:39.784264626,1,-74.05243472873173,40.75961711465352,-74.05100243595878,40.74525181495629,N,519
demo_001275,1,2016-05-08 09:16:00,2016-05-08 09:24:06.384233359,2,-73.88197247230944,40.7823744161788,-73.88642197710061,40.78819294857345,N,486
demo_001276,2,2016-04-28 06:21:00,2016-04-28 06:39:10.697962426,2,-73.96757257746809,40.7907288066358,-73.94367403712756,40.82481121207676,N,1090
demo_001277,1,2016-05-19 06:28:00,2016-05-19 06:35:29.526713373,4,-73.99957491611242,40.789892980181676,-74.01536099458653,40.78345390996448,N,449
demo_001278,1,2016-01-02 11:05:00,2016-01-02 11:10:52.519352210,1,-73.94197424383512,40.754472772941895,-73.950084101411,40.753870621639635,N,352
demo_001279,2,2016-06-04 18:46:00,2016-06-04 19:04:15.705198377,5,-73.95339637458405,40.80654474554681,-73.93171692172064,40.77884467774405,N,1095
demo_001280,2,2016-05-13 04:12:00,2016-05-13 04:33:17.009696424,3,-73.92600777425511,40.76599612386063,-73.95308301710321,40.816303248321724,N,1277
demo_001281,2,2016-05-13 02:20:00,2016-05-13 02:31:07.788423669,3,-74.0148056504906,40.78013316673981,-74.03489714440992,40.78429826631263,N,667
demo_001282,2,2016-03-11 19:38:00,2016-03-11 19:56:39.236649419,4,-73.97066869642515,40.76787307617922,-73.96390226403352,40.796972455227255,N,1119
demo_001283,2,2016-05-24 03:45:00,2016-05-24 04:00:03.464014771,1,-74.03836416036103,40.766645234761945,-73.9915171607438,40.76745245937977,N,903
demo_001284,2,2016-03-09 17:27:00,2016-03-09 17:43:01.510804931,4,-73.95501495219165,40.73224868034124,-73.92671851138883,40.73455089110281,N,961
demo_001285,2,2016-01-09 19:31:00,2016-01-09 19:58:09.971292214,4,-73.98603254163322,40.78254727934207,-73.94839339922058,40.74203893928906,N,1629
demo_001286,2,2016-06-12 09:46:00,2016-06-12 10:17:54.596217356,5,-73.97235458350309,40.85758530382177,-73.97013849528555,40.799514733340075,N,1914
demo_001287,1,2016-02-12 05:11:00,2016-02-12 05:31:03.207662456,1,-73.99158573757282,40.74488217238235,-73.93925800674042,40.77868361310192,N,1203
demo_001288,1,2016-01-19 08:12:00,2016-01-19 08:37:27.452588925,1,-73.99629449692648,40.760484815039874,-74.05723588178402,40.762592386824956,N,1527
demo_001289,2,2016-04-21 22:35:00,2016-04-21 22:57:14.744527336,1,-74.02407040283066,40.742382815747845,-73.95329203018662,40.74795637506848,N,1334
demo_001290,1,2016-02-12 01:22:00,2016-02-12 01:48:18.171865591,6,-73.94943064033922,40.74091930344534,-73.87411907620792,40.70719485213593,N,1578
demo_001291,1,2016-06-03 11:06:00,2016-06-03 11:18:38.403346371,3,-73.91796331834664,40.812055731734155,-73.90198174611284,40.78767299893373,N,758
demo_001292,2,2016-03-20 21:00:00,2016-03-20 21:15:54.173159343,2,-74.01005007615095,40.73444601437954,-73.98092088384071,40.76312816841019,N,954
demo_001293,2,2016-01-01 19:26:00,2016-01-01 19:53:36.209633951,1,-73.9600906772763,40.74140718343218,-73.96142067251648,40.7883910652449,N,1656
demo_001294,1,2016-06-20 07:25:00,2016-06-20 07:37:16.416312393,2,-73.96555173689029,40.702437751169406,-73.97288662959785,40.68566335279755,N,736
demo_001295,1,2016-04-02 15:11:00,2016-04-02 15:23:37.176033151,3,-73.9846355984893,40.73148358964102,-74.00601606162705,40.74961363842682,N,757
demo_001296,2,2016-02-17 08:03:00,2016-02-17 08:08:58.889245841,6,-74.0536968080014,40.698206003746634,-74.05541222857066,40.703336676929034,N,358
demo_001297,1,2016-05-01 21:52:00,2016-05-01 22:00:58.367095768,5,-74.04357188079997,40.78011316447242,-74.02411420915378,40.77685888309032,N,538
demo_001298,1,2016-04-05 12:14:00,2016-04-05 12:33:45.325236315,6,-74.02014418780182,40.85598940276431,-74.0054482531511,40.90599229630912,N,1185
demo_001299,2,2016-01-06 07:54:00,2016-01-06 08:23:28.768205562,1,-74.08125521256073,40.74516624222223,-74.01172410505154,40.73292979777962,N,1768
demo_001300,2,2016-05-16 17:40:00,2016-05-16 18:00:14.594441195,4,-73.92163861715424,40.69966347234534,-73.91812900805115,40.733162713544814,N,1214
demo_001301,1,2016-03-13 05:51:00,2016-03-13 06:08:27.566763311,3,-73.96845335468691,40.789499988255045,-74.02056235433399,40.79979841781518,N,1047
demo_001302,2,2016-05-05 23:12:00,2016-05-05 23:29:56.308518445,2,-73.98634824717796,40.73255762643745,-73.92879737543514,40.7321016147336,N,1076
demo_001303,1,2016-06-10 05:08:00,2016-06-10 05:26:29.990908048,3,-74.08356061186706,40.80347714256938,-74.12,40.84052160624127,N,1109
demo_001304,1,2016-04-19 21:50:00,2016-04-19 21:59:42.022225286,4,-74.06707418847591,40.748128983327355,-74.0866528708686,40.75596261478478,N,582
demo_001305,2,2016-04-30 21:22:00,2016-04-30 21:28:24.017291445,1,-73.98510536246842,40.735886450882106,-73.97559435252114,40.73328290757448,N,384
demo_001306,1,2016-02-15 20:05:00,2016-02-15 20:22:19.313874930,6,-73.89632795155322,40.7517714855489,-73.881726823674,40.78901642421941,N,1039
demo_001307,2,2016-02-12 18:41:00,2016-02-12 19:08:51.949268580,5,-74.01643898881429,40.78452218663277,-74.06702932997686,40.81825226748461,N,1671
demo_001308,2,2016-03-15 16:48:00,2016-03-15 17:11:00.768328392,6,-73.94612908935144,40.75004027792355,-73.97225561762453,40.782493287594704,N,1380
demo_001309,1,2016-06-02 12:00:00,2016-06-02 12:40:21.044007440,1,-74.00659560834538,40.740614635402224,-74.05842299448992,40.635643918178495,N,2421
demo_001310,2,2016-04-04 08:30:00,2016-04-04 08:42:37.934244413,1,-73.982514233332,40.75104089389574,-73.96075427611571,40.76292566279068,N,757
demo_001311,2,2016-03-03 15:29:00,2016-03-03 15:45:30.615746701,6,-73.93033922679982,40.713485068542475,-73.88892093083521,40.71921223275537,N,990
demo_001312,2,2016-05-20 07:55:00,2016-05-20 08:13:38.402133976,6,-74.0005678233575,40.77189610608029,-74.04333215490612,40.77095479821998,N,1118
demo_001313,2,2016-06-02 14:26:00,2016-06-02 14:40:28.955684827,4,-74.01605472086234,40.69546456921543,-73.98120662250567,40.711928619332696,N,868
demo_001314,2,2016-06-11 10:56:00,2016-06-11 11:08:12.263437292,2,-73.92118682506438,40.74245574909721,-73.88860956901301,40.74949078465483,N,732
demo_001315,1,2016-02-23 19:26:00,2016-02-23 19:44:07.225183884,2,-73.98294989804988,40.78457848230908,-74.00601737569679,40.80287928257691,N,1087
demo_001316,1,2016-05-07 17:38:00,2016-05-07 18:08:17.540942205,5,-73.93589577092362,40.76860668990265,-74.00528603717899,40.76137172109326,N,1817
demo_001317,1,2016-04-16 06:11:00,2016-04-16 06:30:19.773456994,6,-74.01583620020232,40.77866122005452,-74.05333016087413,40.81911209706929,N,1159
demo_001318,2,2016-03-21 19:33:00,2016-03-21 19:52:17.681241359,5,-73.92169966059676,40.755723401454844,-73.94253367613857,40.77675489463271,N,1157
demo_001319,2,2016-03-12 10:46:00,2016-03-12 11:05:48.963766447,3,-73.97268677264594,40.7989411163345,-73.91872829300762,40.8135893342784,N,1188
demo_001320,1,2016-01-21 14:52:00,2016-01-21 15:00:06.973097855,5,-73.96543455682034,40.790364471886946,-73.96957514694591,40.80369451319703,N,486
demo_001321,2,2016-02-19 11:14:00,2016-02-19 11:30:42.554964528,2,-73.97907668098568,40.77361493514867,-74.01431566014534,40.804861530451,N,1002
demo_001322,2,2016-04-08 22:33:00,2016-04-08 22:46:29.553847430,1,-74.00774637418984,40.79046410220597,-74.00257167476651,40.818049672453235,N,809
demo_001323,1,2016-06-08 13:55:00,2016-06-08 14:10:45.325355722,3,-73.98507572647227,40.784264824404126,-74.03041289495258,40.781219978958376,N,945
demo_001324,1,2016-06-04 22:35:00,2016-06-04 22:47:43.901228621,3,-74.00491656070952,40.74261877703286,-73.9869146589523,40.76935715731509,N,763
demo_001325,2,2016-02-03 18:24:00,2016-02-03 18:40:47.094297931,4,-73.94182042718099,40.71096353809081,-73.9760386692555,40.715662948571946,N,1007
demo_001326,2,2016-05-02 06:40:00,2016-05-02 07:03:56.716279427,5,-73.99413757251808,40.772712674404495,-74.02327590342476,40.824469697775,N,1436
demo_001327,2,2016-01-16 06:23:00,2016-01-16 06:37:28.322348950,5,-74.05234282525072,40.777113123079104,-74.0392006035556,40.806751773977375,N,868
demo_001328,2,2016-05-01 12:03:00,2016-05-01 12:23:18.422705413,2,-74.06057406807452,40.796166519689855,-73.99931588917644,40.77927506808869,N,1218
demo_001329,2,2016-03-02 13:07:00,2016-03-02 13:39:17.957949928,4,-74.06270231685441,40.725228755373415,-73.98577975224616,40.78815794398857,N,1937
demo_001330,1,2016-03-21 23:20:00,2016-03-21 23:44:14.897242027,1,-73.95719131591007,40.726274912925305,-73.99358660861235,40.66951983735358,N,1454
demo_001331,2,2016-05-09 04:12:00,2016-05-09 04:25:22.314033085,6,-74.0368176940118,40.77409650932078,-74.05769891544684,40.79130508731884,N,802
demo_001332,2,2016-03-17 11:31:00,2016-03-17 11:42:20.503886941,3,-73.97149614008727,40.75550915539014,-73.95345251011096,40.73671047749512,N,680
demo_001333,2,2016-05-25 08:06:00,2016-05-25 08:38:50.132525057,6,-73.97885414671289,40.69199834363001,-73.93794651952209,40.742817211559185,N,1970
demo_001334,2,2016-04-06 01:04:00,2016-04-06 01:26:09.575795995,6,-73.98791188677095,40.7711287857314,-74.06365481590652,40.777954549494375,N,1329
demo_001335,1,2016-06-28 18:34:00,2016-06-28 18:48:12.537914412,2,-73.96527176584779,40.69316519797539,-73.96221497718606,40.671732720418035,N,852
demo_001336,2,2016-04-24 21:12:00,2016-04-24 21:21:31.034011279,1,-73.97787634083093,40.72491602068443,-73.99492634501067,40.7177206634545,N,571
demo_001337,2,2016-02-23 08:17:00,2016-02-23 08:32:22.342235149,6,-74.1,40.8053088480501,-74.12,40.78603269866613,N,922
demo_001338,2,2016-05-19 13:14:00,2016-05-19 13:29:43.152156225,3,-73.99956313583819,40.82187076562325,-74.04636400813791,40.81361478720186,N,943
demo_001339,2,2016-03-14 10:18:00,2016-03-14 10:27:45.786554784,1,-73.96587035896715,40.71545202710348,-73.98574246505459,40.706578541474464,N,585
demo_001340,1,2016-04-06 03:36:00,2016-04-06 03:47:18.729869370,4,-73.91118727351602,40.746471296190556,-73.90912874781664,40.72619008773563,N,678
demo_001341,2,2016-01-25 15:04:00,2016-01-25 15:17:20.066126139,6,-73.90910940725378,40.759491788307756,-73.87382580714454,40.76678351122049,N,800
demo_001342,1,2016-01-22 11:33:00,2016-01-22 11:45:22.738472125,4,-74.04634177311134,40.82034294246536,-74.03393958908346,40.83090599487734,N,742
demo_001343,2,2016-04-13 11:26:00,2016-04-13 11:44:09.214402167,2,-74.00073763846908,40.74074958682615,-73.96757375816821,40.713849314261694,N,1089
demo_001344,2,2016-02-03 14:30:00,2016-02-03 14:48:20.013212220,3,-74.05547516661686,40.74130905919384,-74.05453981486221,40.69653580259165,N,1100
demo_001345,1,2016-06-28 13:32:00,2016-06-28 13:44:17.704547153,2,-73.91660517162005,40.812205394546204,-73.94127827976284,40.82060121875424,N,737
demo_001346,1,2016-06-03 00:30:00,2016-06-03 00:37:47.016390373,4,-73.93942147063332,40.74488237965486,-73.94585271901879,40.75924423453509,N,467
demo_001347,1,2016-05-06 03:48:00,2016-05-06 04:00:38.857759670,3,-73.96922354509115,40.78327705981383,-73.94488043792973,40.80299291238678,N,758
demo_001348,2,2016-05-12 05:54:00,2016-05-12 06:07:12.831153114,3,-73.97752573124329,40.70629999622107,-73.94138605531685,40.72118170452411,N,792
demo_001349,2,2016-04-17 03:19:00,2016-04-17 03:37:54.129026773,2,-73.92287160048427,40.75200685395677,-73.9280472144398,40.79447020690167,N,1134
demo_001350,1,2016-01-11 20:27:00,2016-01-11 20:42:43.806718096,1,-73.93049036623579,40.699914110658575,-73.9630094004192,40.726834943605716,N,943
demo_001351,1,2016-03-11 15:02:00,2016-03-11 15:29:16.552776184,5,-73.93288798865048,40.72105981766655,-73.92113995306842,40.793415178969774,N,1636
demo_001352,1,2016-03-30 05:51:00,2016-03-30 06:24:13.406128198,5,-73.9644494063098,40.78737204743033,-73.94772007257532,40.87108952174482,N,1993
demo_001353,1,2016-06-13 18:05:00,2016-06-13 18:35:46.805673595,1,-74.00071527347814,40.756253311311966,-73.95757010546627,40.70878454144556,N,1846
demo_001354,2,2016-02-09 12:12:00,2016-02-09 12:37:30.204406666,2,-73.95047938255921,40.74683129908065,-73.9742360831128,40.68750855603728,N,1530
demo_001355,2,2016-03-30 10:40:00,2016-03-30 10:50:08.613474723,3,-73.94827811426352,40.731793763160674,-73.97165101816282,40.73159419811881,N,608
demo_001356,1,2016-03-02 22:22:00,2016-03-02 22:33:48.729487613,4,-73.99357868613164,40.75027703743656,-73.96711307921775,40.76389131304333,N,708
demo_001357,1,2016-01-25 04:27:00,2016-01-25 04:35:55.301936037,6,-74.00080620134754,40.768538960848524,-74.01506637633287,40.76649006560537,N,535
demo_001358,2,2016-01-19 13:02:00,2016-01-19 13:12:38.294653214,5,-73.93400090286988,40.79240206722616,-73.94973984926365,40.81139873926972,N,638
demo_001359,2,2016-03-06 18:26:00,2016-03-06 18:45:08.194695121,4,-73.91011477510537,40.66611986605661,-73.86621987965046,40.65882333002086,N,1148
demo_001360,1,2016-01-15 20:03:00,2016-01-15 20:19:38.560632527,5,-74.01872281014117,40.728888358900804,-74.06670800636101,40.710151688288626,N,998
demo_001361,1,2016-01-13 02:09:00,2016-01-13 02:35:24.660835037,4,-73.99685195039515,40.76356836847662,-73.92488484050301,40.74891031526064,N,1584
demo_001362,1,2016-03-04 03:45:00,2016-03-04 03:53:56.652347433,6,-73.96920801155954,40.75453979094132,-73.99065025101832,40.749135244976586,N,536
demo_001363,2,2016-02-06 08:32:00,2016-02-06 08:51:05.433501392,6,-73.9631030451013,40.77211816848844,-73.93276755100328,40.794893001778064,N,1145
demo_001364,2,2016-04-09 20:46:00,2016-04-09 20:56:54.062941620,3,-74.00850648616586,40.76736391001443,-74.01231447433325,40.75422191120445,N,654
demo_001365,1,2016-01-04 04:19:00,2016-01-04 04:26:04.203545140,1,-73.90024157163452,40.747329624795235,-73.890743891664,40.73952746981649,N,424
demo_001366,2,2016-02-24 07:49:00,2016-02-24 08:01:52.360794643,6,-73.96600571305046,40.739560138140455,-73.97520324054213,40.75495599292965,N,772
demo_001367,2,2016-03-22 14:10:00,2016-03-22 14:24:29.073997944,2,-73.96108774661883,40.74940744785926,-73.93110756379768,40.74403994512554,N,869
demo_001368,2,2016-06-22 08:46:00,2016-06-22 09:05:39.494026799,2,-73.90585021633197,40.7982059822438,-73.91800655192266,40.82835716711123,N,1179
demo_001369,2,2016-04-24 05:12:00,2016-04-24 05:25:36.637419259,1,-74.00520777313601,40.732379722348306,-74.02526089965059,40.707553054077955,N,816
demo_001370,2,2016-06-07 12:42:00,2016-06-07 13:06:03.863972594,5,-73.9889794344399,40.75580176468996,-73.92551247053444,40.7251199432654,N,1443
demo_001371,1,2016-03-02 19:01:00,2016-03-02 19:07:37.513364240,2,-74.04139950030597,40.764416977489944,-74.0403711059105,40.77264196140844,N,397
demo_001372,1,2016-03-21 22:44:00,2016-03-21 22:54:30.439283294,6,-73.99275577125141,40.81261228254561,-74.0164051158871,40.82352807102676,N,630
demo_001373,2,2016-03-16 16:02:00,2016-03-16 16:30:00.106436501,2,-74.05200173857709,40.74748921096173,-74.104161769224,40.72413530462148,N,1680
demo_001374,2,2016-06-08 17:32:00,2016-06-08 18:04:44.538891242,1,-73.95134677906131,40.791558232960384,-73.88605154797506,40.827835308796224,N,1964
demo_001375,1,2016-06-21 15:47:00,2016-06-21 16:09:05.418147937,4,-73.96610014624684,40.80111927911428,-73.98541753442278,40.85309257297808,N,1325
demo_001376,2,2016-06-22 05:17:00,2016-06-22 05:40:48.360063817,2,-73.99746811881673,40.75576860072533,-73.92530378046919,40.73881653697863,N,1428
demo_001377,1,2016-05-15 08:28:00,2016-05-15 08:51:36.690607266,2,-73.9895190668518,40.75062483573232,-73.97555916455235,40.79078195389606,N,1416
demo_001378,2,2016-03-31 13:26:00,2016-03-31 13:52:14.424336029,1,-73.9507340113165,40.74648312147831,-73.94573302930591,40.68216555283429,N,1574
demo_001379,2,2016-04-07 08:30:00,2016-04-07 08:48:24.242681125,4,-74.03611082391005,40.74904619030151,-74.03016629047858,40.7781012215029,N,1104
demo_001380,1,2016-06-25 11:48:00,2016-06-25 12:19:23.571477271,2,-73.97581244596464,40.787898395120195,-73.89825416308994,40.764738800299725,N,1883
demo_001381,2,2016-02-21 05:12:00,2016-02-21 05:38:21.187904159,5,-73.95352205870935,40.76608534920395,-74.03024970863909,40.792439311617194,N,1581
demo_001382,2,2016-03-03 09:46:00,2016-03-03 10:03:02.552106647,2,-74.06520233348333,40.76623513982095,-74.05770038030056,40.74028068820012,N,1022
demo_001383,2,2016-06-10 11:01:00,2016-06-10 11:06:07.026908044,3,-73.95417778974341,40.71861717713671,-73.96345991600697,40.71676801370178,N,307
demo_001384,2,2016-03-10 12:54:00,2016-03-10 13:04:50.088994771,3,-74.06033281084677,40.72413784729187,-74.06779107932468,40.70226472618524,N,650
demo_001385,2,2016-02-12 07:37:00,2016-02-12 07:43:26.749931928,4,-73.99029175177331,40.8330206388672,-73.98506583694835,40.827245860027084,N,386
demo_001386,1,2016-04-10 21:13:00,2016-04-10 21:35:58.164572985,5,-74.03735259968428,40.7517760996149,-74.04667149491665,40.801184048396024,N,1378
demo_001387,2,2016-02-28 13:28:00,2016-02-28 13:32:56.108642582,1,-73.92059390393194,40.73088298015476,-73.91400933058036,40.72796865964674,N,296
demo_001388,1,2016-06-09 08:34:00,2016-06-09 09:05:01.904081802,2,-74.03707044743686,40.80808847079563,-74.03789565861229,40.86506661464163,N,1861
demo_001389,1,2016-06-12 15:09:00,2016-06-12 15:25:30.652983636,5,-74.05925854513845,40.767863299203924,-74.1052330813749,40.757446360054416,N,990
demo_001390,2,2016-02-25 01:57:00,2016-02-25 02:14:16.222056984,6,-73.97899915362817,40.77823542209026,-73.96565134230478,40.818513069093044,N,1036
demo_001391,1,2016-04-05 07:37:00,2016-04-05 08:03:34.423316299,3,-74.00361663410094,40.75316835236515,-73.97855472829146,40.709274651989304,N,1594
demo_001392,2,2016-06-26 02:50:00,2016-06-26 02:59:41.646983897,1,-74.05270723528987,40.74684644182982,-74.07167953190266,40.7391106973346,N,581
demo_001393,2,2016-05-13 14:48:00,2016-05-13 15:08:25.343999316,6,-73.96133831603804,40.752064476962595,-73.8959619533002,40.73758950735881,N,1225
demo_001394,2,2016-02-08 19:30:00,2016-02-08 20:00:20.486193391,4,-74.07461745781023,40.709604164039554,-74.027872446712,40.75112221526108,N,1820
demo_001395,1,2016-04-16 08:01:00,2016-04-16 08:17:02.688684514,4,-74.03163084376624,40.75492254067031,-74.00209251329525,40.75992425789328,N,962
demo_001396,1,2016-04-21 13:55:00,2016-04-21 14:18:31.025002580,3,-74.01088482216893,40.768361157696496,-73.98177109612796,40.711982912116014,N,1411
demo_001397,2,2016-04-27 14:51:00,2016-04-27 15:05:50.490927193,5,-73.94889999235302,40.822766213184536,-73.94784659901167,40.787392712507,N,890
demo_001398,1,2016-01-05 12:02:00,2016-01-05 12:22:29.398382691,2,-73.92670392348441,40.761009967275186,-73.88675589981871,40.73366808654194,N,1229
demo_001399,2,2016-02-23 21:20:00,2016-02-23 21:43:09.574921530,3,-73.93537479887026,40.67630380352264,-73.88039838744808,40.70152316146367,N,1389
demo_001400,2,2016-06-02 19:55:00,2016-06-02 20:13:32.787946271,5,-73.9918973205708,40.75471050985254,-73.96361648012238,40.776445711911265,N,1112
demo_001401,2,2016-02-13 10:43:00,2016-02-13 10:52:46.709766779,3,-74.09422887101579,40.853882644658796,-74.11418878797922,40.84577185996885,N,586
demo_001402,1,2016-02-23 22:41:00,2016-02-23 22:50:00.171035463,6,-73.96741161404516,40.78832281822448,-73.9688004643852,40.773513053796805,N,540
demo_001403,1,2016-02-28 01:10:00,2016-02-28 01:21:42.496671038,3,-73.91882418173489,40.729618886966705,-73.89874573058073,40.748961369469654,N,702
demo_001404,2,2016-02-01 22:18:00,2016-02-01 22:34:24.361412284,4,-73.92947943164839,40.77868872800507,-73.90015836000677,40.74819160450941,N,984
demo_001405,2,2016-01-28 23:30:00,2016-01-28 23:36:52.443867003,4,-73.96416729456153,40.73202953012886,-73.96687899707055,40.74438659253352,N,412
demo_001406,2,2016-03-03 11:06:00,2016-03-03 11:14:55.431119879,5,-74.03852762439523,40.710616736815865,-74.05836592354397,40.72067472273136,N,535
demo_001407,1,2016-06-06 09:02:00,2016-06-06 09:26:04.500753287,4,-74.00863881516328,40.74580707228681,-73.95319157060506,40.738393153274004,N,1444
demo_001408,1,2016-01-01 06:37:00,2016-01-01 06:50:28.712355553,3,-73.89797835205644,40.76120342537336,-73.93550954206461,40.77194073042959,N,808
demo_001409,2,2016-02-20 23:37:00,2016-02-20 23:48:19.302870730,5,-74.04875282905988,40.69247455741483,-74.08169944050704,40.69523110494785,N,679
demo_001410,1,2016-01-11 21:54:00,2016-01-11 22:10:22.434445324,5,-74.03665285526677,40.71777942483115,-74.08310232859931,40.731209751189574,N,982
demo_001411,2,2016-04-11 01:38:00,2016-04-11 01:57:25.986792577,1,-73.94258518019757,40.75836174471139,-73.97560945888442,40.72234098238243,N,1165
demo_001412,1,2016-02-15 02:35:00,2016-02-15 02:50:34.136688865,4,-74.00440216601625,40.743713938840386,-73.96074509531708,40.760305492314664,N,934
demo_001413,2,2016-05-22 13:19:00,2016-05-22 13:37:51.130835346,6,-74.03817898049921,40.77181839449012,-73.99334983402125,40.79953663038668,N,1131
demo_001414,1,2016-04-15 07:16:00,2016-04-15 07:23:52.603414760,4,-73.91624129695747,40.715486608544204,-73.91883289066375,40.72415229689944,N,472
demo_001415,1,2016-05-21 02:07:00,2016-05-21 02:19:04.166692995,6,-73.96425248098346,40.78299398119937,-73.94688147713897,40.79922680917614,N,724
demo_001416,2,2016-04-24 06:48:00,2016-04-24 06:51:51.900212853,3,-74.00218105239698,40.716568431602894,-74.00254871261382,40.71360061003283,N,231
demo_001417,1,2016-03-19 21:49:00,2016-03-19 22:05:15.235564147,2,-74.03655986761548,40.81549570056782,-74.07827905652384,40.83956167985693,N,975
demo_001418,1,2016-06-03 23:22:00,2016-06-03 23:45:07.426465417,3,-73.8928667046263,40.69794846004676,-73.8152329593577,40.69971013250222,N,1387
demo_001419,1,2016-03-26 17:25:00,2016-03-26 17:51:08.824047899,1,-73.9861003318436,40.71976060053658,-73.93798443306615,40.6887661859103,N,1568
demo_001420,1,2016-06-19 23:43:00,2016-06-19 23:56:41.674090488,1,-73.92212023718888,40.772607978106116,-73.90971555800233,40.794753814287965,N,821
demo_001421,2,2016-06-28 01:06:00,2016-06-28 01:25:24.842699781,4,-73.94478649049258,40.81624816380242,-73.9747426377763,40.77212621511971,N,1164
demo_001422,1,2016-04-16 00:34:00,2016-04-16 00:40:44.783223774,1,-74.00844057027484,40.76902650626407,-74.01631327347579,40.77666155935986,N,404
demo_001423,2,2016-05-01 10:15:00,2016-05-01 10:29:36.017730780,1,-74.00808235017453,40.777700027206386,-74.03231724447423,40.76732601025512,N,876
demo_001424,1,2016-02-16 00:27:00,2016-02-16 00:33:59.035331285,3,-73.91991582959297,40.75861379155856,-73.91650045116047,40.746514396316535,N,419
demo_001425,2,2016-05-26 15:14:00,2016-05-26 15:21:05.368863934,2,-73.9191867200321,40.72207605410597,-73.90833940892112,40.72671975035398,N,425
demo_001426,1,2016-04-30 21:16:00,2016-04-30 21:26:40.295354278,2,-74.06946121892543,40.74084515781163,-74.08140061120879,40.72169437665954,N,640
demo_001427,1,2016-06-11 11:01:00,2016-06-11 11:19:05.360357214,4,-73.9602598882558,40.71558315980066,-74.01116433460756,40.72941272218211,N,1085
demo_001428,2,2016-02-18 01:28:00,2016-02-18 01:51:07.691342307,2,-73.99045466621256,40.713245151127815,-73.9158326017125,40.71477866020861,N,1387
demo_001429,1,2016-05-21 18:23:00,2016-05-21 18:35:47.993758853,4,-74.03149954233223,40.77206121217619,-74.02318610619314,40.75539427548806,N,767
demo_001430,2,2016-03-25 15:35:00,2016-03-25 15:52:55.672448238,3,-73.97322142573772,40.718688770626926,-73.95724070573091,40.75481961901818,N,1075
demo_001431,2,2016-02-03 07:58:00,2016-02-03 08:09:11.629178171,2,-74.04573185559438,40.76918439023532,-74.060516184107,40.774713520713405,N,671
demo_001432,2,2016-01-31 19:34:00,2016-01-31 19:58:52.701274571,5,-74.00599049095908,40.71243620367226,-74.0606608799956,40.729467828874725,N,1492
demo_001433,2,2016-04-11 04:34:00,2016-04-11 04:50:05.270145240,6,-74.02093131797464,40.76837340570409,-74.02384683655606,40.80662130140044,N,965
demo_001434,1,2016-02-27 12:01:00,2016-02-27 12:18:40.068295467,5,-74.00749060688702,40.7408961100863,-74.01880337720156,40.778700930552745,N,1060
demo_001435,2,2016-01-19 08:10:00,2016-01-19 08:25:52.742516368,2,-73.98821653221479,40.80723154367777,-73.9633828288896,40.82288575093189,N,952
demo_001436,1,2016-03-17 21:16:00,2016-03-17 21:28:47.331830985,4,-74.03070049978575,40.76933016134527,-73.99898778471758,40.76115838991801,N,767
demo_001437,1,2016-04-27 12:37:00,2016-04-27 12:55:29.007865331,1,-73.9142069437007,40.8012524012548,-73.88743091191088,40.7626503989913,N,1109
demo_001438,2,2016-02-27 09:51:00,2016-02-27 10:07:20.221285482,1,-73.96280225449726,40.73155236492512,-73.92821272274016,40.737133013838076,N,980
demo_001439,1,2016-06-20 23:06:00,2016-06-20 23:29:23.064294357,1,-73.9042446637228,40.759965016908545,-73.84111636046113,40.78951879343561,N,1403
demo_001440,1,2016-05-20 07:38:00,2016-05-20 07:47:59.850843156,5,-73.99220359860851,40.723661949465935,-73.97855878772477,40.733228449589554,N,599
demo_001441,2,2016-04-02 07:00:00,2016-04-02 07:54:31.986825479,6,-74.00969554830337,40.743523816503945,-73.97122299457503,40.650520047160214,N,3271
demo_001442,1,2016-06-17 05:42:00,2016-06-17 05:58:16.917166187,4,-73.90587129734782,40.74882635220394,-73.88858617726356,40.772318030384255,N,976
demo_001443,2,2016-03-18 22:26:00,2016-03-18 22:53:10.757297095,6,-74.01101268829433,40.732594962275954,-74.07751392729355,40.7577454394549,N,1630
demo_001444,2,2016-01-26 03:22:00,2016-01-26 03:29:13.624493850,3,-73.99302314098951,40.715457399940405,-73.99843135088358,40.707324400709794,N,433
demo_001445,2,2016-01-07 10:50:00,2016-01-07 11:05:17.860458073,1,-73.95259786652763,40.70852689367216,-73.98296776926925,40.735212658904004,N,917
demo_001446,1,2016-06-17 20:15:00,2016-06-17 20:27:12.558696184,6,-74.04069766137337,40.67610881595024,-74.03259749479872,40.693063882138865,N,732
demo_001447,2,2016-06-21 18:13:00,2016-06-21 18:30:26.286493419,5,-73.95299173918428,40.72102787377738,-73.98067709476027,40.702519190385765,N,1046
demo_001448,1,2016-05-13 01:33:00,2016-05-13 01:50:43.697323235,4,-73.95874938202259,40.779962286383515,-73.93755055087152,40.814287416521395,N,1063
demo_001449,2,2016-01-19 12:58:00,2016-01-19 13:17:24.418400049,1,-73.92788036068829,40.70205255137954,-73.8935443772534,40.66783067445567,N,1164
demo_001450,1,2016-02-22 20:34:00,2016-02-22 20:47:52.377400517,6,-73.94494799736454,40.71011570038114,-73.90282304575383,40.70857009426309,N,832
demo_001451,2,2016-01-08 09:27:00,2016-01-08 09:52:22.260260154,1,-73.92650097412051,40.82068144999315,-73.86982681946716,40.81644238754831,N,1522
demo_001452,1,2016-01-10 05:23:00,2016-01-10 05:44:33.541643029,1,-73.98996898552288,40.73572263825531,-74.04862982846537,40.713435808146215,N,1293
demo_001453,2,2016-02-14 07:00:00,2016-02-14 07:19:37.939575817,1,-74.02382016434181,40.769236610320775,-74.06578516556495,40.7774390447473,N,1177
demo_001454,2,2016-04-12 23:39:00,2016-04-13 00:10:17.149845777,6,-73.89005065636624,40.78048110012752,-73.78757712484808,40.81586106041599,N,1877
demo_001455,1,2016-01-12 19:05:00,2016-01-12 19:31:57.158187839,5,-74.05370130269849,40.78118841454235,-74.0183679725034,40.81487744508261,N,1617
demo_001456,1,2016-06-26 05:28:00,2016-06-26 05:42:22.924328059,1,-74.04919308854932,40.70471900192872,-74.04133740956267,40.724257935726754,N,862
demo_001457,1,2016-03-22 22:06:00,2016-03-22 22:25:18.940586017,3,-73.9595692381771,40.74991291120352,-73.95844792531618,40.70412300351776,N,1158
demo_001458,2,2016-02-17 11:48:00,2016-02-17 12:03:40.475973411,4,-73.91187562783202,40.70136204556686,-73.91386573298034,40.66529133344318,N,940
demo_001459,2,2016-04-02 21:29:00,2016-04-02 21:48:57.156082143,4,-73.97647021193386,40.843621125061865,-74.0441513414476,40.848107691295354,N,1197
demo_001460,1,2016-05-22 05:28:00,2016-05-22 05:38:56.989504494,2,-73.9400313335134,40.702179365759456,-73.96706285217523,40.7012550196502,N,656
demo_001461,2,2016-02-26 06:18:00,2016-02-26 06:26:05.693540615,1,-74.07481112273624,40.72132559233956,-74.07872578854389,40.70787743699711,N,485
demo_001462,2,2016-01-09 13:15:00,2016-01-09 13:36:05.246614063,1,-74.00747952329814,40.72157897008055,-74.03253461893925,40.77302269641183,N,1265
demo_001463,2,2016-01-10 04:08:00,2016-01-10 04:18:30.908260252,6,-74.06932765132144,40.705616883314704,-74.08980741099067,40.708475107450326,N,630
demo_001464,2,2016-06-02 08:34:00,2016-06-02 09:12:04.495428190,4,-73.9498815068797,40.805340786841484,-73.86032590711038,40.81998593085363,N,2284
demo_001465,1,2016-01-21 02:06:00,2016-01-21 02:18:33.444898208,6,-74.0546254096965,40.84278567653792,-74.06343326615132,40.86945881132353,N,753
demo_001466,2,2016-04-24 09:38:00,2016-04-24 09:48:33.190643498,6,-74.04250184807147,40.74134878082406,-74.03276764778214,40.74283265896522,N,633
demo_001467,2,2016-03-10 05:03:00,2016-03-10 05:30:17.939946846,2,-73.96186886577674,40.71178518986045,-73.9533800958016,40.78174386839408,N,1637
demo_001468,2,2016-05-19 22:52:00,2016-05-19 23:06:00.771370064,1,-73.9372179041592,40.67970760754459,-73.91658682170738,40.65431755537883,N,840
demo_001469,1,2016-01-11 21:28:00,2016-01-11 21:38:38.390770330,4,-73.99215356487032,40.74945619485173,-74.00885846167577,40.73309226192459,N,638
demo_001470,2,2016-06-10 14:27:00,2016-06-10 14:46:25.297377798,2,-73.95934223731511,40.746927210189355,-73.91569789363376,40.72147091579573,N,1165
demo_001471,1,2016-05-05 16:10:00,2016-05-05 16:35:44.001341848,5,-73.96079953249071,40.7352046355774,-73.94527485571447,40.77739640931093,N,1544
demo_001472,2,2016-03-21 20:52:00,2016-03-21 21:08:08.999949059,6,-73.99469420867491,40.76574813388917,-74.03974496175528,40.78740445249307,N,968
demo_001473,2,2016-02-07 06:19:00,2016-02-07 06:27:58.141238569,6,-74.03426174672988,40.77183105999855,-74.03802438670292,40.75713895835514,N,538
demo_001474,2,2016-06-24 21:15:00,2016-06-24 21:27:59.736981924,2,-73.9595798866902,40.76930791402783,-73.96560507791371,40.74598325190405,N,779
demo_001475,2,2016-02-24 08:56:00,2016-02-24 09:17:01.807461228,3,-73.95741069391512,40.74693562948111,-73.9650464848517,40.78432767299738,N,1261
demo_001476,1,2016-03-29 07:00:00,2016-03-29 07:13:04.352065780,5,-73.94476890186094,40.7194432359649,-73.92694351378313,40.729208804279054,N,784
demo_001477,1,2016-03-11 22:37:00,2016-03-11 22:55:33.880187298,2,-73.97095701091645,40.78130415842324,-73.94874162929517,40.81938544357588,N,1113
demo_001478,2,2016-02-11 11:58:00,2016-02-11 12:05:43.132569377,4,-74.03758249610657,40.75843798157975,-74.01949963820807,40.756813949108654,N,463
demo_001479,2,2016-03-15 23:45:00,2016-03-15 23:54:12.322619746,3,-73.95393469273839,40.78909251336921,-73.94207265520568,40.80290396707492,N,552
demo_001480,2,2016-01-28 06:24:00,2016-01-28 06:29:45.741095154,4,-73.98506214861027,40.78565264423153,-73.9820648288423,40.79375879092312,N,345
demo_001481,2,2016-01-01 07:10:00,2016-01-01 07:41:59.570963607,4,-74.00672318499456,40.70823832758335,-74.08201543013848,40.691387321555254,N,1919
demo_001482,2,2016-02-22 04:46:00,2016-02-22 04:56:41.192647857,6,-73.99825861267372,40.707802222738984,-73.9710323706609,40.70391033045114,N,641
demo_001483,1,2016-01-21 04:08:00,2016-01-21 04:24:19.964089374,3,-74.01606157302757,40.731556074844086,-73.99896917969885,40.69957988454803,N,979
demo_001484,1,2016-03-15 15:50:00,2016-03-15 16:04:56.473569134,2,-73.94500202995155,40.721030710709826,-73.97946867463504,40.73437159495046,N,896
demo_001485,1,2016-06-04 07:08:00,2016-06-04 07:22:45.663158838,1,-74.0488151630111,40.784433812159165,-74.03899478326721,40.80498752831053,N,885
demo_001486,1,2016-01-30 06:17:00,2016-01-30 06:31:14.477410092,5,-74.0297068670663,40.77029583865958,-74.00702902022849,40.79703019106242,N,854
demo_001487,2,2016-01-01 05:19:00,2016-01-01 05:35:56.940187106,5,-73.99979477981023,40.796471439782486,-73.95880113252736,40.814468151898105,N,1016
demo_001488,2,2016-01-20 23:55:00,2016-01-21 00:03:44.272684903,3,-73.91238121182924,40.77187703860938,-73.89452066131815,40.768415364923804,N,524
demo_001489,2,2016-04-01 11:16:00,2016-04-01 11:34:38.059608629,6,-73.93755737529082,40.76530273536557,-73.92630131205225,40.80720594278265,N,1118
demo_001490,2,2016-02-19 11:18:00,2016-02-19 11:34:51.577451927,3,-74.05883783614613,40.799990542312045,-74.0257008050336,40.82408287148074,N,1011
demo_001491,2,2016-03-29 02:38:00,2016-03-29 02:55:40.461017246,3,-73.92418938100614,40.77444045689073,-73.93491828171294,40.81193120703547,N,1060
demo_001492,2,2016-01-06 06:21:00,2016-01-06 06:38:55.844209487,1,-73.92427609023574,40.76038353372032,-73.90985597754991,40.79956827474102,N,1075
demo_001493,1,2016-02-29 22:58:00,2016-02-29 23:08:15.531768400,4,-74.03783037467102,40.809815856187576,-74.05956933646816,40.80642466549429,N,615
demo_001494,2,2016-03-14 19:46:00,2016-03-14 20:04:24.799605658,4,-74.09846562217685,40.762031330910354,-74.0596052374101,40.77250407624647,N,1104
demo_001495,2,2016-03-18 15:19:00,2016-03-18 15:38:06.680984759,3,-73.98824997300562,40.747348078827876,-74.0445898620046,40.76826133878231,N,1146
demo_001496,2,2016-04-09 05:00:00,2016-04-09 05:20:07.814222280,4,-73.93449090158151,40.72867618594279,-73.90590510048625,40.69764935767936,N,1207
demo_001497,2,2016-05-20 12:06:00,2016-05-20 12:19:23.641276503,4,-73.913393211359,40.782605891066595,-73.91277339769431,40.752177615412364,N,803
demo_001498,2,2016-03-25 02:25:00,2016-03-25 02:44:45.328369738,5,-74.02418722689626,40.80129676896449,-73.99039867032084,40.76621535452262,N,1185
demo_001499,1,2016-05-31 10:00:00,2016-05-31 10:10:36.099767868,1,-73.90616094029016,40.75622944094983,-73.93347999325385,40.75331073855979,N,636
demo_001500,1,2016-04-05 08:27:00,2016-04-05 08:36:18.739352178,4,-74.08525695781175,40.803777046832295,-74.08210753255318,40.794777486233585,N,558
demo_001501,2,2016-02-16 20:42:00,2016-02-16 20:57:35.704166617,3,-74.00156227762231,40.689049473881,-73.99944022448172,40.65028636691703,N,935
demo_001502,1,2016-02-11 05:21:00,2016-02-11 05:27:58.875638601,3,-74.00377448011471,40.75605913188173,-73.98858855551295,40.76009180402959,N,418
demo_001503,1,2016-02-28 01:09:00,2016-02-28 01:23:41.593213337,3,-73.9331448338784,40.75659667807635,-73.96980950215108,40.754014967325,N,881
demo_001504,2,2016-04-17 13:02:00,2016-04-17 13:16:48.874972649,5,-73.9265763890327,40.73255519696575,-73.90430886094975,40.764475681557826,N,888
demo_001505,2,2016-02-13 15:31:00,2016-02-13 15:58:45.197887962,6,-73.9420599355055,40.841435136329366,-74.00666622998803,40.89578557146594,N,1665
demo_001506,2,2016-06-13 13:13:00,2016-06-13 13:26:29.921604882,2,-74.04577475219357,40.75568325785589,-74.06914922419267,40.76800741704708,N,809
demo_001507,1,2016-03-27 09:00:00,2016-03-27 09:27:03.366992815,1,-73.94618214356905,40.743729422993844,-74.00087769381892,40.72492039891696,N,1623
demo_001508,2,2016-06-04 09:20:00,2016-06-04 09:37:05.122309776,3,-73.9620931114133,40.758908673970176,-73.9331054324243,40.77637023215855,N,1025
demo_001509,1,2016-05-02 23:40:00,2016-05-02 23:46:47.592341454,2,-74.06020554733757,40.6879015191516,-74.04620097012476,40.688152698081254,N,407
demo_001510,1,2016-03-01 00:04:00,2016-03-01 00:15:16.999807812,1,-74.07801562229608,40.73140462261293,-74.06205426965462,40.72492124076083,N,676
demo_001511,1,2016-02-11 02:03:00,2016-02-11 02:21:27.000378987,3,-73.93829048194907,40.79241339893059,-73.88672885308037,40.76915016865874,N,1107
demo_001512,2,2016-05-13 21:50:00,2016-05-13 21:59:21.274447062,4,-73.99310446854406,40.73598691257735,-74.00416242696473,40.723452971518356,N,561
demo_001513,1,2016-02-29 12:46:00,2016-02-29 12:57:42.363222657,6,-74.04283319416047,40.72898936930199,-74.02149769531103,40.7241890119976,N,702
demo_001514,2,2016-02-14 10:28:00,2016-02-14 10:39:49.621905967,5,-73.9943677367919,40.803833397278005,-73.99205695464073,40.825543999866476,N,709
demo_001515,1,2016-06-16 11:15:00,2016-06-16 11:25:45.611822011,3,-73.9686181513499,40.80490890403332,-73.9716363607633,40.81870659470433,N,645
demo_001516,2,2016-03-27 20:57:00,2016-03-27 21:20:37.123879737,4,-73.98872830070003,40.776094666525644,-73.94299639657727,40.82538522238471,N,1417
demo_001517,1,2016-01-09 17:49:00,2016-01-09 18:20:00.472318277,2,-74.05483937689067,40.74207089330865,-73.9819735991716,40.760278021302504,N,1860
demo_001518,1,2016-03-30 01:23:00,2016-03-30 01:33:17.503651080,1,-73.90014993933961,40.74961851272093,-73.91525127253983,40.76107447568411,N,617
demo_001519,2,2016-03-23 22:31:00,2016-03-23 22:44:41.015972977,4,-73.93981019139554,40.72985475134488,-73.91063000569234,40.72158653147712,N,821
demo_001520,2,2016-06-04 12:20:00,2016-06-04 12:34:24.710842332,3,-74.00009198532531,40.723182940834,-73.98892289338268,40.69517144032414,N,864
demo_001521,1,2016-05-08 01:55:00,2016-05-08 02:04:04.138044414,2,-73.9982792595156,40.721445422909206,-73.98669032472984,40.70605829997917,N,544
demo_001522,2,2016-02-04 10:39:00,2016-02-04 10:54:40.011813805,6,-73.9688230672379,40.73636809576252,-73.96017184672174,40.71747245186795,N,940
demo_001523,1,2016-01-28 01:57:00,2016-01-28 02:23:10.312577331,4,-74.03583296280831,40.721784765326035,-74.04749069250946,40.65264028124188,N,1570
demo_001524,2,2016-04-18 15:31:00,2016-04-18 16:08:05.329379959,4,-73.97047956035584,40.70327032085099,-74.0959538799881,40.676037262721486,N,2225
demo_001525,1,2016-01-09 12:39:00,2016-01-09 13:04:51.222856890,5,-74.04488295965874,40.76567909344139,-73.99116463329779,40.80893875699827,N,1551
demo_001526,1,2016-02-27 10:08:00,2016-02-27 10:19:02.329656133,2,-73.98817403975804,40.76621084533127,-74.01248968032657,40.77616305108116,N,662
demo_001527,2,2016-01-25 21:02:00,2016-01-25 21:10:55.821313500,4,-74.03758571749356,40.817527746545,-74.04604021756683,40.807361602450676,N,535
demo_001528,1,2016-01-04 16:49:00,2016-01-04 16:57:39.456539223,6,-74.0353137792047,40.73460815710759,-74.04302403070533,40.74536711230537,N,519
demo_001529,1,2016-06-14 09:18:00,2016-06-14 09:50:07.506350264,4,-73.91094248238718,40.76836352063682,-73.93837560115105,40.71562159844213,N,1927
demo_001530,2,2016-01-17 04:01:00,2016-01-17 04:07:26.452474322,6,-73.9823348347572,40.76894494027462,-73.97392642978735,40.77656157861911,N,386
demo_001531,2,2016-01-02 16:00:00,2016-01-02 16:20:48.948335234,1,-73.97566670815695,40.74911568536061,-73.97721764339673,40.78360797646559,N,1248
demo_001532,2,2016-06-16 22:05:00,2016-06-16 22:14:21.583334510,5,-74.07551209374866,40.78405167560624,-74.10059085300769,40.78078154503483,N,561
demo_001533,1,2016-02-03 21:33:00,2016-02-03 21:54:00.790489457,4,-74.01186507913344,40.78513302153978,-74.00663950855065,40.737289304331064,N,1260
demo_001534,1,2016-05-26 23:31:00,2016-05-26 23:39:22.583313136,6,-73.9642454546583,40.76945938833192,-73.96540208891184,40.75828299389295,N,502
demo_001535,1,2016-01-06 15:08:00,2016-01-06 15:26:18.927917335,6,-73.97626386803236,40.74905261032333,-73.94378951803728,40.78359268418787,N,1098
demo_001536,1,2016-01-28 15:21:00,2016-01-28 15:36:20.539231283,1,-74.08193134196091,40.745486446200594,-74.12,40.75246944693683,N,920
demo_001537,2,2016-01-20 21:55:00,2016-01-20 22:14:23.995397675,3,-73.97567879375043,40.7101286135421,-74.00386741998165,40.671834240982676,N,1163
demo_001538,1,2016-05-07 03:03:00,2016-05-07 03:28:09.583875328,6,-73.96850485384026,40.72979287774838,-73.94311943746095,40.79371886558634,N,1509
demo_001539,2,2016-04-21 15:02:00,2016-04-21 15:20:01.157250110,5,-73.92723071008106,40.73622973666345,-73.94962171310175,40.70237690672483,N,1081
demo_001540,1,2016-03-26 14:10:00,2016-03-26 14:23:05.452481906,1,-74.01448540035223,40.71866098831497,-74.04610447954131,40.71210202461142,N,785
demo_001541,2,2016-02-13 11:52:00,2016-02-13 12:05:56.511054578,4,-74.08589309240611,40.77339733883407,-74.10655327534141,40.74538791681646,N,836
demo_001542,1,2016-01-16 23:52:00,2016-01-17 00:05:22.573958491,3,-74.02985468383123,40.79988197541455,-74.03338893891537,40.77190992101188,N,802
demo_001543,1,2016-04-12 10:59:00,2016-04-12 11:06:40.929368070,5,-74.03436792674908,40.726217814868484,-74.03776918951144,40.714009734743634,N,460
demo_001544,1,2016-02-11 12:41:00,2016-02-11 12:54:59.411653936,4,-73.9518481004999,40.76792045025106,-73.95919664576348,40.78509650456691,N,839
demo_001545,1,2016-04-16 05:38:00,2016-04-16 05:53:43.008460784,2,-74.1,40.72180611011646,-74.12,40.75665045913739,N,943
demo_001546,1,2016-05-03 17:51:00,2016-05-03 18:05:37.369090086,3,-74.00517604070326,40.74732772401713,-73.97811547824939,40.736901183372254,N,877
demo_001547,1,2016-06-01 21:33:00,2016-06-01 21:51:44.818563763,6,-73.92083920368903,40.733838464728784,-73.87442151201,40.706564588765794,N,1124
demo_001548,2,2016-03-29 22:00:00,2016-03-29 22:21:32.887245950,3,-73.98467543917249,40.77906634770123,-74.05154044319603,40.79198960925105,N,1292
demo_001549,1,2016-01-01 20:28:00,2016-01-01 20:46:02.591233734,2,-73.94466574327205,40.734242413915524,-73.99903966488188,40.74795743054661,N,1082
demo_001550,1,2016-02-20 12:28:00,2016-02-20 12:41:13.713161903,1,-74.0588809250098,40.79340811447973,-74.02378093089268,40.799898275539675,N,793
demo_001551,2,2016-06-02 14:33:00,2016-06-02 14:51:44.366312965,1,-74.05708952809428,40.74939977292183,-74.00214665617239,40.75684474787031,N,1124
demo_001552,2,2016-04-05 23:38:00,2016-04-06 00:00:08.142174421,1,-73.92032408939697,40.73526387016418,-73.99484535340663,40.732224576112905,N,1328
demo_001553,1,2016-04-21 10:35:00,2016-04-21 10:45:50.844066659,1,-73.98044530854092,40.71413431581792,-73.95190503099616,40.71678438889093,N,650
demo_001554,2,2016-03-23 09:47:00,2016-03-23 10:15:11.841396716,4,-73.98035265370059,40.76686215786034,-73.92302685767488,40.7619575773875,N,1691
demo_001555,1,2016-01-30 07:03:00,2016-01-30 07:26:10.609738856,4,-74.03531687726482,40.789332644077916,-74.06550130656896,40.81822922470792,N,1390
demo_001556,1,2016-06-10 09:45:00,2016-06-10 10:25:39.646769311,5,-73.98046482219723,40.76756624397879,-73.92517644825597,40.82773465049785,N,2439
demo_001557,1,2016-05-19 03:05:00,2016-05-19 03:10:09.837250879,4,-74.0365671905753,40.83635910832451,-74.0427969904061,40.841209743420606,N,309
demo_001558,2,2016-06-28 03:11:00,2016-06-28 03:21:29.166018105,2,-73.93159082979925,40.80804256083647,-73.92057853162919,40.80786511014124,N,629
demo_001559,1,2016-06-02 23:43:00,2016-06-02 23:53:38.598118764,4,-73.86224761805593,40.74723652823491,-73.88742078406509,40.75414478510854,N,638
demo_001560,2,2016-02-22 09:41:00,2016-02-22 10:01:59.529586570,3,-73.96322265258506,40.74686903981676,-73.92818665417431,40.72910515119021,N,1259
demo_001561,1,2016-02-15 18:25:00,2016-02-15 18:43:46.710745759,2,-74.01357258734576,40.77443938518199,-73.98436676322922,40.79509380120182,N,1126
demo_001562,1,2016-02-14 17:24:00,2016-02-14 17:49:28.217106648,4,-74.09901462487225,40.7286693286851,-74.03864979742171,40.74058109173029,N,1528
demo_001563,1,2016-06-14 09:11:00,2016-06-14 09:33:47.715185919,4,-74.0608008851544,40.79882009072864,-74.01037962723555,40.787467395111484,N,1367
demo_001564,1,2016-04-10 05:57:00,2016-04-10 06:10:36.061878184,3,-73.91503121760378,40.770656018264525,-73.91535146915139,40.79501182237867,N,816
demo_001565,2,2016-03-22 19:15:00,2016-03-22 20:00:09.105460837,1,-74.0313136329472,40.76697606188005,-73.92252038141584,40.767488785625375,N,2709
demo_001566,1,2016-06-23 06:53:00,2016-06-23 07:12:02.826248552,1,-74.0016875696759,40.78204337837198,-73.95440982697932,40.75585184913317,N,1142
demo_001567,2,2016-04-18 14:47:00,2016-04-18 14:55:46.037781054,5,-73.95551033114394,40.81829904591792,-73.93659226991734,40.82779236594434,N,526
demo_001568,1,2016-06-12 16:44:00,2016-06-12 17:02:46.470138328,1,-73.91829695902872,40.763983437326566,-73.9531973629466,40.770382234918344,N,1126
demo_001569,1,2016-06-26 05:41:00,2016-06-26 06:00:20.950096832,2,-73.99398141145237,40.7540435870195,-74.04753255697534,40.77997487696449,N,1160
demo_001570,1,2016-01-15 07:12:00,2016-01-15 07:37:33.597780913,5,-74.00321000913497,40.810805186816296,-74.05378598413266,40.83325695446832,N,1533
demo_001571,1,2016-03-06 01:50:00,2016-03-06 02:03:03.861585172,3,-73.98177705371702,40.79186426455969,-74.01445534575939,40.788915153632715,N,783
demo_001572,1,2016-05-12 03:28:00,2016-05-12 03:45:47.945569107,5,-74.01324370174876,40.746765705586576,-73.96503810879261,40.734019358303414,N,1067
demo_001573,2,2016-05-26 08:50:00,2016-05-26 09:00:55.133954815,3,-74.01082186414818,40.758181525703066,-73.99377375218137,40.758228606954624,N,655
demo_001574,1,2016-01-27 17:27:00,2016-01-27 17:39:20.839580978,6,-73.96646539471098,40.76483833205786,-73.98793345612887,40.774647671808914,N,740
demo_001575,1,2016-02-27 07:29:00,2016-02-27 07:39:04.754555793,3,-73.97666188169745,40.770663453061175,-73.98141729707883,40.78372482126083,N,604
demo_001576,1,2016-04-08 16:06:00,2016-04-08 16:14:18.611462489,1,-73.88907776120486,40.71051900521714,-73.89809888530733,40.71865713483681,N,498
demo_001577,2,2016-05-23 20:36:00,2016-05-23 20:48:10.301176190,5,-73.9652518032514,40.70401303872695,-73.93725002978307,40.70156246625321,N,730
demo_001578,1,2016-01-21 08:01:00,2016-01-21 08:22:56.255888987,4,-73.93319845033578,40.72694134922992,-73.96395637202103,40.75385540877055,N,1316
demo_001579,2,2016-04-18 03:10:00,2016-04-18 03:20:06.644289910,6,-74.03320783295254,40.7242341544946,-74.02096880943847,40.706028003354085,N,606
demo_001580,1,2016-02-23 08:38:00,2016-02-23 09:15:46.107975168,1,-73.96136792194864,40.73546615951096,-73.9508649197905,40.80241005271915,N,2266
demo_001581,1,2016-02-08 22:39:00,2016-02-08 22:54:29.160258988,4,-74.01753416059705,40.78021487247315,-74.0472445409524,40.800817772737304,N,929
demo_001582,2,2016-04-02 18:31:00,2016-04-02 19:01:59.078618556,5,-73.96720460315166,40.75208747952864,-73.9116243921293,40.72164537364305,N,1859
demo_001583,2,2016-03-15 12:35:00,2016-03-15 12:42:51.457940518,3,-73.95401684308483,40.764873811175356,-73.96436183531314,40.76987500311064,N,471
demo_001584,2,2016-04-24 10:16:00,2016-04-24 10:32:02.809823710,2,-73.98275590201993,40.715149380648526,-74.0175021563794,40.736011835635395,N,962
demo_001585,1,2016-02-27 04:11:00,2016-02-27 04:22:46.750187854,2,-73.87667034253363,40.74184252289777,-73.84681954325042,40.73240955704874,N,706
demo_001586,2,2016-05-28 04:33:00,2016-05-28 04:50:18.421349587,1,-73.92074091039012,40.778554018161074,-73.91883356518971,40.7381851288765,N,1038
demo_001587,1,2016-01-15 01:25:00,2016-01-15 01:40:47.646593106,4,-73.93202396002269,40.77882333603619,-73.91772896907962,40.75076860961302,N,947
demo_001588,2,2016-06-04 03:19:00,2016-06-04 03:33:58.152698963,5,-73.95060712134335,40.732639916013426,-73.99207091435005,40.747276425510755,N,898
demo_001589,2,2016-01-06 08:53:00,2016-01-06 09:21:16.551027191,3,-73.90564876320215,40.76365818352329,-73.87721419439468,40.716283538763946,N,1696
demo_001590,2,2016-05-12 11:04:00,2016-05-12 11:32:03.538027842,1,-74.04966361838612,40.83495967487188,-73.97362862562775,40.79582737143204,N,1683
demo_001591,1,2016-03-03 08:47:00,2016-03-03 09:07:14.961813383,5,-73.92333725969043,40.75738407247606,-73.96753644023288,40.77187861064327,N,1214
demo_001592,1,2016-03-10 00:00:00,2016-03-10 00:07:06.217554291,6,-74.02960599403998,40.733738456885014,-74.01720868583035,40.72772962803015,N,426
demo_001593,1,2016-01-04 10:13:00,2016-01-04 10:28:26.199328363,4,-74.010395260358,40.751918316372326,-74.03788109969524,40.73313224585299,N,926
demo_001594,1,2016-05-06 09:04:00,2016-05-06 09:45:27.831583309,1,-73.95973734001723,40.76122619876344,-73.86560112793131,40.74786843078573,N,2487
demo_001595,2,2016-01-30 18:54:00,2016-01-30 19:24:20.448403246,3,-73.92950509255202,40.75270910667583,-73.88611795581676,40.71299713372903,N,1820
demo_001596,1,2016-04-28 15:33:00,2016-04-28 15:42:10.506461534,4,-74.03691094842569,40.756902585476325,-74.02703719141964,40.769982828098605,N,550
demo_001597,2,2016-05-10 12:47:00,2016-05-10 13:03:17.162985230,6,-74.00806451949549,40.707479362107215,-74.05103988115093,40.68570268612174,N,977
demo_001598,2,2016-06-01 03:25:00,2016-06-01 03:37:52.505988949,3,-73.98061105673744,40.724307933371996,-74.01512301935462,40.70984262438823,N,772
demo_001599,1,2016-05-07 10:57:00,2016-05-07 11:07:58.802781989,1,-73.9933864702113,40.7527732667025,-73.96726686251245,40.76213646539035,N,658
demo_001600,1,2016-02-24 06:28:00,2016-02-24 06:43:10.667111419,5,-73.94656855724442,40.75221562104922,-73.99425578416454,40.745286677591956,N,910
demo_001601,2,2016-05-12 22:40:00,2016-05-12 23:00:54.645546240,5,-73.8303832572807,40.738183375379904,-73.87697224184667,40.719157736019774,N,1254
demo_001602,2,2016-05-28 16:06:00,2016-05-28 16:35:29.081438789,2,-73.96613056811634,40.751804524487326,-73.96582147383546,40.69808968701978,N,1769
demo_001603,1,2016-02-27 02:06:00,2016-02-27 02:13:16.181928740,3,-74.0180838397173,40.7601355199395,-74.01341425628328,40.77005601777793,N,436
demo_001604,2,2016-01-23 08:26:00,2016-01-23 08:36:09.960426620,1,-74.04334287487876,40.78912947097836,-74.03004177562696,40.79126228110378,N,609
demo_001605,2,2016-06-09 04:53:00,2016-06-09 05:01:55.289476380,1,-73.99963642611135,40.75452758926709,-74.01501981153496,40.740558127909644,N,535
demo_001606,1,2016-01-27 15:06:00,2016-01-27 15:22:09.268794753,2,-74.0273112448713,40.77196861218544,-73.99510611575671,40.74395883633783,N,969
demo_001607,1,2016-04-16 21:20:00,2016-04-16 21:31:39.494528657,1,-73.9639602593611,40.73904398944982,-73.99412377431527,40.739388576373464,N,699
demo_001608,1,2016-02-12 12:43:00,2016-02-12 12:52:58.134852419,2,-73.96465902638971,40.77802335032595,-73.94272647401523,40.79099608786015,N,598
demo_001609,2,2016-01-23 16:26:00,2016-01-23 16:32:12.880700783,4,-74.00584256920362,40.77115056041644,-73.99834834545024,40.77379005021219,N,372
demo_001610,2,2016-05-19 18:06:00,2016-05-19 18:32:03.780469535,3,-73.89567702437972,40.788303595111294,-73.87465430638272,40.83253136416458,N,1563
demo_001611,2,2016-01-26 20:51:00,2016-01-26 21:08:50.221121176,1,-74.01809512936579,40.78297111618556,-73.97672519754839,40.802000027755895,N,1070
demo_001612,2,2016-04-30 15:22:00,2016-04-30 15:32:38.841666730,4,-73.99037439805542,40.77860574680084,-74.0063110301341,40.77570910337964,N,638
demo_001613,1,2016-05-04 18:10:00,2016-05-04 18:27:26.114493380,6,-73.95623768003496,40.75455539069698,-73.97937539364864,40.77448891711158,N,1046
demo_001614,2,2016-01-11 20:11:00,2016-01-11 20:29:51.960797123,4,-73.94485752978035,40.76657287294656,-74.00395131124566,40.76788675446312,N,1131
demo_001615,2,2016-02-01 03:07:00,2016-02-01 03:30:55.359645535,2,-73.92750905653055,40.79522281249581,-73.99817412988786,40.79644301686792,N,1435
demo_001616,1,2016-05-22 23:39:00,2016-05-22 23:56:06.748100051,5,-73.9657176584453,40.7351773900709,-73.97187675397772,40.7701792125983,N,1026
demo_001617,1,2016-04-01 07:30:00,2016-04-01 07:50:20.474126124,3,-73.93770892846455,40.736005727745614,-73.94147222929499,40.71175816503582,N,1220
demo_001618,1,2016-01-22 20:14:00,2016-01-22 20:26:23.034591094,1,-74.01492986774126,40.76435009892827,-74.0529427770793,40.76497945942575,N,743
demo_001619,2,2016-06-27 12:27:00,2016-06-27 12:44:16.028045778,4,-73.94368631178423,40.772534789159295,-73.97417480127963,40.80465695923083,N,1036
demo_001620,1,2016-02-17 16:44:00,2016-02-17 17:07:19.119113169,5,-73.94428718824297,40.72915627252576,-73.8909663032376,40.737499017596484,N,1399
demo_001621,1,2016-01-01 17:18:00,2016-01-01 17:33:00.337831243,2,-73.91692009963609,40.755383310280536,-73.88626570732549,40.745418879675576,N,900
demo_001622,1,2016-06-15 08:23:00,2016-06-15 08:54:29.014937966,3,-74.06007961965028,40.754710042902,-74.10423586026553,40.7086437292369,N,1889
demo_001623,1,2016-01-03 23:37:00,2016-01-04 00:05:58.544885290,1,-74.02582324020204,40.68046519595388,-74.04130542199121,40.619165828514646,N,1738
demo_001624,2,2016-04-09 14:30:00,2016-04-09 14:52:06.321079832,3,-73.94795865637847,40.75031421037595,-73.9337485621705,40.80637110249949,N,1326
demo_001625,1,2016-06-27 18:07:00,2016-06-27 18:25:24.139443615,3,-74.1,40.752493875850305,-74.12,40.76082369502408,N,1104
demo_001626,2,2016-04-14 00:08:00,2016-04-14 00:22:15.499995750,2,-73.96285972217953,40.752389747001196,-73.99116405821871,40.73661977224587,N,855
demo_001627,1,2016-04-15 05:38:00,2016-04-15 05:48:32.481974750,4,-73.93730880087809,40.807556999610206,-73.94914740331048,40.81699233561671,N,632
demo_001628,2,2016-03-10 20:54:00,2016-03-10 21:13:02.448781484,5,-74.01093688613977,40.71544705955219,-73.97276375515314,40.689859857818,N,1142
demo_001629,2,2016-01-23 20:15:00,2016-01-23 20:30:31.167814197,3,-74.00435855000504,40.72913821000784,-73.96300950441687,40.72019577551814,N,931
demo_001630,2,2016-04-13 02:01:00,2016-04-13 02:15:17.850880656,5,-74.0333361806258,40.66657314705883,-74.05907681924853,40.64116775644802,N,857
demo_001631,2,2016-06-10 12:20:00,2016-06-10 12:36:16.702996559,3,-74.00846962038791,40.74116791668391,-73.99235033207572,40.70300952990066,N,976
demo_001632,1,2016-01-17 09:33:00,2016-01-17 10:03:26.617572486,3,-74.00716558258827,40.744152475605595,-74.00738999393899,40.68731788206797,N,1826
demo_001633,2,2016-06-07 11:14:00,2016-06-07 11:35:47.264869320,4,-74.01572785735095,40.7401507988283,-74.05101609958797,40.69701404923813,N,1307
demo_001634,1,2016-03-15 17:00:00,2016-03-15 17:17:28.122821241,2,-74.0181955180003,40.796768706881934,-74.02859312596405,40.82434347650825,N,1048
demo_001635,2,2016-04-06 12:23:00,2016-04-06 12:40:25.539798297,6,-73.99719521531998,40.788121613281795,-74.04144341189989,40.76147580032912,N,1045
demo_001636,2,2016-01-30 18:32:00,2016-01-30 18:52:47.228403729,4,-73.99773969420453,40.760724985349356,-73.95703276090417,40.775167072368035,N,1247
demo_001637,2,2016-04-21 22:08:00,2016-04-21 22:28:45.558146684,3,-73.90066406450626,40.74502854312611,-73.84632754301332,40.77085802265193,N,1245
demo_001638,1,2016-02-02 19:45:00,2016-02-02 19:55:27.645690141,2,-74.00273833144027,40.79391663838374,-74.01710838929536,40.79436428988434,N,627
demo_001639,1,2016-02-19 04:10:00,2016-02-19 04:19:37.986666501,5,-73.96951324027137,40.75730847490575,-73.99223101621043,40.74924716017308,N,577
demo_001640,2,2016-05-09 21:21:00,2016-05-09 21:34:20.503316393,1,-74.01095973349143,40.72936054863786,-73.97404892817373,40.7329521674921,N,800
demo_001641,2,2016-01-10 02:14:00,2016-01-10 02:28:41.549823408,1,-74.01153180991287,40.69793129628804,-73.96896659697856,40.686682546391886,N,881
demo_001642,2,2016-03-21 11:49:00,2016-03-21 12:06:38.140542546,4,-74.06169667419796,40.74255399271365,-74.1007010732642,40.77505954278918,N,1058
demo_001643,2,2016-04-17 00:31:00,2016-04-17 00:53:42.817054195,3,-74.0557114811515,40.784412526601045,-74.06089304455784,40.835078941202944,N,1362
demo_001644,2,2016-01-24 18:21:00,2016-01-24 18:45:28.908924347,2,-74.03931492258438,40.83767885413401,-74.04137776615987,40.87682377355403,N,1468
demo_001645,1,2016-02-23 01:20:00,2016-02-23 01:43:19.162060521,3,-73.97673364243579,40.76015636211663,-74.00371081201371,40.702064154777744,N,1399
demo_001646,2,2016-03-02 19:55:00,2016-03-02 20:06:40.789052623,5,-73.93657218551219,40.73121255697079,-73.92306282621912,40.71941283448157,N,700
demo_001647,1,2016-04-29 10:50:00,2016-04-29 11:02:17.903805161,3,-74.0653999037103,40.716526217710054,-74.08989799043825,40.716638514457145,N,737
demo_001648,1,2016-06-24 19:22:00,2016-06-24 19:36:25.980001037,4,-74.0097084560607,40.7773184213707,-74.02861758214817,40.78982098630211,N,865
demo_001649,1,2016-05-30 12:34:00,2016-05-30 12:52:47.360757172,1,-74.04651008192077,40.69623843816655,-74.050057077465,40.6496009456486,N,1127
demo_001650,1,2016-02-04 03:47:00,2016-02-04 04:13:51.155364415,5,-73.99689246923602,40.77726207854917,-74.0490096491139,40.73018909971921,N,1611
demo_001651,1,2016-01-04 06:27:00,2016-01-04 06:54:44.317773680,1,-73.93659037278317,40.78661990621921,-74.00856623723236,40.821903229459096,N,1664
demo_001652,1,2016-01-10 08:15:00,2016-01-10 08:33:18.379708656,2,-74.00510970807235,40.77326978086315,-73.97297017524001,40.75817355926069,N,1098
demo_001653,2,2016-04-17 05:29:00,2016-04-17 05:47:40.852812940,2,-73.98713826374899,40.75031184148215,-74.01304957186791,40.710151870343914,N,1120
demo_001654,1,2016-01-29 03:02:00,2016-01-29 03:26:30.474116202,3,-73.91951472216235,40.77777292287414,-73.84479447925646,40.74797462106562,N,1470
demo_001655,1,2016-02-11 15:07:00,2016-02-11 15:28:50.587557512,2,-73.96439445812715,40.76398284298949,-73.89538013074922,40.77452565835892,N,1310
demo_001656,2,2016-06-01 12:43:00,2016-06-01 12:58:25.708843062,5,-74.01920413351175,40.73076566553488,-74.03693088527191,40.708556878000365,N,925
demo_001657,2,2016-06-06 07:11:00,2016-06-06 07:44:12.814743934,3,-73.9778488121374,40.822764431283126,-73.89598195729201,40.829288323622094,N,1992
demo_001658,1,2016-05-31 00:36:00,2016-05-31 00:55:07.385123393,1,-74.0222397055131,40.745691221713635,-73.98942459698453,40.719265582919476,N,1147
demo_001659,1,2016-02-15 15:49:00,2016-02-15 16:10:52.889820519,3,-73.96607830942688,40.78515133051575,-73.98866429252989,40.73805792707638,N,1312
demo_001660,1,2016-04-21 13:02:00,2016-04-21 13:32:13.539448471,1,-73.96180969306673,40.673348500105654,-74.05217408396015,40.71180676451263,N,1813
demo_001661,1,2016-04-19 22:31:00,2016-04-19 22:44:11.792926649,2,-74.04652218652242,40.80267648089733,-74.02243675670641,40.81342760850214,N,791
demo_001662,2,2016-02-03 08:16:00,2016-02-03 08:24:24.961898331,4,-73.97711827621764,40.809406731062914,-73.9760229205968,40.800395457809486,N,504
demo_001663,1,2016-04-09 15:17:00,2016-04-09 15:26:55.039235636,4,-73.99029079660981,40.75904418254944,-73.97519314110879,40.744967416064036,N,595
demo_001664,2,2016-04-04 13:06:00,2016-04-04 13:25:01.034931364,4,-73.96048951712726,40.77755698621582,-73.96849878330491,40.81710929618085,N,1141
demo_001665,1,2016-03-12 07:26:00,2016-03-12 07:46:37.550445277,3,-73.94758938270414,40.77754803135627,-73.9876243752751,40.79351934258554,N,1237
demo_001666,1,2016-05-15 07:11:00,2016-05-15 07:30:55.383780346,6,-73.96351476781439,40.735502575062576,-73.97846070106912,40.766466526916744,N,1195
demo_001667,2,2016-05-01 23:19:00,2016-05-01 23:30:37.619742188,1,-73.9986437009021,40.77714928069038,-73.97391139589402,40.76138957839817,N,697
demo_001668,1,2016-04-05 21:04:00,2016-04-05 21:11:00.976449178,3,-73.94300014906112,40.72969793355446,-73.95540328691922,40.73106593013931,N,420
demo_001669,2,2016-05-10 15:19:00,2016-05-10 15:31:14.080449099,2,-74.02428782493396,40.73669350767241,-74.03690244994095,40.74755287840432,N,734
demo_001670,2,2016-05-17 08:37:00,2016-05-17 09:00:14.681276181,1,-74.04442348970163,40.79744301001244,-74.09760203778364,40.782591144060966,N,1394
demo_001671,1,2016-04-12 01:10:00,2016-04-12 01:14:24.357295497,4,-74.1,40.79211301917451,-74.09680798313775,40.78953365223141,N,264
demo_001672,1,2016-02-18 04:21:00,2016-02-18 04:35:28.686679751,1,-73.98815634282818,40.73327685742595,-74.02707396078024,40.7175193782491,N,868
demo_001673,1,2016-05-16 12:23:00,2016-05-16 12:35:49.912045699,4,-74.0219695897772,40.732324827977465,-73.98982117278777,40.743099426310025,N,769
demo_001674,2,2016-05-09 04:05:00,2016-05-09 04:22:19.140494974,6,-73.96710104857661,40.73540411891398,-73.99279458008466,40.69972647649002,N,1039
demo_001675,2,2016-06-26 00:21:00,2016-06-26 00:31:07.122672056,5,-74.073705232732,40.783642384826294,-74.08405487589934,40.79908557534596,N,607
demo_001676,1,2016-01-27 23:04:00,2016-01-27 23:25:58.970720275,5,-74.01412303479047,40.72300053267164,-73.93838360998942,40.7313897891187,N,1318
demo_001677,2,2016-03-16 11:15:00,2016-03-16 11:22:35.702590709,2,-73.9638378542361,40.77048494236626,-73.97456795203063,40.76499561209656,N,455
demo_001678,1,2016-06-15 08:39:00,2016-06-15 08:54:29.571428349,4,-74.0313426265857,40.7841396383722,-74.04676274515036,40.79627660130481,N,929
demo_001679,2,2016-04-02 14:59:00,2016-04-02 15:09:16.204790337,4,-73.96658344631243,40.754911409239746,-73.94608667680596,40.74505801671896,N,616
demo_001680,2,2016-06-18 16:07:00,2016-06-18 16:35:10.663680483,3,-74.01006601677805,40.79335222939027,-74.07255017985595,40.77525869937443,N,1690
demo_001681,1,2016-01-03 05:52:00,2016-01-03 06:08:04.105736872,3,-73.98647637394009,40.74734914406786,-73.94269804767785,40.76202975024716,N,964
demo_001682,2,2016-01-07 07:56:00,2016-01-07 08:14:28.065323991,1,-73.95821788971124,40.750515053965216,-73.92342998819029,40.76636443210438,N,1108
demo_001683,2,2016-05-23 06:50:00,2016-05-23 07:01:41.585139537,6,-73.94212413395981,40.72379638191039,-73.92376832288919,40.71010008546254,N,701
demo_001684,1,2016-03-05 12:25:00,2016-03-05 12:59:48.928059695,6,-73.98083784149057,40.79360120716671,-74.09903625376224,40.777588795276145,N,2088
demo_001685,1,2016-04-03 15:23:00,2016-04-03 15:30:16.259097128,5,-74.02163046326955,40.731171784355745,-74.0307098727162,40.72623150029421,N,436
demo_001686,1,2016-03-18 01:00:00,2016-03-18 01:18:25.450302055,4,-74.00561174880708,40.77024201362003,-74.05016206671728,40.75533786099405,N,1105
demo_001687,1,2016-03-14 10:23:00,2016-03-14 10:45:08.306514721,1,-73.95633700866108,40.755503937650595,-73.9169932712225,40.79668215361742,N,1328
demo_001688,1,2016-06-18 02:31:00,2016-06-18 02:43:19.299507565,4,-74.03095641125671,40.72115259279109,-73.99411677320275,40.729697437074336,N,739
demo_001689,2,2016-01-17 22:23:00,2016-01-17 22:30:05.461379807,6,-73.9930129968488,40.736681389966186,-73.97943265070472,40.737075596271964,N,425
demo_001690,2,2016-05-18 23:58:00,2016-05-19 00:14:30.799028942,1,-74.00236478442626,40.80640052836643,-74.04447367632616,40.781216954076825,N,990
demo_001691,1,2016-06-09 03:18:00,2016-06-09 03:36:05.375578870,3,-73.98965128024935,40.76505801399221,-73.93735098288097,40.7850107290622,N,1085
demo_001692,2,2016-04-28 08:01:00,2016-04-28 08:13:06.686791687,6,-74.03041771381622,40.722679738052165,-74.0395968536819,40.70616640575366,N,726
demo_001693,1,2016-03-12 02:25:00,2016-03-12 02:45:16.542672273,6,-74.06833749584955,40.768686490057206,-74.00514950850803,40.75106231265802,N,1216
demo_001694,2,2016-01-29 19:15:00,2016-01-29 19:30:53.495991272,3,-73.96156658228182,40.752886008894194,-73.95227803494163,40.77374660479726,N,953
demo_001695,1,2016-05-02 20:45:00,2016-05-02 20:55:39.314088149,2,-73.94161408594302,40.87889162407855,-73.92387580528093,40.889349337545326,N,639
demo_001696,1,2016-03-25 09:12:00,2016-03-25 09:48:41.942162685,2,-74.06564787308741,40.767979334446984,-74.0817585265471,40.700386249000324,N,2201
demo_001697,1,2016-01-27 21:17:00,2016-01-27 21:34:24.754286534,3,-73.96839832275832,40.74467813035268,-73.91915487753596,40.74041831973105,N,1044
demo_001698,1,2016-03-05 17:41:00,2016-03-05 17:53:37.426474034,2,-73.93625676883197,40.80770097712255,-73.91496158288169,40.811090006877336,N,757
demo_001699,2,2016-06-22 01:53:00,2016-06-22 02:10:20.541011794,4,-73.95818400289569,40.69356373414475,-73.90768279365768,40.68439463793866,N,1040
demo_001700,2,2016-02-17 18:27:00,2016-02-17 18:34:00.298369973,1,-74.00375015804042,40.761301205473345,-73.99753621609128,40.76563102444697,N,420
demo_001701,1,2016-02-02 02:52:00,2016-02-02 03:13:47.047651543,1,-74.02745733663879,40.82780499731384,-74.02910368971274,40.7789434212353,N,1307
demo_001702,1,2016-05-02 18:08:00,2016-05-02 18:49:36.330881057,1,-73.98135598642925,40.75393302504741,-73.9605264307278,40.67749546886521,N,2496
demo_001703,1,2016-02-05 22:01:00,2016-02-05 22:20:51.787966996,5,-73.97384967235189,40.69733446343732,-73.9233607545337,40.670996821001324,N,1191
demo_001704,2,2016-06-14 14:00:00,2016-06-14 14:13:38.062563715,6,-73.98068866199799,40.74414287124563,-73.94510296124461,40.75176354353334,N,818
demo_001705,2,2016-06-03 14:48:00,2016-06-03 15:20:32.821817745,1,-73.9931060583553,40.80890813143357,-73.98826822510489,40.72183431326351,N,1952
demo_001706,1,2016-06-26 00:51:00,2016-06-26 01:12:31.824731327,6,-74.03371932758553,40.77116243587123,-74.0987219753525,40.74838669205577,N,1291
demo_001707,1,2016-06-13 06:21:00,2016-06-13 06:43:33.794694764,1,-73.9659790268911,40.728640036167064,-73.93761551551312,40.67672548999868,N,1353
demo_001708,2,2016-02-13 21:03:00,2016-02-13 21:21:08.648016534,1,-73.96381154775139,40.734016501748734,-74.01416621566229,40.72746564909039,N,1088
demo_001709,1,2016-02-08 04:28:00,2016-02-08 04:49:34.491220144,2,-73.97596300435423,40.73841049050976,-73.9747378028889,40.79127377047457,N,1294
demo_001710,2,2016-03-02 16:12:00,2016-03-02 16:17:55.933028415,2,-73.9800052859718,40.770641925941895,-73.98405710252977,40.76477817408596,N,355
demo_001711,1,2016-03-25 13:32:00,2016-03-25 13:49:05.481100468,6,-73.90943377305142,40.804836864652856,-73.95905566995872,40.80193428782892,N,1025
demo_001712,1,2016-06-07 09:34:00,2016-06-07 09:49:27.125075653,1,-74.0130970453058,40.79483480544798,-74.00005943716022,40.81749404084926,N,927
demo_001713,1,2016-05-12 00:41:00,2016-05-12 01:03:17.983531415,6,-73.92733542061445,40.77396042637382,-73.8519342997072,40.7745357034347,N,1337
demo_001714,2,2016-04-25 23:57:00,2016-04-26 00:05:27.309189920,6,-74.01803110111499,40.71139243339799,-74.02897229470628,40.705587655602876,N,507
demo_001715,1,2016-06-07 02:32:00,2016-06-07 02:47:48.056975231,3,-73.93509722421696,40.711522362010236,-73.9082914360325,40.73654180196215,N,948
demo_001716,1,2016-04-26 06:14:00,2016-04-26 06:39:28.323879163,5,-73.92949846024638,40.776663820742485,-73.8470493158904,40.789404773806304,N,1528
demo_001717,2,2016-03-09 05:30:00,2016-03-09 05:41:49.190778501,4,-73.99818730415308,40.71090851157235,-73.96799584148776,40.718701407134645,N,709
demo_001718,1,2016-03-15 08:09:00,2016-03-15 08:21:00.715983087,6,-73.91025666256726,40.7501051542626,-73.93282617833529,40.746358090143275,N,720
demo_001719,1,2016-04-03 01:31:00,2016-04-03 01:37:44.563497761,2,-73.96389338509643,40.76864526561652,-73.95559786723213,40.75930151858889,N,404
demo_001720,1,2016-01-16 23:29:00,2016-01-16 23:40:53.221755927,6,-74.02447725985132,40.718184210162306,-74.0076499534425,40.74294782406356,N,713
demo_001721,2,2016-05-13 12:12:00,2016-05-13 12:28:40.102191640,3,-74.00183704674751,40.72215081829744,-73.95165358708292,40.7130663275607,N,1000
demo_001722,2,2016-04-27 11:59:00,2016-04-27 12:18:05.263744252,6,-73.9340256962252,40.75470576274013,-73.89153393430287,40.78794959048274,N,1145
demo_001723,2,2016-05-11 14:30:00,2016-05-11 14:59:25.885569488,6,-73.94346208841554,40.775627760063344,-74.0404080150625,40.74735480817353,N,1765
demo_001724,2,2016-04-06 02:37:00,2016-04-06 02:58:04.713476301,6,-74.03261181806207,40.79515315696448,-74.06257897738894,40.833865323736134,N,1264
demo_001725,1,2016-05-20 22:23:00,2016-05-20 22:30:49.331971916,5,-73.99126657904857,40.77924687021697,-73.99371751434005,40.79199195246036,N,469
demo_001726,1,2016-06-19 22:55:00,2016-06-19 23:11:44.466827210,3,-73.97584146577506,40.76057798082473,-74.01137651296388,40.73442753790232,N,1004
demo_001727,1,2016-04-12 14:06:00,2016-04-12 14:39:09.356026694,5,-74.0078422065084,40.731883183625506,-74.12,40.745625606758416,N,1989
demo_001728,1,2016-03-20 23:44:00,2016-03-20 23:57:23.853861230,2,-73.87889901244813,40.72051825514544,-73.9042956595194,40.702960076890875,N,803
demo_001729,1,2016-01-19 19:56:00,2016-01-19 19:59:51.841225612,2,-73.97448513154676,40.740119301908486,-73.97461150280883,40.74102185937587,N,231
demo_001730,2,2016-05-20 03:53:00,2016-05-20 04:03:07.579274948,5,-73.98778154859063,40.77234774547432,-74.00616651248903,40.7592088127714,N,607
demo_001731,1,2016-06-11 17:09:00,2016-06-11 17:25:56.433116725,5,-73.93141170300838,40.76978182973196,-73.96630471693605,40.76619320130037,N,1016
demo_001732,1,2016-05-05 21:47:00,2016-05-05 21:58:54.272106041,2,-74.00143460906774,40.684503430499625,-73.99998334720027,40.70992206193249,N,714
demo_001733,1,2016-06-04 19:16:00,2016-06-04 19:29:56.080873508,6,-73.93966575752222,40.73050130401064,-73.9276576713884,40.7445011186186,N,836
demo_001734,2,2016-06-04 00:22:00,2016-06-04 00:41:46.649688394,5,-74.06004795780123,40.80015776430622,-74.07644885679002,40.769772898728455,N,1186
demo_001735,1,2016-05-23 15:46:00,2016-05-23 16:05:55.772789133,6,-74.00541443208105,40.76077252667315,-73.95740339829447,40.731933922748375,N,1195
demo_001736,1,2016-03-31 12:26:00,2016-03-31 12:32:57.353248578,3,-73.93779183117303,40.7084046880414,-73.93577182661724,40.71571562951856,N,417
demo_001737,1,2016-01-18 23:24:00,2016-01-18 23:38:01.526681804,4,-73.91434110257346,40.84045374135594,-73.94484408101069,40.84971979378212,N,841
demo_001738,2,2016-01-01 14:01:00,2016-01-01 14:17:54.331421243,4,-74.01979830708527,40.75698703936899,-74.0591571133675,40.73877702492553,N,1014
demo_001739,1,2016-02-06 18:59:00,2016-02-06 19:23:54.864457475,1,-74.02504197362984,40.77145168857597,-74.0324959167439,40.81441720661649,N,1494
demo_001740,2,2016-03-18 14:01:00,2016-03-18 14:20:25.632142743,2,-73.95946491063333,40.77198336646158,-73.92049518775951,40.793947729767865,N,1165
demo_001741,1,2016-05-13 20:21:00,2016-05-13 20:33:39.501571407,6,-74.0130365252713,40.745134158684394,-74.04186563009131,40.728243596819006,N,759
demo_001742,2,2016-03-23 01:05:00,2016-03-23 01:18:27.591189892,5,-73.99708600629899,40.732534921136256,-73.9762302243591,40.713034027609226,N,807
demo_001743,2,2016-01-05 03:57:00,2016-01-05 04:02:57.427674035,4,-73.94556177388682,40.83225862447731,-73.94225228203632,40.826107667707056,N,357
demo_001744,1,2016-02-07 20:41:00,2016-02-07 21:03:29.101339197,1,-74.00948459817263,40.79311220543662,-73.93972144423996,40.78415213633762,N,1349
demo_001745,1,2016-06-25 06:15:00,2016-06-25 06:30:27.331979576,1,-74.0734441588191,40.78676780203881,-74.05978535759098,40.820684054369565,N,927
demo_001746,2,2016-06-26 20:15:00,2016-06-26 20:32:51.892236424,4,-74.04354879960226,40.77817012171014,-74.06798671798217,40.804752241981,N,1071
demo_001747,2,2016-03-08 21:15:00,2016-03-08 21:27:21.246805717,1,-73.98455199864259,40.72288389133735,-73.95877906513583,40.723830768201886,N,741
demo_001748,1,2016-05-24 21:32:00,2016-05-24 21:45:42.023382345,1,-74.06885404168128,40.80271355671091,-74.04190327199991,40.82101700685492,N,822
demo_001749,2,2016-05-09 11:25:00,2016-05-09 11:38:29.885984258,4,-73.99837221877839,40.728490356969594,-74.01226760420874,40.7507106880809,N,809
demo_001750,2,2016-06-16 15:04:00,2016-06-16 15:17:31.969617796,6,-74.04764434323098,40.767915037935275,-74.08838419288253,40.769488077598474,N,811
demo_001751,1,2016-06-08 18:18:00,2016-06-08 18:29:30.903624763,6,-73.91120274469105,40.70062135330874,-73.89244151299812,40.711492057651704,N,690
demo_001752,2,2016-04-23 04:09:00,2016-04-23 04:17:48.726851443,3,-73.88756858323555,40.686569940227336,-73.88534555204878,40.702613004187825,N,528
demo_001753,2,2016-03-12 00:48:00,2016-03-12 01:09:04.289443699,6,-74.03261886960539,40.76914019209286,-74.0856981228162,40.782305546631385,N,1264
demo_001754,1,2016-04-22 19:09:00,2016-04-22 19:23:15.989886216,4,-73.9734458593983,40.72968152564818,-73.96453762443363,40.70865382227934,N,855
demo_001755,1,2016-02-27 10:39:00,2016-02-27 10:52:43.538925567,6,-74.02821816793985,40.688379135004595,-74.0505129193706,40.67008097155625,N,823
demo_001756,1,2016-03-03 15:45:00,2016-03-03 16:02:27.179957846,2,-73.99891920209245,40.77692133260315,-74.05196527355764,40.76912927673763,N,1047
demo_001757,2,2016-04-19 13:45:00,2016-04-19 13:55:58.385651958,4,-73.903843880242,40.83220282698678,-73.91616795226058,40.813122891452515,N,658
demo_001758,2,2016-04-12 20:26:00,2016-04-12 20:47:04.701277380,6,-74.00600098464768,40.806634609050306,-73.96109882895044,40.76686089358914,N,1264
demo_001759,1,2016-04-14 13:52:00,2016-04-14 14:07:51.755731586,6,-73.99787168580067,40.7489938740157,-73.9555895332976,40.767244576961325,N,951
demo_001760,1,2016-03-10 05:47:00,2016-03-10 06:01:12.304640180,6,-74.02741381702525,40.758309585734395,-73.99427749345499,40.767662605159856,N,852
demo_001761,2,2016-03-14 15:29:00,2016-03-14 15:44:53.060308886,1,-73.93342147800509,40.78906971898744,-73.92399832685186,40.752906821427544,N,953
demo_001762,2,2016-01-02 20:01:00,2016-01-02 20:10:16.164852098,4,-74.1,40.79727448069423,-74.07914709788257,40.79076972947758,N,556
demo_001763,2,2016-04-18 07:40:00,2016-04-18 07:46:47.263902556,1,-74.00492587946893,40.74597624984111,-74.0014733191172,40.74100053277529,N,407
demo_001764,2,2016-04-13 15:23:00,2016-04-13 15:36:38.338396457,3,-73.9870648742361,40.75919622005036,-74.0257416531536,40.76410871962013,N,818
demo_001765,2,2016-06-17 08:50:00,2016-06-17 09:11:29.365192263,1,-74.01474847984329,40.76852151823676,-74.04644104630313,40.73930961212327,N,1289
demo_001766,1,2016-03-31 18:29:00,2016-03-31 18:53:17.551876873,5,-73.9461404521521,40.777385671209764,-73.9673917845466,40.740827826837915,N,1457
demo_001767,2,2016-03-25 04:12:00,2016-03-25 04:29:34.635020917,5,-73.93090877222133,40.753342324529605,-73.88186120453906,40.76737488592252,N,1054
demo_001768,2,2016-01-13 04:23:00,2016-01-13 04:43:17.899481669,1,-74.04854177807958,40.753797016422595,-74.01085760249036,40.71238004209134,N,1217
demo_001769,1,2016-02-05 09:55:00,2016-02-05 10:12:23.827174946,6,-73.89079310058031,40.80629413154141,-73.92858881529675,40.80001221722893,N,1043
demo_001770,1,2016-03-01 20:19:00,2016-03-01 20:27:45.372156808,6,-74.0490466470959,40.8003332245855,-74.04717795805634,40.79152914057003,N,525
demo_001771,1,2016-03-08 21:31:00,2016-03-08 21:37:45.977930471,6,-73.92701161932459,40.77470937007027,-73.94110286932093,40.77138069347814,N,405
demo_001772,2,2016-03-06 06:48:00,2016-03-06 06:55:30.120154257,3,-73.9782577535659,40.818168817450804,-73.98368627244142,40.824992193222606,N,450
demo_001773,1,2016-03-11 22:32:00,2016-03-11 22:49:52.157111727,6,-74.00766654937011,40.744474398322076,-74.02642804803344,40.787635805002985,N,1072
demo_001774,2,2016-05-18 09:43:00,2016-05-18 10:14:37.879946485,6,-74.00342151183541,40.81480407070203,-73.95422230503719,40.771617781286075,N,1897
demo_001775,1,2016-01-24 14:23:00,2016-01-24 14:35:07.432845330,4,-73.9865080755797,40.77698804052375,-73.98716980437028,40.80065574325753,N,727
demo_001776,1,2016-02-29 19:21:00,2016-02-29 19:56:41.952636304,3,-73.97562119621612,40.87248591427751,-73.96805570805508,40.80465765081196,N,2141
demo_001777,1,2016-01-30 07:36:00,2016-01-30 07:57:19.177006628,5,-74.02640694581171,40.71626313256262,-74.01855790859705,40.753893333580685,N,1279
demo_001778,2,2016-02-25 09:40:00,2016-02-25 10:13:52.292641116,1,-73.99552729809552,40.733872916172395,-74.03149925421916,40.67871544397789,N,2032
demo_001779,2,2016-05-03 05:18:00,2016-05-03 05:42:54.455068213,3,-74.01968027703174,40.77265792398702,-74.01588089760732,40.83844057921396,N,1494
demo_001780,1,2016-01-09 10:01:00,2016-01-09 10:17:16.056587964,1,-74.03967722871832,40.771903191854264,-74.00249613995578,40.76137946045838,N,976
demo_001781,2,2016-03-02 02:32:00,2016-03-02 02:52:58.824712228,5,-74.0217790266106,40.82625486444613,-73.97023484211877,40.861095207087,N,1258
demo_001782,2,2016-01-05 06:19:00,2016-01-05 06:39:45.633018831,1,-74.0367488584713,40.73460688608452,-74.07692238234148,40.763879098716615,N,1245
demo_001783,2,2016-06-20 21:09:00,2016-06-20 21:29:04.032673663,5,-74.00390697107377,40.78967214815429,-74.05705801438238,40.77788694268907,N,1204
demo_001784,2,2016-05-10 21:45:00,2016-05-10 21:52:13.511298366,4,-73.96553862925393,40.798686205163875,-73.96336391895248,40.78897297627281,N,433
demo_001785,2,2016-02-13 20:20:00,2016-02-13 20:36:40.363496012,3,-73.979568034062,40.78266267412773,-73.94074646891127,40.76005938212316,N,1000
demo_001786,1,2016-02-05 16:12:00,2016-02-05 16:28:51.519573360,4,-73.89615448505027,40.72436512803265,-73.88356860915034,40.74562412252665,N,1011
demo_001787,2,2016-01-18 19:21:00,2016-01-18 19:34:23.944749328,1,-74.0844703856174,40.8072715581839,-74.06066002295461,40.79583791937,N,803
demo_001788,2,2016-03-26 02:50:00,2016-03-26 03:07:43.224802011,5,-73.96387965652036,40.80102637259604,-74.01148837225209,40.77891381733867,N,1063
demo_001789,2,2016-05-15 15:08:00,2016-05-15 15:21:37.286099519,2,-73.9847110892664,40.778985458192665,-74.00473065121585,40.79349191051548,N,817
demo_001790,2,2016-04-15 03:47:00,2016-04-15 04:13:23.384485320,6,-73.94829483459326,40.765152169052314,-74.02515876529601,40.74092840513436,N,1583
demo_001791,1,2016-06-07 14:04:00,2016-06-07 14:11:01.395952918,6,-73.95275906580603,40.76591378035155,-73.95774614752965,40.75703125847425,N,421
demo_001792,2,2016-03-02 21:17:00,2016-03-02 21:40:27.222041833,4,-73.99242462875608,40.75524424727163,-74.0681723091856,40.75813610562317,N,1407
demo_001793,2,2016-02-20 01:26:00,2016-02-20 01:42:30.779953552,4,-73.97723069218145,40.780427479698844,-73.93058753261704,40.76308188348879,N,990
demo_001794,2,2016-03-27 01:10:00,2016-03-27 01:28:07.879903333,6,-74.01848311458133,40.75908971985308,-73.96406436320451,40.74581790546824,N,1087
demo_001795,1,2016-02-06 09:01:00,2016-02-06 09:25:50.332527994,3,-73.95738440092904,40.72830162586266,-73.95246187870688,40.76974617229343,N,1490
demo_001796,2,2016-06-24 14:47:00,2016-06-24 15:03:34.322433449,3,-74.06954942234552,40.721299292431034,-74.12,40.71578494202333,N,994
demo_001797,1,2016-02-03 10:30:00,2016-02-03 10:39:43.095815781,6,-73.95004281026078,40.73167873112217,-73.93689286737383,40.721968803208014,N,583
demo_001798,1,2016-03-27 04:42:00,2016-03-27 05:01:27.264468228,3,-73.98604280499062,40.76577462848923,-73.92097316544448,40.76104624976138,N,1167
demo_001799,2,2016-04-03 23:05:00,2016-04-03 23:15:39.703544647,3,-74.00691779170239,40.75705654572477,-73.99026704921334,40.76932683041425,N,639
demo_001800,1,2016-01-11 06:26:00,2016-01-11 06:43:11.336514939,1,-73.99546399397511,40.76553703276511,-73.95398955430792,40.73762271333292,N,1031
demo_001801,1,2016-03-25 07:33:00,2016-03-25 07:45:13.181429697,2,-73.99216383055648,40.77552845967411,-74.00914461646585,40.78706327548649,N,733
demo_001802,2,2016-03-22 20:18:00,2016-03-22 20:29:23.495722606,2,-73.92662133077837,40.73604376759291,-73.95711368245254,40.74295091272451,N,683
demo_001803,2,2016-02-16 16:46:00,2016-02-16 17:14:03.368928163,5,-73.83949278515382,40.80929810589209,-73.84197295547452,40.76100441052209,N,1683
demo_001804,1,2016-01-24 00:49:00,2016-01-24 01:15:27.678517802,4,-73.93010581291323,40.74863012105334,-73.99754050033616,40.797075022345375,N,1587
demo_001805,2,2016-01-09 03:08:00,2016-01-09 03:37:00.683027149,3,-74.01043966036504,40.74283005553265,-73.93119656071904,40.78227202167326,N,1740
demo_001806,2,2016-01-02 13:04:00,2016-01-02 13:15:22.470401159,6,-73.95665981790717,40.77488351830664,-73.95177206628036,40.753268319122526,N,682
demo_001807,2,2016-03-27 16:02:00,2016-03-27 16:24:06.578794258,3,-73.95470018752741,40.693722142916876,-73.92436313412456,40.66341662639905,N,1326
demo_001808,1,2016-01-17 04:06:00,2016-01-17 04:14:01.758873002,3,-74.02663223251012,40.7303312942597,-74.04278503100399,40.73648868467938,N,481
demo_001809,2,2016-06-21 16:18:00,2016-06-21 16:48:38.055670259,5,-74.04173596837494,40.79233754795422,-74.09574399131998,40.753839239182774,N,1838
demo_001810,1,2016-02-14 01:18:00,2016-02-14 01:41:37.412472887,2,-73.98784764180125,40.69719023248283,-73.93794412272742,40.73402587223279,N,1417
demo_001811,2,2016-04-27 10:52:00,2016-04-27 11:06:13.636004555,3,-73.94865315787844,40.79711509689266,-73.98799666772312,40.78446684602735,N,853
demo_001812,1,2016-05-01 05:28:00,2016-05-01 05:48:58.594823051,5,-74.05753137204206,40.810889779822574,-74.04532201531714,40.85467856688691,N,1258
demo_001813,1,2016-03-30 04:35:00,2016-03-30 04:50:14.136956205,2,-74.01744040404445,40.745069063176174,-74.00193243564827,40.72281017217575,N,914
demo_001814,1,2016-06-08 01:12:00,2016-06-08 01:17:00.033636103,3,-73.95923067309543,40.768213446859924,-73.95664237746668,40.76518399054962,N,300
demo_001815,1,2016-01-20 22:11:00,2016-01-20 22:27:14.649557153,1,-73.98312243740283,40.79716804796979,-74.01058288566921,40.831382788347376,N,974
demo_001816,1,2016-02-12 03:00:00,2016-02-12 03:08:41.439561793,5,-73.92126768707304,40.74166237841848,-73.92650481536896,40.73293491246823,N,521
demo_001817,2,2016-02-15 10:31:00,2016-02-15 10:45:12.321610175,6,-74.04851153543343,40.78837214321842,-74.08176331434491,40.79571862028416,N,852
demo_001818,1,2016-01-25 08:59:00,2016-01-25 09:22:38.881431521,5,-73.87915257799477,40.73450979217043,-73.85083135875522,40.764011578572656,N,1418
demo_001819,1,2016-02-23 01:25:00,2016-02-23 01:36:05.459259576,4,-74.05420965996063,40.74128391973334,-74.0342055174982,40.72627063856082,N,665
demo_001820,2,2016-02-26 06:48:00,2016-02-26 07:03:49.324639874,6,-74.07631236734727,40.73002322374863,-74.0770614525057,40.695956268303846,N,949
demo_001821,1,2016-05-17 15:57:00,2016-05-17 16:14:39.393598662,6,-73.98765107507738,40.76999265197182,-74.00754337658671,40.730607465871515,N,1059
demo_001822,2,2016-02-24 07:01:00,2016-02-24 07:32:28.430850362,3,-74.03605065177106,40.7985289168398,-73.9622945252787,40.814281601074626,N,1888
demo_001823,2,2016-06-06 19:23:00,2016-06-06 19:44:44.620828478,4,-73.98674400488201,40.7515560473759,-74.03231624439738,40.76205306382484,N,1304
demo_001824,2,2016-05-19 01:57:00,2016-05-19 02:19:18.479028856,6,-73.98831770955296,40.71350627940307,-74.04237916794308,40.74217118507626,N,1338
demo_001825,1,2016-06-11 07:05:00,2016-06-11 07:13:55.463151112,2,-73.99380983954484,40.72010526121996,-73.99668004886682,40.71270605380743,N,535
demo_001826,2,2016-01-19 22:34:00,2016-01-19 22:51:11.252777744,5,-74.02290849644885,40.77181097974797,-74.03194015287883,40.73318107379276,N,1031
demo_001827,2,2016-06-26 05:20:00,2016-06-26 05:49:06.947739935,3,-73.96553047313391,40.8225440744688,-73.9271150872175,40.7590197621992,N,1746
demo_001828,2,2016-04-20 12:19:00,2016-04-20 12:48:27.017086000,1,-73.99928017016452,40.771780374976004,-73.9766660942414,40.8492153634035,N,1767
demo_001829,1,2016-06-25 19:49:00,2016-06-25 20:05:06.667104487,3,-73.93533508081603,40.74445862072721,-73.93430168527166,40.758685542227724,N,966
demo_001830,2,2016-03-04 20:55:00,2016-03-04 21:02:40.684438991,4,-73.99311675136377,40.78481643883976,-73.97560492896508,40.788509816253985,N,460
demo_001831,1,2016-06-20 12:57:00,2016-06-20 13:05:57.760949486,5,-74.02840913402899,40.74961754775447,-74.01153333284026,40.75714082128294,N,537
demo_001832,2,2016-04-15 22:46:00,2016-04-15 23:12:57.744444249,1,-74.06094697483296,40.74476001739225,-73.98732248962659,40.70611386578997,N,1617
demo_001833,2,2016-01-13 22:16:00,2016-01-13 22:27:55.355168905,4,-73.99274492441518,40.724453931300665,-73.98387720574783,40.70299238754466,N,715
demo_001834,1,2016-03-14 19:44:00,2016-03-14 20:13:52.689913877,4,-74.04211420571131,40.807295709548626,-74.06595190535509,40.85436562300439,N,1792
demo_001835,1,2016-01-25 19:16:00,2016-01-25 19:28:12.597232094,4,-74.04574828343021,40.66912772288765,-74.03880074493622,40.68690309960566,N,732
demo_001836,1,2016-06-18 10:19:00,2016-06-18 10:47:37.392947368,5,-73.96126442108839,40.785925072009775,-74.05291820055285,40.76530793525382,N,1717
demo_001837,2,2016-02-24 19:17:00,2016-02-24 19:38:00.177708674,5,-74.06499515275235,40.74176892717709,-74.06613781670205,40.70864491331884,N,1260
demo_001838,2,2016-02-10 00:36:00,2016-02-10 00:52:38.051980436,3,-73.92145129797503,40.74363807439919,-73.88319691148632,40.72971433345769,N,998
demo_001839,1,2016-04-09 12:31:00,2016-04-09 12:40:48.560100219,2,-73.9778127627022,40.81723103046413,-73.95673631854173,40.80871440298911,N,588
demo_001840,1,2016-03-17 12:41:00,2016-03-17 13:03:52.234545404,6,-73.98697291839612,40.733005411773,-73.97652345686852,40.78833235474086,N,1372
demo_001841,1,2016-01-18 10:56:00,2016-01-18 11:06:03.624336801,6,-74.03156446732477,40.73419757960901,-74.0088410968798,40.72911436045793,N,603
demo_001842,1,2016-05-26 23:15:00,2016-05-26 23:34:26.375253203,1,-73.95060324666457,40.75343620163782,-73.91198926759385,40.72131830346623,N,1166
demo_001843,2,2016-06-01 05:50:00,2016-06-01 06:07:34.381366384,3,-73.98513072201189,40.77248465850343,-73.93524755275645,40.770902394685955,N,1054
demo_001844,2,2016-05-13 17:35:00,2016-05-13 17:45:24.131065183,5,-74.01587434892333,40.742535047619754,-74.0002133924132,40.74967218626596,N,624
demo_001845,1,2016-04-21 00:23:00,2016-04-21 00:38:54.784050853,4,-73.97600788865068,40.702914937431245,-73.98707178885863,40.668340179836385,N,954
demo_001846,2,2016-03-13 11:02:00,2016-03-13 11:21:31.327602206,6,-74.06072534549477,40.72770056366914,-74.12,40.73855903309936,N,1171
demo_001847,2,2016-04-07 15:00:00,2016-04-07 15:17:03.887637808,2,-74.05858972091971,40.80284668497626,-74.02435365097445,40.835487415687595,N,1023
demo_001848,1,2016-04-03 18:42:00,2016-04-03 18:53:24.840911286,6,-74.03540837383855,40.760617187619744,-74.01737628586241,40.76436131226752,N,684
demo_001849,1,2016-01-30 18:08:00,2016-01-30 18:23:04.978306848,2,-73.96927127295756,40.77378805492964,-73.9639281908945,40.7522672958297,N,904
demo_001850,2,2016-01-15 17:25:00,2016-01-15 17:39:19.801374594,1,-73.98514662448127,40.74885025774895,-74.00922842681307,40.734570755934556,N,859
demo_001851,2,2016-02-15 14:03:00,2016-02-15 14:24:52.823749778,5,-73.93779593305,40.73491758063394,-73.90401561293308,40.69012900926407,N,1312
demo_001852,1,2016-03-22 18:43:00,2016-03-22 18:56:35.178308672,6,-74.02639954334758,40.81671493074564,-74.03540281825157,40.81310137942487,N,815
demo_001853,2,2016-01-29 20:32:00,2016-01-29 20:38:10.922243157,3,-73.95913994717834,40.75141328500322,-73.96034472106496,40.75980434383762,N,370
demo_001854,1,2016-01-20 04:48:00,2016-01-20 04:59:15.865088230,1,-73.99012417485778,40.74248205421655,-73.99208377547868,40.71827297442518,N,675
demo_001855,2,2016-06-02 08:21:00,2016-06-02 08:51:52.633523991,6,-74.02743703376333,40.79636498282244,-74.01169222362755,40.848736886900184,N,1852
demo_001856,2,2016-03-08 11:59:00,2016-03-08 12:15:07.578372983,1,-73.96766115481792,40.73271738743964,-74.00786327520397,40.75410893381682,N,967
demo_001857,1,2016-04-15 03:51:00,2016-04-15 04:13:30.221955716,4,-73.98797053362104,40.73718454296791,-73.96828121845428,40.6887795548163,N,1350
demo_001858,2,2016-04-04 07:48:00,2016-04-04 08:16:47.615784606,1,-74.01331036373654,40.758358633940595,-74.03854145622482,40.71050754486089,N,1727
demo_001859,2,2016-05-12 07:45:00,2016-05-12 08:03:59.893798929,4,-73.98311004107852,40.75800945364309,-74.00711317081999,40.731440810970085,N,1139
demo_001860,1,2016-05-13 03:59:00,2016-05-13 04:19:09.037009744,1,-73.99082886736718,40.76708639717661,-73.95984546570266,40.80956240315911,N,1209
demo_001861,2,2016-02-23 06:51:00,2016-02-23 07:07:52.387073834,3,-73.99191596308329,40.831208418128845,-74.02674195922164,40.85526330431376,N,1012
demo_001862,1,2016-06-01 14:57:00,2016-06-01 15:18:28.853252286,3,-74.00356669174599,40.769768688622335,-73.97264620771062,40.81360891790241,N,1288
demo_001863,2,2016-03-07 19:48:00,2016-03-07 19:52:17.262862704,6,-74.04372268425021,40.67476811130373,-74.0401748488854,40.67504376204092,N,257
demo_001864,1,2016-05-30 08:05:00,2016-05-30 08:31:09.633109860,5,-73.98163555628473,40.769420463020104,-74.03932524249518,40.76376425116512,N,1569
demo_001865,2,2016-03-13 20:58:00,2016-03-13 21:18:38.399567318,6,-74.02112214681746,40.75932579980714,-73.97336549200983,40.7256430436835,N,1238
demo_001866,1,2016-01-20 23:29:00,2016-01-20 23:37:27.563312154,4,-74.03091479904398,40.7595207508523,-74.02005591858976,40.76896221682506,N,507
demo_001867,1,2016-05-16 19:15:00,2016-05-16 19:25:14.360634177,2,-73.99583149298462,40.76660815582887,-73.98203708767848,40.76131161532211,N,614
demo_001868,2,2016-01-06 10:17:00,2016-01-06 10:29:18.457668165,3,-73.95196880551225,40.756996259931384,-73.91671532464179,40.750660110788374,N,738
demo_001869,1,2016-05-19 00:33:00,2016-05-19 00:55:37.817765210,4,-73.97664739215391,40.75615857674306,-73.92417466609426,40.79984594945149,N,1357
demo_001870,2,2016-01-08 18:27:00,2016-01-08 18:33:02.807228227,4,-74.00890139937609,40.77945654734198,-74.00186545800852,40.77604521606464,N,362
demo_001871,2,2016-02-07 05:26:00,2016-02-07 05:44:39.410242124,6,-74.01071057260405,40.7390271720982,-73.9891055163167,40.774963671087484,N,1119
demo_001872,1,2016-04-18 14:32:00,2016-04-18 14:52:08.507371926,6,-73.9563884032015,40.72483097825263,-73.94339689562989,40.68195296240178,N,1208
demo_001873,2,2016-06-18 11:26:00,2016-06-18 11:47:36.364706692,1,-74.09285310962512,40.86383235084179,-74.10485347935969,40.92,N,1296
demo_001874,1,2016-03-14 12:37:00,2016-03-14 12:55:25.668753492,5,-73.94911857548603,40.73294498946766,-74.00453884608736,40.72286668700027,N,1105
demo_001875,2,2016-01-22 17:13:00,2016-01-22 17:26:10.516182994,2,-74.06933070987186,40.76150500193611,-74.06180843780322,40.780598970564505,N,790
demo_001876,2,2016-02-11 22:10:00,2016-02-11 22:27:41.686180733,4,-74.04869335587453,40.70565189121937,-74.00043053180197,40.72904125984192,N,1061
demo_001877,2,2016-06-10 07:14:00,2016-06-10 07:29:45.398398857,6,-74.00814196240684,40.7620763945268,-73.98772530868932,40.74864776280666,N,945
demo_001878,1,2016-05-10 19:29:00,2016-05-10 19:52:37.818860969,6,-73.88734441356812,40.72533710572588,-73.92470422525228,40.74745091815747,N,1417
demo_001879,1,2016-01-19 01:42:00,2016-01-19 01:58:48.278873599,3,-73.90951612879935,40.74251344700025,-73.87110287610179,40.76603053276794,N,1008
demo_001880,1,2016-03-10 06:45:00,2016-03-10 06:55:30.540538189,1,-73.95320805098913,40.79457726330199,-73.9640394958041,40.77532236177375,N,630
demo_001881,2,2016-02-17 14:48:00,2016-02-17 15:11:11.476702310,6,-73.9689555929767,40.77452033489323,-74.04217649851402,40.755585228840324,N,1391
demo_001882,2,2016-02-02 00:14:00,2016-02-02 00:26:08.130335620,6,-74.06880246356056,40.77789433336012,-74.03317583002917,40.77911761759421,N,728
demo_001883,1,2016-06-01 08:47:00,2016-06-01 09:02:48.855265594,3,-73.97794588267037,40.696007830656285,-74.01103420451363,40.69288949406878,N,948
demo_001884,1,2016-04-21 04:30:00,2016-04-21 04:53:25.567624846,1,-74.0097149683352,40.82229133094402,-73.94738947527608,40.859905843531955,N,1405
demo_001885,2,2016-02-02 07:24:00,2016-02-02 07:47:26.183087208,4,-74.02175012001302,40.716284154117034,-73.98157805099211,40.73525619511055,N,1406
demo_001886,1,2016-04-27 03:00:00,2016-04-27 03:04:55.721573938,5,-73.97803386095114,40.811499628500286,-73.98600683552935,40.80959819212478,N,295
demo_001887,1,2016-03-15 10:36:00,2016-03-15 10:48:04.368223499,3,-74.0061999504251,40.793754035309355,-73.99012235582369,40.81011814019446,N,724
demo_001888,1,2016-01-12 01:34:00,2016-01-12 02:05:29.946414409,1,-73.9458815204314,40.77820664596246,-73.86104437063346,40.72294701286195,N,1889
demo_001889,1,2016-03-21 23:23:00,2016-03-21 23:38:22.929258216,3,-74.07211796454257,40.72807553266821,-74.03711771821827,40.71146213638015,N,922
demo_001890,1,2016-02-03 08:12:00,2016-02-03 08:20:45.749885400,4,-73.98162448599443,40.76330564456869,-73.97328748512697,40.7710768117933,N,525
demo_001891,2,2016-02-14 03:31:00,2016-02-14 04:03:41.797112843,6,-74.02455937505813,40.74151775062743,-73.92343898526092,40.771632619178526,N,1961
demo_001892,2,2016-06-07 05:16:00,2016-06-07 05:21:06.098524216,5,-74.00343361230121,40.75901638500269,-73.99931827691773,40.7644101570384,N,306
demo_001893,1,2016-05-07 20:15:00,2016-05-07 20:32:34.972662396,5,-73.97129181112344,40.74925447093201,-73.95092829246268,40.7886269239314,N,1054
demo_001894,2,2016-01-25 03:16:00,2016-01-25 03:31:06.602004122,3,-74.03527885381746,40.68664863226997,-74.06804631543453,40.710083008436655,N,906
demo_001895,1,2016-06-02 05:45:00,2016-06-02 06:04:35.177631062,6,-73.97760955373094,40.79726244528446,-74.03622471402676,40.78407755083453,N,1175
demo_001896,2,2016-04-13 09:00:00,2016-04-13 09:08:15.075047352,2,-73.99455521923441,40.755161249520775,-74.0046282994526,40.751380422080025,N,495
demo_001897,2,2016-06-06 10:09:00,2016-06-06 10:15:49.841208216,2,-74.01472640893296,40.741031986017425,-74.01338212598006,40.75205937154587,N,409
demo_001898,1,2016-05-14 11:21:00,2016-05-14 11:28:57.841920121,6,-74.0061757618705,40.73838854685096,-73.99465153641614,40.72627538692384,N,477
demo_001899,1,2016-03-02 01:52:00,2016-03-02 02:14:25.122383493,6,-73.99195483510341,40.77054608517284,-74.04164682174051,40.811890919976584,N,1345
demo_001900,2,2016-04-06 06:37:00,2016-04-06 06:52:34.130491592,5,-74.01955264306534,40.726718528159694,-73.99642904179122,40.6967829225338,N,934
demo_001901,2,2016-04-05 13:16:00,2016-04-05 13:27:36.608345680,5,-73.98468074861034,40.67906885545341,-74.01374424195187,40.687603729614864,N,696
demo_001902,2,2016-05-09 14:08:00,2016-05-09 14:19:20.330087347,6,-73.99751794797497,40.772249543112295,-73.97621224539617,40.79210660707963,N,680
demo_001903,1,2016-02-14 17:06:00,2016-02-14 17:22:39.489587930,1,-74.01250771416801,40.77616860492849,-73.97978528726848,40.76770553621304,N,999
demo_001904,1,2016-02-29 22:56:00,2016-02-29 23:06:39.285972936,5,-73.91345709947437,40.75101288613629,-73.92729991762621,40.736465304154756,N,639
demo_001905,1,2016-02-14 01:31:00,2016-02-14 01:43:52.772241980,3,-73.96631420348473,40.71782339936835,-74.00004786611409,40.7157692043642,N,772
demo_001906,1,2016-02-23 07:20:00,2016-02-23 07:46:13.445515863,4,-74.00222205046803,40.76111274393113,-73.9481943243596,40.783036703776325,N,1573
demo_001907,1,2016-01-30 00:37:00,2016-01-30 00:50:09.633412636,2,-73.97843628061288,40.706741367109025,-73.9478843573124,40.69324547117577,N,789
demo_001908,1,2016-01-07 13:52:00,2016-01-07 14:05:03.975451407,3,-74.03120690615481,40.72204692911593,-74.02588773447015,40.69318605706938,N,783
demo_001909,1,2016-06-18 04:52:00,2016-06-18 05:14:29.297091281,2,-74.00465472230503,40.73172557222236,-73.95325975057624,40.762791361201174,N,1349
demo_001910,2,2016-01-14 09:02:00,2016-01-14 09:10:52.079630011,4,-73.99940348526972,40.787537867481205,-73.99648932493058,40.79831887225047,N,532
demo_001911,1,2016-06-08 20:06:00,2016-06-08 20:21:19.143763989,6,-74.04110572594594,40.74530861673471,-74.06282347830275,40.772520767357925,N,919
demo_001912,2,2016-01-01 13:17:00,2016-01-01 13:32:01.974875311,1,-73.96756906784024,40.742324675587824,-74.00262864009329,40.76282663233204,N,901
demo_001913,1,2016-05-19 22:11:00,2016-05-19 22:36:01.051576024,6,-74.00775257161757,40.8264142380394,-74.01152554135496,40.88527124936301,N,1501
demo_001914,1,2016-02-29 02:42:00,2016-02-29 02:57:40.379266521,4,-74.00099600003513,40.77033618740161,-73.97398578330578,40.80044043236299,N,940
demo_001915,1,2016-04-03 04:17:00,2016-04-03 04:36:17.510275129,1,-74.01059239366054,40.76986480786662,-73.96195082113177,40.750314659695995,N,1157
demo_001916,1,2016-02-20 19:11:00,2016-02-20 19:23:19.157774818,4,-73.85184092342107,40.7450604739177,-73.85101806585986,40.75775770903295,N,739
demo_001917,1,2016-03-29 07:25:00,2016-03-29 07:45:22.452420428,1,-74.01481768175783,40.737126991632714,-73.97235830928008,40.722074796164534,N,1222
demo_001918,1,2016-03-22 06:44:00,2016-03-22 06:53:42.323233942,5,-74.07809046292486,40.681475774599406,-74.08558989302743,40.66921436817579,N,582
demo_001919,2,2016-04-05 08:30:00,2016-04-05 08:57:37.627664165,2,-74.05699693869315,40.791905918617324,-74.0843528693461,40.75376840780071,N,1657
demo_001920,1,2016-03-11 18:58:00,2016-03-11 19:19:30.410298173,1,-73.9508313819787,40.77369083970147,-73.99655234516172,40.765965783791074,N,1290
demo_001921,1,2016-04-06 13:58:00,2016-04-06 14:10:23.684574126,6,-73.92485962887426,40.75172919023753,-73.94257802755622,40.76644511602797,N,743
demo_001922,1,2016-05-28 13:58:00,2016-05-28 14:15:27.915362469,4,-74.01568087361177,40.753197065435735,-74.0600838835725,40.75141447939713,N,1047
demo_001923,1,2016-03-19 05:18:00,2016-03-19 05:43:45.977186658,4,-73.9274472648664,40.78376504917914,-73.85711435777475,40.75408210229142,N,1545
demo_001924,1,2016-03-06 01:08:00,2016-03-06 01:25:36.645606985,5,-73.95162845000708,40.703585147442205,-73.93625307508626,40.66246362546556,N,1056
demo_001925,1,2016-01-24 17:10:00,2016-01-24 17:42:05.847040536,4,-73.99352660589437,40.73735415339562,-73.99687312561512,40.79437399365359,N,1925
demo_001926,2,2016-03-05 17:58:00,2016-03-05 18:25:10.207480465,5,-73.99672008276967,40.718229399798766,-73.93645002108758,40.727008740130884,N,1630
demo_001927,2,2016-01-23 14:52:00,2016-01-23 15:08:26.836350193,4,-73.9768608398113,40.82000282488704,-74.0224401977253,40.79775295730784,N,986
demo_001928,2,2016-02-02 20:24:00,2016-02-02 20:32:16.576134389,1,-73.94551448800308,40.78864794361487,-73.95031448725943,40.80111609702685,N,496
demo_001929,1,2016-06-20 09:43:00,2016-06-20 10:25:25.690317684,6,-73.96712174454822,40.68090575756027,-73.89713316182466,40.740013781661034,N,2545
demo_001930,2,2016-01-17 02:16:00,2016-01-17 02:26:26.033230048,6,-74.01545637358095,40.7050183430676,-74.02049779131632,40.72177082677804,N,626
demo_001931,2,2016-03-27 18:22:00,2016-03-27 19:12:58.152583549,2,-73.99283931711618,40.75336790143249,-73.90720083487201,40.67811706896872,N,3058
demo_001932,2,2016-05-30 04:10:00,2016-05-30 04:38:42.014093389,4,-73.89584314453751,40.741464592577465,-73.86834697515705,40.81307646815311,N,1722
demo_001933,1,2016-06-20 13:50:00,2016-06-20 14:14:34.649955095,1,-73.97369537912166,40.71164662271731,-73.92798797231954,40.66171696774947,N,1474
demo_001934,1,2016-01-27 09:48:00,2016-01-27 10:08:52.648186808,2,-73.94588035579028,40.82606667831777,-73.89915903696937,40.8205043557926,N,1252
demo_001935,2,2016-01-30 10:39:00,2016-01-30 10:51:57.743346102,4,-73.96070517557378,40.76893889698939,-73.9606490894651,40.738336980888505,N,777
demo_001936,2,2016-03-08 01:37:00,2016-03-08 01:50:56.602255737,3,-73.9726989015201,40.77461857130021,-73.98978630978095,40.754638514330935,N,836
demo_001937,1,2016-04-09 19:04:00,2016-04-09 19:15:43.461865935,6,-73.98010854949932,40.733779476776874,-73.98414896069514,40.7414585382714,N,703
demo_001938,1,2016-06-21 18:22:00,2016-06-21 18:56:13.148608062,1,-73.94461742186037,40.783279595151235,-73.97916005947634,40.727361960413674,N,2053
demo_001939,2,2016-02-07 09:20:00,2016-02-07 09:25:59.863586596,5,-73.95266109941102,40.744684853365634,-73.95496980032406,40.742248222557414,N,359
demo_001940,2,2016-01-30 14:11:00,2016-01-30 14:25:20.865173228,4,-73.97312479348948,40.74808298892024,-73.97327900521304,40.77906123433426,N,860
demo_001941,1,2016-02-15 13:45:00,2016-02-15 14:04:43.018936686,6,-74.01621931364966,40.77938506859389,-73.95709608881349,40.75661757983003,N,1183
demo_001942,2,2016-06-06 09:03:00,2016-06-06 09:25:26.042226718,5,-73.96764985375032,40.70098508522289,-73.94688520387486,40.66344738860445,N,1346
demo_001943,2,2016-01-06 09:50:00,2016-01-06 10:25:59.695471546,6,-73.98801535714107,40.81389597509479,-73.90532374261852,40.81013473733658,N,2159
demo_001944,1,2016-03-09 10:10:00,2016-03-09 10:36:40.210719522,5,-73.99887151601052,40.76438362251534,-74.07445555942806,40.755248402283954,N,1600
demo_001945,1,2016-01-22 09:52:00,2016-01-22 10:13:59.645463439,2,-73.86445508112652,40.80283304730732,-73.90705161062758,40.78676190020828,N,1319
demo_001946,1,2016-01-29 06:33:00,2016-01-29 06:47:47.105580751,3,-74.05425730884686,40.720360308518345,-74.06669439531514,40.68827496446317,N,887
demo_001947,2,2016-06-14 00:47:00,2016-06-14 01:04:50.017297478,5,-73.94186692134241,40.725689220659014,-73.88962961510191,40.73970720435104,N,1070
demo_001948,1,2016-01-01 07:10:00,2016-01-01 07:22:44.690914207,6,-74.02382019249143,40.71733349224401,-74.02765539450135,40.73340560705294,N,764
demo_001949,1,2016-02-27 21:01:00,2016-02-27 21:22:49.925515621,6,-73.97909620297955,40.76676041854327,-74.03047014222734,40.73798795671294,N,1309
demo_001950,2,2016-06-13 18:38:00,2016-06-13 18:54:29.624967928,4,-73.86941356164094,40.76030941556714,-73.87799291690615,40.73527356716284,N,989
demo_001951,2,2016-04-19 11:07:00,2016-04-19 11:21:21.794931863,1,-74.02830660476708,40.741745586326914,-74.0702225437885,40.745430870165066,N,861
demo_001952,1,2016-01-13 21:58:00,2016-01-13 22:16:14.165600749,3,-74.01757426946723,40.722507578249015,-74.06635117135248,40.69645334348065,N,1094
demo_001953,2,2016-03-24 16:51:00,2016-03-24 17:20:07.267846386,4,-73.98578811817183,40.713669130559424,-73.91582914455394,40.71849300409224,N,1747
demo_001954,2,2016-06-23 18:29:00,2016-06-23 18:53:22.441185323,5,-74.0231247630934,40.75630306348353,-74.03543107342723,40.79594031975616,N,1462
demo_001955,1,2016-03-13 01:56:00,2016-03-13 02:02:03.386762812,2,-73.94521746420769,40.7417044627144,-73.9391571140096,40.74008925032124,N,363
demo_001956,1,2016-04-05 03:41:00,2016-04-05 03:56:15.896618170,3,-74.00905382462285,40.734003755267466,-74.01230729677374,40.7012361133466,N,915
demo_001957,2,2016-04-05 17:44:00,2016-04-05 17:53:13.801471976,5,-73.95556956619328,40.812148132014606,-73.96437191305458,40.822734926442294,N,553
demo_001958,2,2016-04-28 21:07:00,2016-04-28 21:18:23.930719803,6,-74.04481351093101,40.755118601263256,-74.07423664706107,40.750321923566226,N,683
demo_001959,2,2016-02-03 16:52:00,2016-02-03 17:01:38.556053161,2,-74.06630741759695,40.80245150268745,-74.07717962874295,40.79839726267518,N,578
demo_001960,1,2016-05-31 03:26:00,2016-05-31 03:37:44.588041167,2,-73.99530432405288,40.739336173606105,-73.98350108230454,40.752169891173835,N,704
demo_001961,2,2016-06-26 22:46:00,2016-06-26 23:05:06.493929406,3,-74.0555828527117,40.766567169932955,-74.00593061678946,40.785225179807966,N,1146
demo_001962,1,2016-01-26 15:49:00,2016-01-26 16:03:04.816129013,4,-73.91667789892556,40.75605833943103,-73.88351765164616,40.75701689789881,N,844
demo_001963,1,2016-05-27 07:05:00,2016-05-27 07:23:19.878097557,5,-74.05384115707227,40.69858321916687,-74.0965084984832,40.69694485061572,N,1099
demo_001964,2,2016-05-27 01:02:00,2016-05-27 01:28:35.543273529,5,-74.03169590094518,40.80799184071924,-73.9970972663069,40.86370746096202,N,1595
demo_001965,1,2016-05-13 11:46:00,2016-05-13 12:02:13.666820461,4,-73.96638710515364,40.753269623753866,-73.94974677475018,40.78568458172436,N,973
demo_001966,1,2016-03-07 18:11:00,2016-03-07 18:28:46.298769424,6,-74.01138637775279,40.78412463768716,-74.03325161277425,40.806630382874914,N,1066
demo_001967,2,2016-03-25 09:02:00,2016-03-25 09:09:20.924715355,1,-74.05332745864405,40.731678994713846,-74.04695406027751,40.735221555252615,N,440
demo_001968,2,2016-05-31 01:23:00,2016-05-31 01:40:24.892568314,4,-73.89320161279676,40.75223044664471,-73.873171561369,40.725075379275545,N,1044
demo_001969,1,2016-01-28 12:25:00,2016-01-28 12:38:45.572222294,2,-74.03007352114219,40.72766016740268,-74.02842666796839,40.7580995998229,N,825
demo_001970,1,2016-05-29 04:10:00,2016-05-29 04:18:54.100086766,4,-73.99383160133735,40.80125994689672,-73.97702308464186,40.80515588885811,N,534
demo_001971,2,2016-06-14 17:16:00,2016-06-14 17:33:14.586711953,6,-73.99441366340477,40.768899327160774,-74.0246169489971,40.75331576378755,N,1034
demo_001972,2,2016-05-02 17:40:00,2016-05-02 18:08:49.964727487,6,-73.9530360881615,40.77084687343383,-73.88328696661287,40.76428208118696,N,1729
demo_001973,1,2016-03-02 10:47:00,2016-03-02 11:09:01.370556222,6,-73.96419413926981,40.805536445148675,-74.03171910478405,40.77944951586024,N,1321
demo_001974,1,2016-04-10 15:31:00,2016-04-10 15:45:01.464091572,3,-74.02220604669789,40.79847194539147,-74.00198125388141,40.827019829552086,N,841
demo_001975,2,2016-01-10 00:27:00,2016-01-10 00:37:20.865719663,5,-73.99966222478494,40.78478698876477,-73.98682550357958,40.80322899000906,N,620
demo_001976,2,2016-06-16 17:23:00,2016-06-16 17:35:30.568240938,3,-73.99521150950937,40.70823954285369,-73.97270849073857,40.713143619314955,N,750
demo_001977,2,2016-03-02 15:11:00,2016-03-02 15:22:58.649499904,1,-73.95129682258107,40.73365123081692,-73.97608978488876,40.73249602032904,N,718
demo_001978,1,2016-01-11 06:39:00,2016-01-11 06:54:13.886450390,2,-74.03757448616864,40.72286391523961,-73.99665259017698,40.70448585555386,N,913
demo_001979,1,2016-05-23 00:03:00,2016-05-23 00:25:34.111683649,5,-73.89418502494598,40.783463679276906,-73.89796434880472,40.72595171789543,N,1354
demo_001980,1,2016-04-28 08:39:00,2016-04-28 09:09:46.092999644,1,-74.01916325243567,40.76397281796125,-74.06068077530313,40.72582379175143,N,1846
demo_001981,2,2016-04-22 02:06:00,2016-04-22 02:21:22.984367549,4,-73.98539372285404,40.70933206482293,-74.0237120864437,40.68928064065591,N,922
demo_001982,2,2016-01-10 17:41:00,2016-01-10 17:56:11.458007415,3,-74.03719952478619,40.75139395254461,-74.03283484737688,40.72728386023024,N,911
demo_001983,2,2016-05-15 03:37:00,2016-05-15 03:54:50.154175631,3,-74.04341715552383,40.705706068249846,-74.09929540884498,40.71351880511448,N,1070
demo_001984,2,2016-04-24 17:12:00,2016-04-24 17:41:28.496641440,5,-74.0243492784085,40.756139522917564,-73.96133156898802,40.77804985395085,N,1768
demo_001985,1,2016-05-22 20:30:00,2016-05-22 20:43:19.291445497,2,-74.02867354479488,40.70006196236045,-73.9919612999759,40.696594103450124,N,799
demo_001986,2,2016-05-28 22:03:00,2016-05-28 22:26:55.503721955,2,-74.00364156608697,40.776508962268466,-73.93970201485719,40.81454971951674,N,1435
demo_001987,1,2016-02-08 03:38:00,2016-02-08 03:58:25.803484073,1,-74.02905342629437,40.7712286919112,-73.96880360417556,40.75009045348236,N,1225
demo_001988,1,2016-02-07 21:57:00,2016-02-07 22:05:37.411337346,1,-73.95370014104176,40.82477819726714,-73.96601686730982,40.82111869484494,N,517
demo_001989,1,2016-06-15 06:44:00,2016-06-15 06:56:04.725449970,1,-74.02023427528933,40.78767556513241,-74.05066080648209,40.786298911291915,N,724
demo_001990,1,2016-04-05 14:02:00,2016-04-05 14:33:51.935085376,1,-74.02522169720534,40.74319800104622,-74.11894374108108,40.77268703192475,N,1911
demo_001991,1,2016-03-19 20:06:00,2016-03-19 20:13:29.979184686,4,-74.00268359888527,40.78663245326461,-74.01690179325652,40.78949140448083,N,449
demo_001992,2,2016-02-21 16:42:00,2016-02-21 17:09:50.583186120,2,-73.94032225045866,40.709081764166925,-73.8785244005044,40.712688124859994,N,1670
demo_001993,1,2016-04-25 00:32:00,2016-04-25 00:53:55.317322188,3,-73.97533057218753,40.724313458871165,-74.00430534519994,40.67963269476595,N,1315
demo_001994,2,2016-05-15 17:06:00,2016-05-15 17:21:22.333073498,5,-73.98948602884494,40.76965998862263,-73.99683326366517,40.745362507473935,N,922
demo_001995,1,2016-01-01 09:58:00,2016-01-01 10:18:28.132057131,4,-74.04948701464859,40.68246126180382,-74.06889697336649,40.71205197319366,N,1228
demo_001996,1,2016-04-09 11:23:00,2016-04-09 11:46:05.623818757,1,-74.03642188069387,40.756699372527315,-74.0232970503176,40.70066513141019,N,1385
demo_001997,1,2016-06-27 19:21:00,2016-06-27 19:47:43.713905768,4,-74.04252844730178,40.72229078477586,-73.99751548335428,40.758551586391484,N,1603
demo_001998,2,2016-02-20 12:21:00,2016-02-20 12:38:14.386467661,4,-73.92619169493474,40.761545746930366,-73.98006406654775,40.77503668813213,N,1034
demo_001999,1,2016-02-20 13:28:00,2016-02-20 13:45:56.108431478,4,-73.96112465945907,40.720279227468346,-74.00829681881615,40.70009615160252,N,1076
demo_002000,2,2016-06-07 01:31:00,2016-06-07 01:48:55.259225206,6,-74.02377292290159,40.77284868481093,-73.97174122152698,40.750383362447934,N,1075
demo_002001,1,2016-01-12 04:06:00,2016-01-12 04:26:59.010459906,4,-74.01039672397215,40.75867645982836,-73.98473938336633,40.80986725292426,N,1259
demo_002002,2,2016-03-12 13:17:00,2016-03-12 13:34:00.537681376,5,-74.02213805793068,40.80701280709085,-74.03121637757788,40.84512076386579,N,1020
demo_002003,1,2016-03-23 11:41:00,2016-03-23 11:58:44.203839535,4,-74.02486375473713,40.75823570869356,-73.96511585806971,40.755010807861886,N,1064
demo_002004,1,2016-05-23 14:50:00,2016-05-23 15:05:14.509667096,4,-73.96428645359528,40.731097501826355,-74.01206246461892,40.73473147852157,N,914
demo_002005,2,2016-01-24 05:24:00,2016-01-24 05:38:10.168584623,1,-73.99793912993529,40.749358995046045,-73.96534665774361,40.731912098301464,N,850
demo_002006,2,2016-03-19 03:08:00,2016-03-19 03:13:15.901514229,6,-73.89134745150662,40.71095172610442,-73.89373578531686,40.71459089350572,N,315
demo_002007,1,2016-01-28 10:03:00,2016-01-28 10:14:59.650302771,1,-73.92873380789673,40.77221480391469,-73.90750477363628,40.75401940432332,N,719
demo_002008,2,2016-05-21 18:35:00,2016-05-21 19:10:17.357718983,6,-73.926073384679,40.778644758621034,-74.00962370860339,40.77652409696833,N,2117
demo_002009,1,2016-04-23 19:27:00,2016-04-23 19:56:18.525564288,4,-73.95478893612733,40.84442186128425,-73.96391355372363,40.893300754537904,N,1758
demo_002010,1,2016-03-30 09:54:00,2016-03-30 10:09:14.834196555,3,-74.00401965817282,40.73623574032885,-73.97823177311155,40.73365416107199,N,914
demo_002011,2,2016-03-11 17:26:00,2016-03-11 17:46:53.548218789,3,-73.95809941019617,40.74862718992137,-73.96031596783999,40.72033059912698,N,1253
demo_002012,1,2016-01-28 13:42:00,2016-01-28 14:01:12.155687373,1,-74.00069747125379,40.737848451644666,-73.95676204920575,40.70095640634907,N,1152
demo_002013,2,2016-06-14 22:24:00,2016-06-14 22:38:10.129563990,3,-73.91163757771723,40.7654239795396,-73.8688744024673,40.76885615898844,N,850
demo_002014,1,2016-04-26 13:53:00,2016-04-26 14:06:58.769606732,1,-73.96680742776276,40.77135916870679,-74.00035715464549,40.750814999535486,N,838
demo_002015,2,2016-02-27 10:45:00,2016-02-27 10:59:57.312192177,3,-73.97319378386287,40.756131880445004,-73.94435404106619,40.76279016527853,N,897
demo_002016,1,2016-03-15 12:12:00,2016-03-15 12:33:07.513376755,1,-73.97928173019068,40.79602140709056,-74.01402492319366,40.75229482357609,N,1267
demo_002017,2,2016-05-10 17:05:00,2016-05-10 17:17:57.390289367,1,-73.90668801076876,40.736405717368584,-73.90479747032835,40.755042471002135,N,777
demo_002018,1,2016-05-09 12:31:00,2016-05-09 12:45:44.561540750,5,-74.04951876502265,40.79251609167618,-74.02655427629689,40.763891640137764,N,884
demo_002019,2,2016-03-23 23:56:00,2016-03-24 00:06:55.418912897,2,-73.90227704775491,40.77684742487744,-73.93151195034903,40.77809745087793,N,655
demo_002020,1,2016-02-24 12:31:00,2016-02-24 12:42:07.046671368,3,-73.99337692133544,40.75757895280354,-73.96583450484069,40.74844476593266,N,667
demo_002021,2,2016-04-28 18:59:00,2016-04-28 19:25:50.384589075,4,-74.04827670391171,40.7469772175735,-74.06596415502703,40.79337371955503,N,1610
demo_002022,2,2016-04-28 11:33:00,2016-04-28 11:41:52.508218797,4,-74.01884943792393,40.8429333715556,-74.03917385138337,40.8475635792382,N,532
demo_002023,1,2016-04-17 22:41:00,2016-04-17 23:06:11.406340675,4,-74.05928632682256,40.72940469722403,-74.03455354239867,40.78193243982312,N,1511
demo_002024,1,2016-01-14 02:43:00,2016-01-14 03:00:22.550294202,3,-73.95558544644865,40.7684276611939,-73.98484449947757,40.78356770599558,N,1042
demo_002025,2,2016-03-26 02:25:00,2016-03-26 02:48:13.592309751,4,-74.03172318276559,40.73174233254153,-74.0627624241933,40.77022829244397,N,1393
demo_002026,2,2016-04-20 12:07:00,2016-04-20 12:19:09.442107109,4,-73.97740995502079,40.820496726201746,-73.94096949361973,40.814859174628324,N,729
demo_002027,2,2016-06-20 00:15:00,2016-06-20 00:21:40.151265702,1,-73.93396023364254,40.789038921507974,-73.93016073332517,40.79836750384421,N,400
demo_002028,1,2016-04-04 14:25:00,2016-04-04 14:44:34.971056180,6,-74.01524076178548,40.73425775424056,-74.06613494412109,40.76716113114407,N,1174
demo_002029,2,2016-03-02 16:31:00,2016-03-02 16:55:22.684413179,5,-73.99706466618609,40.775940824770096,-73.9671172179425,40.800374743381866,N,1462
demo_002030,2,2016-04-10 01:01:00,2016-04-10 01:11:30.295548607,3,-74.04365149744622,40.76701935024468,-74.05788254057474,40.781356168755664,N,630
demo_002031,1,2016-02-01 21:39:00,2016-02-01 21:56:57.086087306,3,-74.0024760699028,40.73991813333089,-74.05158153678745,40.73106389284562,N,1077
demo_002032,2,2016-01-17 07:48:00,2016-01-17 08:23:53.204452065,5,-73.86916893686269,40.78453574760299,-73.95692496225335,40.780248782270206,N,2153
demo_002033,2,2016-05-02 01:21:00,2016-05-02 01:37:56.201089055,4,-73.94999300761503,40.77162568868866,-73.9183735072189,40.80234256138195,N,1016
demo_002034,1,2016-06-26 12:18:00,2016-06-26 12:38:18.003635752,5,-73.99691286885022,40.76554945498601,-74.02701000116411,40.801889058701775,N,1218
demo_002035,1,2016-06-01 06:45:00,2016-06-01 07:01:19.199351150,3,-74.01252596162817,40.75653281010652,-74.05606052862362,40.74052551641597,N,979
demo_002036,2,2016-04-15 01:25:00,2016-04-15 01:37:55.304238966,3,-73.98691850280454,40.77308690724099,-73.96453940374103,40.753005414933405,N,775
demo_002037,2,2016-01-08 05:53:00,2016-01-08 06:08:52.134130305,3,-73.97914771615129,40.76602856815224,-73.95094501028048,40.74161695586894,N,952
demo_002038,2,2016-06-26 20:02:00,2016-06-26 20:17:02.885914401,2,-74.00385813682156,40.76006826665588,-74.03140674177237,40.782470183280594,N,902
demo_002039,2,2016-03-21 22:24:00,2016-03-21 22:39:41.040142333,5,-73.9611473361903,40.735564442940436,-73.92920491310409,40.71046861734475,N,941
demo_002040,2,2016-02-22 03:20:00,2016-02-22 03:43:07.662105978,5,-74.02790513705271,40.81728181842669,-73.95598388481375,40.83935711038928,N,1387
demo_002041,2,2016-06-09 15:32:00,2016-06-09 15:48:21.315798755,1,-74.0281274453743,40.7212353019828,-73.9809942308903,40.735968941247066,N,981
demo_002042,2,2016-05-14 08:27:00,2016-05-14 08:49:33.447741441,1,-73.96834120443275,40.772967267660796,-73.92665420610085,40.75824978786292,N,1353
demo_002043,1,2016-05-14 22:21:00,2016-05-14 22:39:31.938646536,1,-74.0375888789104,40.746791574019454,-74.02659435963577,40.78901577549344,N,1111
demo_002044,2,2016-02-19 23:53:00,2016-02-20 00:10:02.016159693,2,-73.95219422362119,40.81958415443073,-73.9677243608147,40.780103163911996,N,1022
demo_002045,1,2016-06-27 12:36:00,2016-06-27 12:56:22.572171481,1,-73.98564262755787,40.72637811119717,-73.98759863940926,40.77118549139065,N,1222
demo_002046,2,2016-03-22 12:23:00,2016-03-22 12:31:53.337880129,4,-74.06725591484228,40.73226578583839,-74.05182995871408,40.74087570417302,N,533
demo_002047,2,2016-04-05 15:42:00,2016-04-05 16:06:27.889106915,6,-73.98007253934976,40.72405636778584,-74.02408545790269,40.66807277615606,N,1467
demo_002048,1,2016-05-15 04:08:00,2016-05-15 04:27:11.919118366,5,-74.0608315981065,40.76932127678327,-74.08775996487273,40.812302026950455,N,1151
demo_002049,2,2016-04-28 19:10:00,2016-04-28 19:36:12.293914032,6,-73.95379870956549,40.7099432269151,-74.00376996456988,40.73619296452904,N,1572
demo_002050,1,2016-02-01 00:16:00,2016-02-01 00:23:13.005046800,1,-73.99619214481628,40.74125150268348,-73.98796061303608,40.72968978723133,N,433
demo_002051,1,2016-02-24 10:42:00,2016-02-24 10:55:09.980234771,5,-73.90170121025719,40.6826671962001,-73.89879432297334,40.65661974093858,N,789
demo_002052,2,2016-03-06 00:19:00,2016-03-06 00:38:57.093659524,5,-73.93679092200323,40.766414747394485,-73.95963572529463,40.724049945310846,N,1197
demo_002053,2,2016-06-19 13:21:00,2016-06-19 13:49:31.456573381,3,-74.03273116278044,40.74049247994353,-74.00401369059215,40.80570952631241,N,1711
demo_002054,1,2016-05-08 14:39:00,2016-05-08 14:55:43.328296015,5,-74.07593329387286,40.70591801396239,-74.11249430668036,40.68098670336002,N,1003
demo_002055,2,2016-03-06 22:34:00,2016-03-06 22:50:17.259260114,1,-74.0189795565556,40.79599632910409,-74.04312377246181,40.76187943793007,N,977
demo_002056,2,2016-05-12 06:00:00,2016-05-12 06:10:04.566534067,4,-74.03995663712736,40.71223165855653,-74.01263821015543,40.71946547491399,N,604
demo_002057,1,2016-05-12 22:21:00,2016-05-12 22:40:37.201638820,5,-73.90284178609053,40.78589302915099,-73.87033323378611,40.74166990554844,N,1177
demo_002058,1,2016-03-11 23:02:00,2016-03-11 23:17:07.658397001,3,-73.9854641596676,40.73346357116043,-74.01331457676241,40.70696176440242,N,907
demo_002059,1,2016-03-13 13:33:00,2016-03-13 13:46:01.690224194,2,-73.94299615381176,40.81405499822634,-73.93487466264575,40.84091916646867,N,781
demo_002060,1,2016-06-09 23:20:00,2016-06-09 23:30:52.059583493,1,-73.99782639106478,40.78423426886242,-74.02508464449204,40.796767954922544,N,652
demo_002061,2,2016-04-11 03:03:00,2016-04-11 03:11:18.634025633,2,-73.99308503697263,40.72271832451941,-73.99999192064783,40.71228633560645,N,498
demo_002062,2,2016-01-27 21:54:00,2016-01-27 21:58:51.762433849,5,-73.9864682160129,40.72590211067264,-73.98143390721759,40.72639639084179,N,291
demo_002063,2,2016-05-09 13:27:00,2016-05-09 13:36:30.085287188,6,-73.93520573066334,40.779193382182854,-73.91559291370478,40.767246677867455,N,570
demo_002064,1,2016-04-16 02:56:00,2016-04-16 03:01:51.385328950,4,-73.97097688599465,40.74881676542515,-73.95986232052239,40.74714282457218,N,351
demo_002065,2,2016-04-01 14:35:00,2016-04-01 14:48:54.440240889,2,-74.03258002295645,40.75207301225426,-74.02301934103754,40.73150410492514,N,834
demo_002066,2,2016-05-10 12:27:00,2016-05-10 12:40:35.029237804,2,-73.91198686378611,40.80252836016203,-73.94973430558485,40.78686189853479,N,815
demo_002067,2,2016-06-12 06:36:00,2016-06-12 06:49:53.394565851,6,-73.99817669745438,40.73179588943206,-73.98458701507862,40.71530757971833,N,833
demo_002068,2,2016-02-29 11:29:00,2016-02-29 11:40:19.819714379,4,-74.00549840557444,40.761195282026144,-73.98621111828257,40.74159703902604,N,679
demo_002069,1,2016-03-16 11:22:00,2016-03-16 11:40:54.696541682,5,-74.1,40.79141197277783,-74.07588729144695,40.81959756968107,N,1134
demo_002070,1,2016-02-04 02:37:00,2016-02-04 02:49:11.517099241,3,-73.95645201839774,40.7863191120935,-73.98163522467922,40.80711228167785,N,731
demo_002071,2,2016-04-26 11:21:00,2016-04-26 11:37:11.857022593,6,-73.98045443121522,40.75241355663678,-73.9484089346348,40.727239748390225,N,971
demo_002072,2,2016-03-13 11:43:00,2016-03-13 12:04:56.261460327,3,-73.98050334545292,40.74788829417016,-74.02660656561511,40.71563966177151,N,1316
demo_002073,2,2016-03-02 15:00:00,2016-03-02 15:10:13.587382554,5,-74.00312711019998,40.69714145881177,-74.01820574559153,40.69289498944725,N,613
demo_002074,2,2016-05-05 08:58:00,2016-05-05 09:30:45.594279334,6,-74.01088480280598,40.72103142525672,-74.02052797068627,40.77922419041054,N,1965
demo_002075,1,2016-03-14 11:14:00,2016-03-14 11:32:48.547692551,3,-74.00163111920737,40.76914257293012,-74.04581543639499,40.74139453243031,N,1128
demo_002076,2,2016-03-24 14:04:00,2016-03-24 14:09:49.834428952,5,-73.96415776079927,40.753174123387026,-73.97433264620193,40.74882106486502,N,349
demo_002077,1,2016-03-20 05:00:00,2016-03-20 05:07:34.226344262,4,-73.9562397002135,40.76062244774982,-73.94848786821143,40.7630178989202,N,454
demo_002078,1,2016-02-16 12:53:00,2016-02-16 13:15:00.492471852,3,-73.99539642147685,40.7943738763372,-74.05929844784102,40.791440537637975,N,1320
demo_002079,2,2016-01-23 15:29:00,2016-01-23 15:38:28.965462550,5,-73.94229781275574,40.716443691182825,-73.95611190618772,40.7040720245789,N,568
demo_002080,1,2016-05-28 21:38:00,2016-05-28 22:00:52.930967026,3,-73.98855383814579,40.74973368942186,-74.04974787077501,40.78092084867122,N,1372
demo_002081,1,2016-01-17 12:14:00,2016-01-17 12:42:51.479785442,5,-74.00769018881556,40.76460488371939,-73.93623633136447,40.776875266538866,N,1731
demo_002082,1,2016-02-28 11:28:00,2016-02-28 11:38:45.561152715,1,-73.97607129912917,40.733354402184894,-73.96863410653648,40.75619114592601,N,645
demo_002083,2,2016-04-30 03:33:00,2016-04-30 03:43:00.484110615,6,-74.04617238883222,40.808101698987464,-74.04176836389813,40.82401495762846,N,600
demo_002084,1,2016-01-24 15:11:00,2016-01-24 15:24:42.157105907,6,-73.97452767609143,40.78980053805646,-73.96640510668335,40.813937142745225,N,822
demo_002085,1,2016-04-27 23:50:00,2016-04-28 00:07:58.332875670,6,-74.05439819474869,40.76815466644811,-74.03323997267766,40.81093362393841,N,1078
demo_002086,2,2016-05-11 22:50:00,2016-05-11 23:07:32.688934474,6,-74.03124771319926,40.820798112276506,-73.99701229345506,40.85673629937979,N,1052
demo_002087,1,2016-04-29 07:46:00,2016-04-29 08:23:31.122537677,5,-74.07584111330225,40.705538665213645,-74.12,40.76830837212273,N,2251
demo_002088,1,2016-02-24 21:44:00,2016-02-24 22:03:17.506433213,5,-73.99288026287022,40.7577295801613,-73.94702404696028,40.7905977947593,N,1157
demo_002089,2,2016-01-04 13:23:00,2016-01-04 13:38:47.467194783,6,-73.91256648339609,40.770821793912695,-73.86896259810548,40.752746730946456,N,947
demo_002090,2,2016-06-08 17:21:00,2016-06-08 17:35:26.435021244,5,-73.99026844974867,40.72599057336222,-73.99259058112868,40.74886799849097,N,866
demo_002091,1,2016-02-28 18:40:00,2016-02-28 18:52:46.542654806,2,-73.9560386579255,40.76852500896362,-73.96019416209941,40.787706758796205,N,766
demo_002092,2,2016-05-24 21:37:00,2016-05-24 22:13:25.667403020,1,-73.87914587462095,40.719269612717426,-73.98774250250278,40.7711175751587,N,2185
demo_002093,1,2016-02-05 14:32:00,2016-02-05 14:49:10.458590933,6,-73.9668174868346,40.7821695061396,-74.01035717751165,40.756056226189344,N,1030
demo_002094,2,2016-01-30 05:36:00,2016-01-30 05:46:31.134593971,1,-74.01943454200646,40.795024216884514,-74.00127481733726,40.81008889608212,N,631
demo_002095,1,2016-05-20 01:36:00,2016-05-20 01:52:14.468239008,6,-74.01324058712311,40.76753166903949,-73.97121897580226,40.74914276973078,N,974
demo_002096,1,2016-06-18 03:38:00,2016-06-18 03:49:30.020743226,6,-73.98497038062996,40.69315207647273,-73.95946108835587,40.706990794283435,N,690
demo_002097,2,2016-06-03 21:55:00,2016-06-03 22:01:38.019636618,1,-74.01348025903674,40.72416222675919,-74.01613028633898,40.718364066815,N,398
demo_002098,1,2016-05-15 05:23:00,2016-05-15 05:47:00.641547993,5,-74.0101139149916,40.77776485011246,-73.9427083704717,40.790710507825615,N,1440
demo_002099,2,2016-02-14 09:39:00,2016-02-14 10:04:15.564959766,4,-73.94066357408332,40.75874195252293,-73.90548242961047,40.720662821498735,N,1515
demo_002100,1,2016-06-13 09:04:00,2016-06-13 09:18:34.955107475,3,-73.93882296736525,40.66370990838077,-73.95260689202132,40.685127023382776,N,874
demo_002101,1,2016-04-30 05:06:00,2016-04-30 05:30:28.402952807,4,-74.05911016169219,40.801499063435394,-73.98273628887382,40.80706267034542,N,1468
demo_002102,2,2016-01-31 23:45:00,2016-01-31 23:59:09.717342048,3,-74.02181762830551,40.762782977718885,-74.06018348152024,40.76689218552673,N,849
demo_002103,2,2016-01-24 06:50:00,2016-01-24 07:17:06.356337807,5,-74.0058801974111,40.72933238676,-74.05739460512991,40.78198855085588,N,1626
demo_002104,1,2016-06-05 19:25:00,2016-06-05 19:37:19.574384336,3,-73.95804099742256,40.792823445914834,-73.9727796859719,40.782496394161605,N,739
demo_002105,2,2016-02-19 12:39:00,2016-02-19 12:49:45.633343999,1,-73.93356159851724,40.734286099548264,-73.96011400474796,40.74352726601711,N,645
demo_002106,1,2016-05-17 20:39:00,2016-05-17 20:49:02.386435302,3,-73.86341144295767,40.73390417588386,-73.87618404946471,40.736611484757915,N,602
demo_002107,1,2016-01-25 22:59:00,2016-01-25 23:13:01.730692460,4,-74.00595529833272,40.7705423427855,-73.97802212395868,40.775889400112,N,841
demo_002108,1,2016-02-20 11:55:00,2016-02-20 12:18:07.311428152,3,-74.00370779214539,40.82033634607348,-74.00489707715155,40.880325051498836,N,1387
demo_002109,1,2016-02-21 00:48:00,2016-02-21 00:54:53.358021988,4,-73.95851434929631,40.814825551229056,-73.958804736163,40.816548342724225,N,413
demo_002110,1,2016-02-20 14:22:00,2016-02-20 14:33:43.003156397,6,-74.01569975235297,40.770589902461644,-74.01364123378566,40.75527334787546,N,703
demo_002111,2,2016-05-01 10:51:00,2016-05-01 11:25:03.489513069,3,-73.99134328376708,40.77418349805976,-74.0722746760212,40.82469787353684,N,2043
demo_002112,2,2016-06-13 14:09:00,2016-06-13 14:27:42.014795771,5,-74.00367671489526,40.78570246262297,-74.0567108326724,40.77739486595612,N,1122
demo_002113,1,2016-06-12 20:36:00,2016-06-12 20:54:29.779351876,6,-74.1,40.71400557136207,-74.11348589429002,40.670665761387426,N,1109
demo_002114,2,2016-05-13 11:29:00,2016-05-13 11:42:19.575943002,5,-73.97945450464319,40.78054519180032,-74.00895701269036,40.76054241172674,N,799
demo_002115,2,2016-02-06 10:53:00,2016-02-06 11:08:03.764756594,4,-73.99320624316863,40.73230742861498,-74.00131880521874,40.698649566275826,N,903
demo_002116,1,2016-06-21 21:42:00,2016-06-21 22:05:21.170189383,6,-73.92779460273844,40.76914673233788,-73.87865010945217,40.72054766474739,N,1401
demo_002117,1,2016-04-07 13:46:00,2016-04-07 13:53:57.212177155,3,-73.98475293166086,40.750038633033746,-73.98735866406963,40.740237227915806,N,477
demo_002118,2,2016-04-08 06:34:00,2016-04-08 06:49:31.324996135,2,-74.04146363652414,40.775542291449,-74.08773952414445,40.773646460386615,N,931
demo_002119,2,2016-05-06 06:00:00,2016-05-06 06:15:36.015024575,6,-73.99661444928408,40.762133621275225,-74.02437294183835,40.794007874983706,N,936
demo_002120,1,2016-05-18 10:29:00,2016-05-18 10:48:28.472636258,6,-74.07909872794114,40.65044394052126,-74.01922857112642,40.66743778404693,N,1168
demo_002121,1,2016-06-20 12:37:00,2016-06-20 12:57:35.800231459,1,-74.03949130258398,40.764261209909684,-73.98585401358292,40.78002473622916,N,1235
demo_002122,1,2016-04-14 19:52:00,2016-04-14 20:10:31.039290577,2,-73.95640223143312,40.78047535333047,-73.9355465211854,40.756358683190136,N,1111
demo_002123,1,2016-04-19 19:27:00,2016-04-19 19:53:15.687758722,2,-73.99613031979791,40.77360749219185,-74.05081722727225,40.79750069026488,N,1575
demo_002124,2,2016-05-14 04:40:00,2016-05-14 05:00:19.765594591,5,-73.94348712922259,40.754409491882704,-73.93274895649394,40.79197277846547,N,1219
demo_002125,1,2016-02-15 22:03:00,2016-02-15 22:12:20.792193748,2,-74.07351015128951,40.81547565921757,-74.06008075281923,40.826129073289316,N,560
demo_002126,1,2016-02-25 09:19:00,2016-02-25 09:27:31.447640694,4,-73.99591076287957,40.76889805951926,-73.99501685558592,40.780306032999306,N,511
demo_002127,2,2016-04-22 14:03:00,2016-04-22 14:19:06.449419611,6,-74.00639806242745,40.77331856550676,-74.02634844937378,40.73917187341486,N,966
demo_002128,1,2016-01-12 13:02:00,2016-01-12 13:14:51.972213625,6,-73.9419868137824,40.79455721629177,-73.95467890031784,40.823026983097115,N,771
demo_002129,1,2016-02-27 16:31:00,2016-02-27 17:02:12.841414873,6,-73.9547256754325,40.77069075498938,-73.97711569718405,40.81877317980594,N,1872
demo_002130,2,2016-05-09 05:44:00,2016-05-09 05:59:51.815166970,4,-73.95609865324603,40.72656937863051,-73.99617624178859,40.735289093404774,N,951
demo_002131,1,2016-06-24 16:52:00,2016-06-24 17:14:20.650587405,4,-73.91563654828622,40.672658190517716,-73.86782697404483,40.65661054400179,N,1340
demo_002132,1,2016-04-03 12:13:00,2016-04-03 12:23:36.956017404,5,-74.0015639199179,40.74130076842937,-73.97068293709187,40.736926907317695,N,636
demo_002133,1,2016-03-12 22:36:00,2016-03-12 22:45:51.642380262,2,-73.92492136241147,40.784633093405844,-73.93489389290188,40.77328173410051,N,591
demo_002134,1,2016-03-20 06:25:00,2016-03-20 06:33:53.120653608,4,-74.03198927678959,40.74564162840038,-74.01966303599671,40.73590948776505,N,533
demo_002135,1,2016-05-03 09:02:00,2016-05-03 09:18:01.992011864,3,-74.03363949873946,40.786041243029864,-74.0199999675758,40.8035367857496,N,961
demo_002136,2,2016-04-08 00:07:00,2016-04-08 00:30:26.257809155,5,-73.95112640428258,40.76320548615721,-73.86912547974991,40.77075101717231,N,1406
demo_002137,2,2016-01-05 04:20:00,2016-01-05 04:36:59.252364409,4,-74.0527133332284,40.80308231245918,-74.02217342939635,40.83018860082041,N,1019
demo_002138,1,2016-04-07 01:31:00,2016-04-07 01:43:02.823818890,3,-73.95922554672114,40.74766741525078,-73.93000861006566,40.7576817839598,N,722
demo_002139,1,2016-03-13 00:15:00,2016-03-13 00:31:45.945686181,4,-73.98044090628254,40.774366518929874,-73.97911157082511,40.75103614363246,N,1005
demo_002140,2,2016-05-06 03:27:00,2016-05-06 03:35:53.899978174,2,-73.93676662721053,40.77570597725874,-73.95197146575488,40.762187292614804,N,533
demo_002141,2,2016-06-06 12:27:00,2016-06-06 12:45:44.799479932,2,-73.98767497842297,40.810556065542094,-73.93928011957982,40.795359356576824,N,1124
demo_002142,2,2016-06-22 05:46:00,2016-06-22 05:57:09.970601093,5,-73.9824777974167,40.6982676942783,-73.9596482733019,40.6932330022096,N,669
demo_002143,2,2016-04-19 20:10:00,2016-04-19 20:30:35.940515242,1,-73.96208307531838,40.74195571039064,-73.99111704371028,40.79041298005883,N,1235
demo_002144,1,2016-03-06 06:16:00,2016-03-06 06:37:44.650021484,5,-74.01481922975269,40.7876980636886,-73.99893390035079,40.840480352663086,N,1304
demo_002145,2,2016-03-20 21:49:00,2016-03-20 22:04:27.223922536,6,-74.01677928383705,40.81210637679226,-73.98747077074232,40.83469460920431,N,927
demo_002146,1,2016-02-01 18:18:00,2016-02-01 18:48:03.314066493,5,-73.96365067520705,40.766402502942476,-74.0370047586773,40.76960912545698,N,1803
demo_002147,2,2016-06-17 11:14:00,2016-06-17 11:32:01.852860913,4,-73.98631795141088,40.74775535424525,-74.01860148915135,40.71099074431863,N,1081
demo_002148,2,2016-06-01 12:23:00,2016-06-01 12:32:33.757518443,5,-74.00332912627869,40.784499142903606,-73.99063235736729,40.79043936715832,N,573
demo_002149,1,2016-06-02 17:12:00,2016-06-02 17:46:35.154513886,1,-73.98872528448639,40.78840459363311,-74.0560814301204,40.76707439662931,N,2075
demo_002150,2,2016-02-29 01:29:00,2016-02-29 01:55:59.416270465,1,-73.91324482214728,40.74541184124665,-73.97505941295326,40.78943593245393,N,1619
demo_002151,2,2016-02-27 23:58:00,2016-02-28 00:15:33.165451557,6,-74.00493582830329,40.769560755926214,-74.01440198921709,40.72619590230187,N,1053
demo_002152,1,2016-06-03 04:34:00,2016-06-03 04:42:05.081423183,3,-74.0062408825977,40.79931845418442,-73.98903683352937,40.809699531184336,N,485
demo_002153,2,2016-04-08 00:26:00,2016-04-08 00:38:14.419401601,3,-74.06183499010982,40.82416606476461,-74.04301256036828,40.80056160156805,N,734
demo_002154,2,2016-05-06 20:06:00,2016-05-06 20:25:03.825167168,1,-73.98690588221707,40.78399117357324,-73.93152189787287,40.78373426356519,N,1143
demo_002155,2,2016-03-29 04:02:00,2016-03-29 04:13:22.462944666,5,-73.95544024199418,40.7595448613833,-73.95256100591806,40.77752870252169,N,682
demo_002156,2,2016-03-20 16:46:00,2016-03-20 17:03:42.970896822,1,-73.94737108479436,40.75610736883868,-73.96041393466547,40.78370052343579,N,1062
demo_002157,2,2016-04-23 19:06:00,2016-04-23 19:25:43.529583272,2,-73.98013020792662,40.77750887950178,-74.02588779344205,40.77587024407663,N,1183
demo_002158,1,2016-05-26 08:04:00,2016-05-26 08:18:44.559457183,2,-73.94198748921136,40.75395145051322,-73.95544945578631,40.774504297368125,N,884
demo_002159,2,2016-03-01 03:21:00,2016-03-01 03:32:22.888082357,6,-73.95209463191539,40.764637417465785,-73.9273311061355,40.746750724803256,N,682
demo_002160,2,2016-05-25 15:30:00,2016-05-25 15:41:29.506390548,6,-73.93491723966385,40.72097433074142,-73.9085719625418,40.7276038671303,N,689
demo_002161,1,2016-02-13 22:57:00,2016-02-13 23:10:38.014899692,1,-73.94070638050351,40.803397001877194,-73.93144471526801,40.83045660206702,N,818
demo_002162,1,2016-03-13 12:12:00,2016-03-13 12:20:41.406208520,1,-73.91435098117518,40.7180935345498,-73.89520195843986,40.72706022045958,N,521
demo_002163,1,2016-06-13 06:44:00,2016-06-13 07:01:51.697034935,6,-73.99263619249548,40.74287608838415,-73.94796276792788,40.72858380858207,N,1071
demo_002164,2,2016-06-20 19:14:00,2016-06-20 19:21:52.299650794,4,-74.04471761190626,40.761415764129815,-74.04208309739707,40.753881620205604,N,472
demo_002165,2,2016-06-15 07:08:00,2016-06-15 07:33:05.811225252,5,-73.95513265653416,40.827684540796106,-73.9072764972129,40.8551072544849,N,1505
demo_002166,2,2016-02-26 21:18:00,2016-02-26 21:34:16.855930684,4,-73.94987510648048,40.74320609553017,-73.97530774585596,40.71372629087311,N,976
demo_002167,2,2016-05-31 19:09:00,2016-05-31 19:30:10.642294851,2,-73.91435020729784,40.73468944651139,-73.91691539385675,40.709192937893185,N,1270
demo_002168,2,2016-06-17 11:53:00,2016-06-17 12:02:38.896689188,5,-73.92734193397236,40.73872140789332,-73.94417109701747,40.75496430440824,N,578
demo_002169,1,2016-06-25 01:50:00,2016-06-25 02:07:13.805794058,2,-73.8974537394861,40.816061400866396,-73.86970905987523,40.804204523813766,N,1033
demo_002170,2,2016-01-04 18:18:00,2016-01-04 18:44:58.810274786,1,-73.9571065708853,40.659567855227294,-73.992613526516,40.620335283925854,N,1618
demo_002171,2,2016-05-14 02:21:00,2016-05-14 02:38:24.566516230,6,-73.97470352336276,40.722904169574804,-73.98596531500539,40.759376273584934,N,1044
demo_002172,1,2016-06-28 09:56:00,2016-06-28 10:28:44.443104482,3,-74.04732424045966,40.853595104820585,-74.11241291763845,40.82390589704783,N,1964
demo_002173,1,2016-05-17 15:21:00,2016-05-17 15:29:48.566603155,1,-73.97113565594687,40.77868087257221,-73.95033249295192,40.77329626221258,N,528
demo_002174,1,2016-02-11 23:18:00,2016-02-11 23:33:55.554822399,3,-74.00986265105921,40.71929052677313,-73.96622499140882,40.702563469393574,N,955
demo_002175,1,2016-05-17 06:23:00,2016-05-17 06:38:00.358783605,1,-73.97548204939554,40.756532870623886,-73.94360727110003,40.7484954165143,N,900
demo_002176,1,2016-01-19 22:39:00,2016-01-19 22:56:46.408268533,3,-73.98254690661607,40.76036090981238,-73.95410494014462,40.73647618445579,N,1066
demo_002177,1,2016-03-27 12:13:00,2016-03-27 12:26:38.870803006,5,-73.96377198850175,40.7876143836067,-73.93439297464245,40.806899923024424,N,818
demo_002178,2,2016-04-22 17:18:00,2016-04-22 17:35:11.376284210,3,-73.98937988192924,40.822382570098796,-73.96489059793396,40.82537480525508,N,1031
demo_002179,1,2016-03-23 03:52:00,2016-03-23 04:06:20.479507850,1,-73.94292409141703,40.77159930884478,-73.92142024462932,40.79815795591547,N,860
demo_002180,2,2016-05-05 23:16:00,2016-05-05 23:29:31.859639125,6,-74.1,40.73910740939455,-74.076238028983,40.72265986768292,N,811
demo_002181,2,2016-02-13 05:46:00,2016-02-13 06:09:21.595404263,4,-73.97645028911789,40.78554795547344,-73.99939916366466,40.84313954326207,N,1401
demo_002182,1,2016-04-19 02:52:00,2016-04-19 03:14:29.395829481,1,-73.93088795993813,40.733561155609806,-73.93789473046132,40.6821356384012,N,1349
demo_002183,1,2016-04-26 01:37:00,2016-04-26 01:55:01.286638301,4,-73.90084781711947,40.721833187640385,-73.89838930299467,40.679034545126484,N,1081
demo_002184,1,2016-04-24 01:59:00,2016-04-24 02:25:10.316776066,6,-73.95206173977267,40.69640318948153,-73.96381141962716,40.743736480369876,N,1570
demo_002185,2,2016-02-22 01:51:00,2016-02-22 02:10:06.534269588,1,-73.90918026398379,40.70322050619249,-73.964001101245,40.71601963121354,N,1146
demo_002186,1,2016-02-24 23:14:00,2016-02-24 23:33:02.030167306,5,-73.97739788019085,40.72662441953565,-74.02062319473214,40.73584184377817,N,1142
demo_002187,2,2016-02-16 09:43:00,2016-02-16 09:53:41.350113505,3,-73.98487118408327,40.71677735813047,-73.97682202005745,40.728421791428055,N,641
demo_002188,2,2016-03-24 02:52:00,2016-03-24 03:05:37.699145970,5,-73.96117629605475,40.768963278458116,-73.92947413924948,40.784385874752175,N,817
demo_002189,2,2016-04-15 11:21:00,2016-04-15 11:28:01.680087099,1,-73.9851437427301,40.716020936096164,-73.98481677590951,40.72411466454788,N,421
demo_002190,2,2016-03-06 06:09:00,2016-03-06 06:43:30.888534138,6,-74.02020608606078,40.64797167942913,-73.92343732089589,40.621892258155256,N,2070
demo_002191,1,2016-03-14 19:07:00,2016-03-14 19:26:22.403807845,6,-74.00818581098594,40.72146308788937,-74.04037749604137,40.74355424232633,N,1162
demo_002192,2,2016-02-21 13:17:00,2016-02-21 13:34:02.423231941,4,-74.03504688077342,40.74148491232975,-74.01947390580112,40.75932322404128,N,1022
demo_002193,1,2016-02-09 09:27:00,2016-02-09 09:57:33.459671814,2,-73.96122303073106,40.736809267924485,-73.91603093935834,40.77537690888646,N,1833
demo_002194,1,2016-04-28 08:07:00,2016-04-28 08:42:02.837534986,1,-73.98448736843748,40.811183363775825,-73.94718866919669,40.85881787285216,N,2102
demo_002195,2,2016-05-26 21:21:00,2016-05-26 21:30:33.205165058,5,-74.00121287525411,40.73652601042488,-73.978285535092,40.74544886457525,N,573
demo_002196,2,2016-02-22 07:50:00,2016-02-22 08:16:20.594802842,5,-74.01050076905767,40.78883232121198,-73.9730418799732,40.75568849773591,N,1580
demo_002197,2,2016-06-03 21:39:00,2016-06-03 22:01:36.244362081,5,-73.96227246442102,40.75733560901117,-73.960333662253,40.80519372815363,N,1356
demo_002198,1,2016-04-12 18:37:00,2016-04-12 19:08:42.804312547,3,-73.94987983187255,40.756519334601464,-73.89167897080384,40.729029286356386,N,1902
demo_002199,1,2016-01-31 04:27:00,2016-01-31 04:44:04.878722251,5,-74.03587312984273,40.72876168989032,-73.99096256112033,40.73788672311947,N,1024
demo_002200,1,2016-03-06 21:06:00,2016-03-06 21:17:32.241038034,5,-74.0429458101399,40.755942607194676,-74.07277377616477,40.74901079118131,N,692
demo_002201,1,2016-01-02 08:25:00,2016-01-02 08:35:32.457333171,3,-73.94204705199705,40.73122163555859,-73.93079217417984,40.7195947511036,N,632
demo_002202,2,2016-01-08 01:12:00,2016-01-08 01:30:49.739253265,5,-74.04688099573198,40.76395085099891,-74.10103637776542,40.78458695428026,N,1129
demo_002203,2,2016-03-01 12:04:00,2016-03-01 12:22:09.324208565,2,-73.96036309247799,40.74973126285818,-73.90710047841475,40.756331672038414,N,1089
demo_002204,1,2016-03-22 19:16:00,2016-03-22 19:27:33.502312243,5,-73.91223908605608,40.7249380223383,-73.90439098561997,40.73879554260254,N,693
demo_002205,1,2016-05-23 13:14:00,2016-05-23 13:31:41.574922469,4,-73.91213443384731,40.79271630188952,-73.86492738430496,40.770692772055106,N,1061
demo_002206,2,2016-01-25 04:11:00,2016-01-25 04:16:43.722908104,5,-73.95179573342156,40.77293941680075,-73.95562324608844,40.76823939273564,N,343
demo_002207,1,2016-05-31 01:13:00,2016-05-31 01:34:55.393646357,5,-73.9531035718105,40.742317804305024,-74.01807293426728,40.72154035984933,N,1315
demo_002208,1,2016-02-12 05:08:00,2016-02-12 05:33:59.369033716,1,-73.88366416474116,40.76309225664624,-73.79135630080371,40.75771732377085,N,1559
demo_002209,2,2016-01-25 21:34:00,2016-01-25 21:39:20.626982528,5,-74.09004780483022,40.75506621174743,-74.08545970567867,40.75185963167601,N,320
demo_002210,2,2016-05-05 23:32:00,2016-05-05 23:54:16.074279366,5,-74.00589510542363,40.727634317195786,-74.0409024072427,40.77743052987232,N,1336
demo_002211,2,2016-05-19 09:07:00,2016-05-19 09:25:00.638522285,1,-73.94681786679155,40.760467368015746,-73.90671618669786,40.75346387812509,N,1080
demo_002212,2,2016-04-18 21:13:00,2016-04-18 21:42:17.330868234,2,-74.0001779153529,40.73626458858175,-73.92892291050934,40.67887343381942,N,1757
demo_002213,1,2016-01-21 19:50:00,2016-01-21 20:12:03.124266109,5,-73.92920997611269,40.7249273157533,-73.93629531221869,40.76259478726096,N,1323
demo_002214,1,2016-01-21 18:17:00,2016-01-21 18:27:35.723309239,3,-73.98677093271395,40.70120314344067,-73.9902444170894,40.71333314653938,N,635
demo_002215,2,2016-03-11 05:04:00,2016-03-11 05:11:08.005283426,1,-73.97907152628481,40.74544874262615,-73.9707399080699,40.74191146089321,N,428
demo_002216,1,2016-03-22 02:35:00,2016-03-22 02:50:31.240882713,6,-73.99736035989106,40.77784397308543,-74.03624433199539,40.766039158180185,N,931
demo_002217,1,2016-06-28 17:59:00,2016-06-28 18:18:50.993407701,4,-74.00851299314637,40.73368692263174,-74.03268635388172,40.708119929918205,N,1190
demo_002218,1,2016-02-21 13:34:00,2016-02-21 14:01:03.086914491,3,-74.00961994834164,40.84622480422553,-73.94725254308887,40.898552102846864,N,1623
demo_002219,2,2016-02-04 15:59:00,2016-02-04 16:03:19.118958979,4,-73.97279751664234,40.78899899787785,-73.97742474196883,40.79039880987167,N,259
demo_002220,1,2016-06-19 06:17:00,2016-06-19 06:37:29.200063845,3,-74.01985542346203,40.80365155464312,-74.04916991769292,40.75673227376912,N,1229
demo_002221,2,2016-01-28 17:07:00,2016-01-28 17:18:09.673397458,1,-73.9421057802429,40.78583350542259,-73.95792724661561,40.79468248632129,N,669
demo_002222,2,2016-01-05 18:03:00,2016-01-05 18:28:06.864648880,4,-73.95560483339287,40.82285027412285,-73.91805600433631,40.85541691007779,N,1506
demo_002223,1,2016-03-17 02:29:00,2016-03-17 02:52:00.942293863,6,-73.93552626015635,40.73045493057846,-74.00468265113572,40.734678666624006,N,1380
demo_002224,2,2016-03-13 04:40:00,2016-03-13 04:55:10.726996421,6,-74.03580159601968,40.668374191501954,-74.02688884961229,40.64403116775268,N,910
demo_002225,2,2016-04-21 12:58:00,2016-04-21 13:25:07.449012282,4,-74.06147644460539,40.74238560370765,-73.9752987885289,40.715626597984986,N,1627
demo_002226,1,2016-06-06 23:48:00,2016-06-07 00:12:05.781010459,1,-73.98518835900343,40.77753765014417,-73.91410116704832,40.75277003909575,N,1445
demo_002227,2,2016-06-16 22:07:00,2016-06-16 22:26:38.053324413,2,-73.85455397238982,40.763303094011185,-73.83449187506118,40.80438785993145,N,1178
demo_002228,2,2016-02-22 03:14:00,2016-02-22 03:29:46.929890095,2,-73.92802060498575,40.767641541383874,-73.8819451136342,40.76570661189248,N,946
demo_002229,1,2016-06-25 13:08:00,2016-06-25 13:30:12.932351905,1,-74.0099500838828,40.80423185009345,-73.96421116391492,40.75890629089713,N,1332
demo_002230,2,2016-04-23 21:05:00,2016-04-23 21:11:58.365781347,1,-73.96589695395059,40.77137201510619,-73.97030177407271,40.781743631103986,N,418
demo_002231,2,2016-01-13 12:50:00,2016-01-13 13:03:57.652365930,5,-73.95225858916503,40.78596195246569,-73.91989080604728,40.78976994567618,N,837
demo_002232,2,2016-06-17 22:05:00,2016-06-17 22:25:00.216606277,3,-74.04657747083297,40.72511530403516,-73.98397706517541,40.712995126429306,N,1200
demo_002233,2,2016-01-25 20:08:00,2016-01-25 20:26:15.669473657,6,-73.92336683589345,40.71966122087744,-73.9675985144028,40.692110238463044,N,1095
demo_002234,2,2016-04-15 22:43:00,2016-04-15 22:56:28.583434509,1,-73.99253408570694,40.81449398730586,-73.97235130499509,40.78576882501199,N,808
demo_002235,2,2016-05-22 07:59:00,2016-05-22 08:20:08.698557276,1,-73.98908063800735,40.76153155373015,-73.97642899732425,40.79087066674774,N,1268
demo_002236,1,2016-02-14 21:34:00,2016-02-14 21:41:30.550793211,5,-73.98392969032548,40.73618697857939,-73.98031893335138,40.74286982568613,N,450
demo_002237,1,2016-02-18 17:07:00,2016-02-18 17:16:07.203923417,2,-73.93349569373115,40.73625119272585,-73.93298352803286,40.74917457167172,N,547
demo_002238,1,2016-03-26 17:05:00,2016-03-26 17:14:12.593718390,2,-74.01898319711906,40.73528069074266,-74.0108747480805,40.741889178601326,N,552
demo_002239,1,2016-06-08 06:32:00,2016-06-08 06:41:02.973998496,4,-74.0618136502153,40.733186434263395,-74.05076862329057,40.742034029296015,N,542
demo_002240,2,2016-02-10 05:57:00,2016-02-10 06:15:24.051980709,6,-73.9704670118195,40.71308982690888,-73.93131547656928,40.700443170996316,N,1104
demo_002241,2,2016-04-29 10:07:00,2016-04-29 10:14:52.299922621,3,-74.07696461387779,40.705485285922286,-74.06028660066484,40.69992789335131,N,472
demo_002242,2,2016-03-22 11:11:00,2016-03-22 11:26:21.871728329,5,-73.9985496617811,40.7511748467821,-74.00477534259477,40.78262746552858,N,921
demo_002243,1,2016-01-21 03:10:00,2016-01-21 03:28:13.905223779,3,-73.93159065695636,40.737247594538786,-73.96098790796854,40.7754415290699,N,1093
demo_002244,1,2016-05-07 22:59:00,2016-05-07 23:14:13.321652890,6,-73.95894077434211,40.79675057499052,-73.97547626246606,40.763754091321005,N,913
demo_002245,2,2016-05-29 20:31:00,2016-05-29 20:40:59.874946904,3,-73.93809397704236,40.768257682864345,-73.92895316344159,40.76263469437043,N,599
demo_002246,1,2016-04-13 14:44:00,2016-04-13 14:59:30.471369335,1,-73.95708418856587,40.76728611880273,-73.98179666439175,40.78994682349556,N,930
demo_002247,2,2016-02-01 17:51:00,2016-02-01 18:21:09.665431954,4,-73.87653494800475,40.7319907857356,-73.84342924989973,40.78280693850542,N,1809
demo_002248,2,2016-01-29 00:44:00,2016-01-29 01:03:18.590368195,2,-74.01147078324456,40.75376400544771,-73.99641885332102,40.801876914143634,N,1158
demo_002249,1,2016-03-17 05:30:00,2016-03-17 05:47:18.280895904,2,-73.96708407453463,40.770635038627105,-73.92706061483263,40.74914957762355,N,1038
demo_002250,1,2016-04-01 03:43:00,2016-04-01 03:59:41.685799741,2,-74.00471542120457,40.783066850889945,-74.02707409393841,40.8174930960815,N,1001
demo_002251,1,2016-04-09 09:26:00,2016-04-09 09:39:48.210592070,3,-73.94194394285383,40.75471378607186,-73.97103131111652,40.75629696622875,N,828
demo_002252,2,2016-02-13 20:35:00,2016-02-13 20:53:42.337570496,1,-73.98777086942228,40.79576933227635,-73.9480088665029,40.823968581525996,N,1122
demo_002253,1,2016-03-31 03:18:00,2016-03-31 03:29:55.487063296,1,-73.90765198042502,40.75827962581178,-73.90310359194164,40.77956315019396,N,715
demo_002254,2,2016-02-23 02:44:00,2016-02-23 02:59:37.594181446,4,-74.0088867179931,40.78574964914812,-74.01597481750466,40.75162261999888,N,937
demo_002255,1,2016-05-03 12:13:00,2016-05-03 12:25:08.928460683,1,-73.92167930634274,40.74085517269938,-73.8972261889949,40.75570446952832,N,728
demo_002256,1,2016-05-23 08:46:00,2016-05-23 09:04:47.071225178,5,-73.95830872112552,40.6945594071701,-73.93515799777292,40.721713215131665,N,1127
demo_002257,2,2016-04-27 11:36:00,2016-04-27 11:51:48.555673681,6,-73.98646074810891,40.76739256458065,-74.03041247889458,40.7668483726949,N,948
demo_002258,2,2016-01-01 05:23:00,2016-01-01 05:43:39.417313136,2,-73.9605900947963,40.783386342210136,-73.9121275154883,40.77673579867286,N,1239
demo_002259,1,2016-06-27 13:37:00,2016-06-27 13:54:35.053829033,1,-73.97324310256118,40.77813715661327,-73.98760734558073,40.73570223099539,N,1055
demo_002260,2,2016-01-05 06:40:00,2016-01-05 07:01:51.135414473,2,-73.96898203938866,40.772776533150314,-73.90948140771769,40.79123420609719,N,1311
demo_002261,1,2016-06-28 21:30:00,2016-06-28 21:45:00.888573923,1,-73.99430919828924,40.74579945619158,-74.04098339976397,40.75143566212255,N,900
demo_002262,2,2016-01-06 17:15:00,2016-01-06 17:32:53.419482929,2,-74.01657148283998,40.7297638811994,-74.00546252195316,40.704864915502235,N,1073
demo_002263,2,2016-04-02 23:06:00,2016-04-02 23:13:14.829570471,6,-74.00007820039832,40.777310489416536,-74.00657494243117,40.768512809500876,N,434
demo_002264,2,2016-01-20 01:47:00,2016-01-20 02:07:17.887516294,5,-74.06074152400767,40.772925659566944,-74.12,40.77709724729339,N,1217
demo_002265,2,2016-01-18 03:15:00,2016-01-18 03:25:42.337613028,6,-73.94711232503603,40.73836853182047,-73.92407504580422,40.72328536551605,N,642
demo_002266,1,2016-05-03 00:16:00,2016-05-03 00:37:16.308318994,5,-74.0405823787479,40.796829846621726,-74.10792017468397,40.79690212906449,N,1276
demo_002267,1,2016-05-11 00:16:00,2016-05-11 00:37:26.012608217,6,-73.99479411748561,40.727099706990835,-74.00500245761945,40.67985152551634,N,1286
demo_002268,1,2016-01-22 06:46:00,2016-01-22 07:05:54.899120417,4,-73.95583797313336,40.73757668174232,-73.91718833141329,40.77401106755732,N,1194
demo_002269,1,2016-06-24 19:11:00,2016-06-24 19:22:50.544801735,1,-73.9472271477305,40.815274882431964,-73.96577840693583,40.81570443312605,N,710
demo_002270,1,2016-02-27 16:23:00,2016-02-27 16:44:56.147585877,5,-74.06485933715767,40.78840036782069,-74.09649003246071,40.75871782314545,N,1316
demo_002271,2,2016-02-27 07:10:00,2016-02-27 07:48:40.065348543,4,-73.98913316338513,40.745469674293815,-73.96112068691546,40.67905753538735,N,2320
demo_002272,2,2016-02-23 10:56:00,2016-02-23 11:12:30.414638915,6,-73.9643114885248,40.768058324837526,-73.97304462029332,40.795844968245426,N,990
demo_002273,2,2016-03-24 00:25:00,2016-03-24 00:34:44.456856830,5,-73.9826592750832,40.76341772855834,-73.99683636439734,40.77848620048188,N,584
demo_002274,2,2016-02-02 00:14:00,2016-02-02 00:30:27.616679963,4,-73.92451662690469,40.66190351472579,-73.87989189020377,40.66759202898946,N,987
demo_002275,2,2016-03-17 11:02:00,2016-03-17 11:18:14.332431655,5,-74.02198131049616,40.72627341176843,-74.06283606622657,40.749591907802575,N,974
demo_002276,2,2016-02-07 19:07:00,2016-02-07 19:26:56.786284544,4,-74.07720685085856,40.75622036840118,-74.09329310480003,40.77946462510119,N,1196
demo_002277,1,2016-01-10 06:07:00,2016-01-10 06:17:45.187957173,1,-73.94853532924542,40.74551859832043,-73.91820968385798,40.75076842621188,N,645
demo_002278,2,2016-03-07 08:56:00,2016-03-07 09:16:41.627024964,4,-74.00916887538283,40.76664858976907,-74.05228703282566,40.75978480590311,N,1241
demo_002279,2,2016-05-01 00:10:00,2016-05-01 00:30:15.413692355,3,-74.06413432689136,40.79753188095318,-74.00199717630059,40.78626905779057,N,1215
demo_002280,1,2016-05-17 08:32:00,2016-05-17 08:41:42.852060092,1,-73.99213305757549,40.74674624753712,-73.99972271955282,40.75811168218256,N,582
demo_002281,2,2016-03-04 14:25:00,2016-03-04 14:43:17.817243071,2,-73.92962489108308,40.720982082135706,-73.89901643273365,40.75870192925745,N,1097
demo_002282,1,2016-02-28 06:35:00,2016-02-28 06:46:47.636968104,6,-74.04184636780157,40.76936980804789,-74.01131113657078,40.76659142242236,N,707
demo_002283,2,2016-05-21 17:50:00,2016-05-21 18:16:08.053118138,4,-73.87988018207237,40.74656818332513,-73.88521025941105,40.78643307328488,N,1568
demo_002284,2,2016-05-02 14:44:00,2016-05-02 14:53:50.904263330,1,-74.02270467175416,40.75253777747124,-74.03947009566879,40.76261289425445,N,590
demo_002285,2,2016-05-29 18:45:00,2016-05-29 18:52:42.655601736,3,-73.98108451156435,40.74778791982965,-73.98258827123274,40.7580665759796,N,462
demo_002286,1,2016-06-12 02:21:00,2016-06-12 02:46:21.530098925,5,-74.03986095880315,40.836464323000385,-74.01491701014098,40.901402278618136,N,1521
demo_002287,2,2016-05-27 19:43:00,2016-05-27 20:12:19.116716810,4,-73.98312753430868,40.67957535086507,-74.01765240384731,40.72419766270297,N,1759
demo_002288,2,2016-06-17 13:37:00,2016-06-17 14:01:20.413890249,5,-73.99101865197915,40.74440831339036,-74.03313270258474,40.78973076298884,N,1460
demo_002289,1,2016-03-15 23:59:00,2016-03-16 00:17:11.398527819,4,-74.0520272256049,40.75787088410231,-74.00008013034352,40.73633531532641,N,1091
demo_002290,2,2016-03-12 00:58:00,2016-03-12 01:23:06.608010522,1,-73.85783778639721,40.73066001277011,-73.88355771386236,40.789848940328326,N,1506
demo_002291,2,2016-02-27 21:04:00,2016-02-27 21:13:08.135178478,6,-74.00729017260583,40.78949390412449,-73.99489723673484,40.78727405068325,N,548
demo_002292,2,2016-02-12 08:09:00,2016-02-12 08:17:30.515652942,4,-74.00725081507878,40.78646401875519,-74.01432796239024,40.78032175690185,N,510
demo_002293,2,2016-05-14 18:54:00,2016-05-14 19:26:20.333426669,6,-73.94139338542908,40.7563285883529,-73.9469186818219,40.698028881190744,N,1940
demo_002294,2,2016-05-08 14:25:00,2016-05-08 14:41:40.846085702,2,-73.90335853024932,40.748526418562975,-73.85329489000075,40.75733627082593,N,1000
demo_002295,1,2016-05-24 06:00:00,2016-05-24 06:13:39.839981794,5,-73.9343103409398,40.754081510801896,-73.93729126251132,40.72483095393312,N,819
demo_002296,1,2016-01-31 03:07:00,2016-01-31 03:16:59.379388694,1,-74.0390531055362,40.75433246712233,-74.05154202002382,40.7653553204931,N,599
demo_002297,1,2016-03-29 10:13:00,2016-03-29 10:29:06.452040205,1,-73.97537409457274,40.7552569440156,-73.98481414184236,40.72389468541818,N,966
demo_002298,2,2016-02-09 22:51:00,2016-02-09 23:13:07.188688160,6,-74.06966176170732,40.75142003144691,-74.08728280637503,40.799957927067375,N,1327
demo_002299,1,2016-06-09 17:53:00,2016-06-09 18:07:30.989549704,6,-73.9444232713405,40.76683572601074,-73.96787644558238,40.781728223008415,N,870
demo_002300,1,2016-02-18 03:12:00,2016-02-18 03:35:32.615007503,6,-74.05858346623387,40.78436242226898,-74.07606410643592,40.845918954814216,N,1412
demo_002301,2,2016-01-26 21:41:00,2016-01-26 22:01:55.684178112,2,-74.02114405956242,40.71494089483405,-73.96293170561131,40.68731924598375,N,1255
demo_002302,1,2016-04-12 13:48:00,2016-04-12 14:08:52.467362388,6,-73.9851440676814,40.72122676352684,-73.96024195873429,40.76305460313396,N,1252
demo_002303,2,2016-06-07 05:34:00,2016-06-07 05:58:02.309931535,1,-73.96497470474866,40.69680186896808,-73.97705658395874,40.6481286337082,N,1442
demo_002304,1,2016-06-13 19:57:00,2016-06-13 20:12:56.258369870,3,-73.99674205805279,40.78832390901252,-73.96238411084113,40.793941946877325,N,956
demo_002305,2,2016-01-18 07:07:00,2016-01-18 07:33:52.437240612,3,-73.91664123454701,40.76676131526167,-73.97219301759557,40.74970749102324,N,1612
demo_002306,2,2016-02-28 15:51:00,2016-02-28 16:07:12.676215172,5,-73.95245421880135,40.77568436305765,-73.9043054764913,40.76358953660589,N,972
demo_002307,2,2016-01-28 15:13:00,2016-01-28 15:31:58.776355072,5,-73.95598738606711,40.707967561657284,-73.91065693412317,40.69402215837375,N,1138
demo_002308,1,2016-02-25 09:58:00,2016-02-25 10:34:25.831563932,3,-74.04032304058931,40.82047318430081,-73.96205135009849,40.795775847296326,N,2185
demo_002309,2,2016-04-06 02:11:00,2016-04-06 02:29:57.924360741,1,-73.90852844461045,40.73669021821492,-73.8731241442427,40.70267863393535,N,1137
demo_002310,2,2016-02-20 12:04:00,2016-02-20 12:14:12.231691164,3,-74.02113793149253,40.7638872032489,-74.00583472245725,40.75194167946175,N,612
demo_002311,2,2016-01-13 03:40:00,2016-01-13 03:57:46.955474510,2,-73.90681059051558,40.78790346312375,-73.8616206770452,40.79103622985049,N,1066
demo_002312,1,2016-04-01 19:19:00,2016-04-01 19:38:50.968326615,5,-73.89400122243835,40.72345570854714,-73.91590455253642,40.754875456176045,N,1190
demo_002313,1,2016-01-10 12:07:00,2016-01-10 12:15:22.438921387,1,-73.96193045604363,40.73887864745206,-73.97577003325321,40.74685310816083,N,502
demo_002314,1,2016-02-10 19:19:00,2016-02-10 19:37:14.020695053,3,-73.93855941060443,40.76427101211103,-73.9408079792503,40.79576759754598,N,1094
demo_002315,1,2016-01-01 02:14:00,2016-01-01 02:36:35.456882638,4,-74.1,40.85801155764127,-74.05208914641848,40.818100782098426,N,1355
demo_002316,2,2016-01-16 15:04:00,2016-01-16 15:16:48.741445295,4,-73.99377510869706,40.76853936599982,-74.02373085104445,40.756849192045685,N,768
demo_002317,2,2016-03-19 12:53:00,2016-03-19 13:08:10.091097848,5,-73.93540254620362,40.81422264027208,-73.96907470561855,40.833419773088764,N,910
demo_002318,1,2016-06-02 03:04:00,2016-06-02 03:10:42.365044544,2,-73.94339703792586,40.80019856008172,-73.93511820518862,40.809464710488086,N,402
demo_002319,2,2016-05-19 10:22:00,2016-05-19 10:37:54.781783618,4,-74.03988755021449,40.77088035127731,-74.01477398281683,40.74762862318151,N,954
demo_002320,1,2016-01-18 18:56:00,2016-01-18 19:16:20.007278874,1,-73.99821749179405,40.72337814799293,-74.02282531195195,40.74859800808141,N,1220
demo_002321,2,2016-01-07 06:30:00,2016-01-07 06:41:11.168613817,3,-74.09913644773405,40.79509137637864,-74.07567181938704,40.78074700046593,N,671
demo_002322,2,2016-03-01 20:32:00,2016-03-01 20:51:21.441823132,6,-73.96641532219222,40.70556613804232,-73.91852134522046,40.68457732188469,N,1161
demo_002323,2,2016-04-27 09:45:00,2016-04-27 10:04:11.021050700,6,-74.06974977805521,40.8140306293287,-74.02773361878329,40.82717821886211,N,1151
demo_002324,2,2016-05-14 09:53:00,2016-05-14 10:00:34.816307908,4,-73.93412849707455,40.76500018578764,-73.92176325017607,40.76516675865167,N,454
demo_002325,2,2016-05-28 03:54:00,2016-05-28 04:02:48.324020325,3,-73.93177738126772,40.66524217584457,-73.93494830247883,40.65112354279879,N,528
demo_002326,1,2016-03-02 14:19:00,2016-03-02 14:38:51.206327348,6,-74.00634650664828,40.74608228667389,-73.94559967940063,40.73104683649222,N,1191
demo_002327,1,2016-01-31 05:45:00,2016-01-31 06:01:07.794254217,3,-73.96154258312957,40.78088817373231,-73.96100344332237,40.752003660137525,N,967
demo_002328,2,2016-01-05 17:49:00,2016-01-05 18:07:09.377616684,5,-73.99476944258272,40.749704164443614,-73.96185703089618,40.73901896180003,N,1089
demo_002329,1,2016-01-27 10:27:00,2016-01-27 10:54:00.731247970,4,-73.97411412222434,40.783025203384774,-73.90557427045285,40.812725458142936,N,1620
demo_002330,1,2016-01-12 17:29:00,2016-01-12 17:43:00.434685299,1,-74.03662667404595,40.728249154130076,-74.0073922912589,40.734852016630754,N,840
demo_002331,1,2016-06-03 22:39:00,2016-06-03 22:55:03.076006799,5,-73.95698783195421,40.71229061695244,-73.99188602510596,40.738172657133426,N,963
demo_002332,1,2016-02-18 07:32:00,2016-02-18 07:52:11.805595891,6,-74.0588533353601,40.755499410893336,-74.10221913270588,40.769433261410555,N,1211
demo_002333,2,2016-05-28 03:53:00,2016-05-28 04:03:39.202989523,5,-74.06734685730483,40.759104798355146,-74.07776388700704,40.742574150766906,N,639
demo_002334,2,2016-04-09 13:38:00,2016-04-09 13:56:59.834705581,4,-73.99048677425002,40.745806547712824,-73.96565430492898,40.70127973329365,N,1139
demo_002335,2,2016-04-07 00:13:00,2016-04-07 00:26:33.682516373,1,-73.99450594758251,40.80095519013248,-73.97893844224296,40.77593012228547,N,813
demo_002336,2,2016-03-22 20:42:00,2016-03-22 21:05:42.435365834,1,-73.97274642212517,40.72824274187013,-73.89549854983395,40.7101193749705,N,1422
demo_002337,1,2016-05-27 10:56:00,2016-05-27 11:09:11.123519415,6,-74.01422783706063,40.768960796256636,-73.99900086698898,40.74874905875876,N,791
demo_002338,2,2016-01-08 19:42:00,2016-01-08 19:59:27.323729388,3,-73.90014387503965,40.76037894899073,-73.91160431762592,40.78686648701594,N,1047
demo_002339,1,2016-01-17 16:42:00,2016-01-17 17:03:59.537336755,3,-73.97777277547793,40.70351494167524,-74.01743974908678,40.72972083028018,N,1319
demo_002340,2,2016-03-17 05:02:00,2016-03-17 05:30:13.409861338,4,-73.97452031996677,40.711833943571605,-73.93320501174037,40.77155469385907,N,1693
demo_002341,2,2016-03-12 00:09:00,2016-03-12 00:21:40.835081865,6,-73.97612447551668,40.75841688556871,-73.97633661853898,40.73779641394651,N,760
demo_002342,1,2016-04-08 04:58:00,2016-04-08 05:22:53.185409897,3,-73.93986905589733,40.827341999954044,-73.99258394778548,40.87047310421778,N,1493
demo_002343,1,2016-05-12 19:17:00,2016-05-12 19:41:14.126458190,4,-73.9590792163482,40.778274443416464,-73.95830009524617,40.821238657969396,N,1454
demo_002344,2,2016-04-15 18:11:00,2016-04-15 18:28:57.433494389,4,-73.96510919451313,40.69760278111994,-73.99996002840258,40.69133165965289,N,1077
demo_002345,2,2016-02-16 08:11:00,2016-02-16 08:25:13.334437123,3,-73.95188071528105,40.64913291772083,-73.9667780281433,40.661918913438214,N,853
demo_002346,1,2016-02-28 21:53:00,2016-02-28 22:08:05.009543118,4,-74.06710765866713,40.783656875755156,-74.06689093949163,40.81715667348197,N,905
demo_002347,1,2016-05-15 10:03:00,2016-05-15 10:14:58.941118038,2,-74.06540814427636,40.75463252809752,-74.09708937596808,40.753041563285635,N,718
demo_002348,2,2016-02-06 06:20:00,2016-02-06 06:28:41.202792496,3,-73.98842264353857,40.79794430893286,-74.00548948945205,40.794261730948065,N,521
demo_002349,2,2016-03-31 18:03:00,2016-03-31 18:20:51.124281606,3,-73.99389532472068,40.7271748727751,-74.01993951891465,40.71023676240493,N,1071
demo_002350,2,2016-04-06 23:34:00,2016-04-07 00:00:33.086153123,4,-73.95890855701784,40.77025743742505,-73.98401367888904,40.70653639742115,N,1593
demo_002351,2,2016-05-15 01:08:00,2016-05-15 01:21:57.242681923,3,-73.98409923940174,40.787616071205974,-74.01937995750134,40.78951880485116,N,837
demo_002352,1,2016-05-08 14:00:00,2016-05-08 14:11:32.601565913,3,-73.95881607794956,40.74233877266278,-73.97571283771067,40.72317230082153,N,692
demo_002353,1,2016-03-24 15:24:00,2016-03-24 15:40:19.439127903,6,-74.04105178713026,40.743087005041914,-74.07236623259234,40.71405259220426,N,979
demo_002354,2,2016-02-25 15:35:00,2016-02-25 15:46:31.497799939,5,-73.98548350566838,40.75888419908845,-73.96495306160924,40.77028337364234,N,691
demo_002355,2,2016-03-07 05:20:00,2016-03-07 05:36:36.931912020,6,-74.0453475532081,40.77699367212961,-74.03831955133454,40.73780824162744,N,996
demo_002356,2,2016-03-15 02:04:00,2016-03-15 02:19:56.499182566,4,-73.96759139295328,40.757498309842084,-73.9257763600786,40.77926246690666,N,956
demo_002357,2,2016-02-09 10:53:00,2016-02-09 11:13:36.538498053,3,-74.06952282690635,40.79208987182159,-74.00348820824104,40.80514705333362,N,1236
demo_002358,1,2016-04-22 13:45:00,2016-04-22 13:55:46.209796525,3,-73.96932604556567,40.74183226837566,-73.9456196700784,40.73102705165984,N,646
demo_002359,1,2016-02-07 12:11:00,2016-02-07 12:19:08.046395324,6,-74.05110497214037,40.71150616780879,-74.0353694262782,40.70979679098199,N,488
demo_002360,2,2016-04-26 18:17:00,2016-04-26 18:38:40.817502744,4,-74.00225875069498,40.827194137883964,-73.97634694616465,40.7950581683418,N,1300
demo_002361,2,2016-05-15 06:26:00,2016-05-15 06:37:34.618143115,6,-73.94472825388479,40.736837819221016,-73.92839764528972,40.757096961511884,N,694
demo_002362,2,2016-06-22 03:08:00,2016-06-22 03:14:21.924267083,6,-73.97476790051307,40.73810452706988,-73.97301092342315,40.74316336157826,N,381
demo_002363,2,2016-01-22 09:41:00,2016-01-22 09:47:44.386770849,6,-74.0590547100676,40.755696883762475,-74.06008111328975,40.76276683253639,N,404
demo_002364,2,2016-05-16 18:02:00,2016-05-16 18:21:50.679918067,4,-74.01525772301123,40.76035133883789,-74.0510161717534,40.773902379089066,N,1190
demo_002365,2,2016-01-16 11:26:00,2016-01-16 11:38:36.910953157,3,-74.05256203364645,40.744466072512914,-74.02319984924578,40.72712085633784,N,756
demo_002366,1,2016-03-01 16:54:00,2016-03-01 17:17:49.666799470,6,-74.06126413248224,40.757389813606785,-74.06235945082727,40.71637524018392,N,1429
demo_002367,1,2016-02-01 17:34:00,2016-02-01 18:00:16.711461713,2,-73.97970515707397,40.75660832190002,-73.9289719929738,40.782455918022656,N,1576
demo_002368,1,2016-01-30 05:04:00,2016-01-30 05:20:39.856102115,2,-73.95978657453979,40.76411867644573,-73.9277568179143,40.78271407361327,N,999
demo_002369,1,2016-02-01 13:29:00,2016-02-01 13:40:12.729136255,6,-73.9651727335678,40.67548793893545,-73.98708104034746,40.66103325124713,N,672
demo_002370,1,2016-01-08 21:48:00,2016-01-08 22:05:09.819657229,5,-73.95788179333042,40.82383067074528,-73.91424760668896,40.83487664612179,N,1029
demo_002371,1,2016-05-28 03:49:00,2016-05-28 04:19:22.318389153,4,-73.98553598828987,40.752844909026294,-74.07516195676749,40.78681019187168,N,1822
demo_002372,2,2016-01-12 00:04:00,2016-01-12 00:27:22.997649182,4,-73.99730255984375,40.778321791680646,-73.92974465877022,40.80906671336391,N,1402
demo_002373,1,2016-03-12 17:32:00,2016-03-12 17:56:49.155332274,3,-74.03328811971781,40.70976645304631,-74.08013370443905,40.69452336446265,N,1489
demo_002374,1,2016-05-05 20:22:00,2016-05-05 20:39:38.407915269,6,-74.00480358522877,40.74151499085628,-73.9874746589578,40.70131844262956,N,1058
demo_002375,2,2016-06-27 06:28:00,2016-06-27 06:44:11.094748486,3,-74.04446067733967,40.73446894467879,-74.02950111152451,40.69890413590968,N,971
demo_002376,2,2016-06-02 16:00:00,2016-06-02 16:19:37.546127775,3,-74.02303244872071,40.8094403317578,-73.98370235855626,40.80102372940801,N,1177
demo_002377,2,2016-01-25 16:45:00,2016-01-25 17:08:06.507138748,1,-73.98099829083029,40.73749652376075,-73.99250267908594,40.7769790863595,N,1386
demo_002378,2,2016-06-26 19:01:00,2016-06-26 19:32:50.367469951,1,-73.99030127393934,40.78453279954291,-74.06539442045451,40.76486477341509,N,1910
demo_002379,1,2016-04-27 15:17:00,2016-04-27 15:26:51.748299625,2,-73.84708723829473,40.73523528415644,-73.85854231519305,40.71913443212519,N,591
demo_002380,1,2016-02-02 07:44:00,2016-02-02 07:56:14.434327907,2,-74.04556080188773,40.742158337112116,-74.05323148247523,40.72550173746292,N,734
demo_002381,2,2016-03-21 18:30:00,2016-03-21 19:00:11.542928959,2,-73.99062944243742,40.74940574421798,-74.06235116301903,40.735049012718186,N,1811
demo_002382,2,2016-06-14 05:15:00,2016-06-14 05:19:29.638480709,5,-74.04906794500417,40.802934579439025,-74.04747993869054,40.80263145464868,N,269
demo_002383,2,2016-03-11 17:24:00,2016-03-11 17:49:39.256482570,4,-74.00245036441865,40.69185515693395,-74.04010516652191,40.65729380222105,N,1539
demo_002384,2,2016-02-03 01:18:00,2016-02-03 01:33:56.389999063,1,-74.00061919319518,40.711951775565396,-73.97790121458691,40.741229494386225,N,956
demo_002385,2,2016-06-06 12:21:00,2016-06-06 12:26:36.556054727,4,-73.9469803988195,40.68984431920086,-73.95559318957343,40.685934150094596,N,336
demo_002386,1,2016-06-20 12:51:00,2016-06-20 13:22:19.536363699,1,-74.00523499426481,40.719937425808354,-73.93659667327162,40.78687405932594,N,1879
demo_002387,2,2016-06-24 14:34:00,2016-06-24 14:50:08.548567152,4,-73.99360938200253,40.72959399820828,-74.00257563499194,40.69790758124743,N,968
demo_002388,2,2016-06-21 00:40:00,2016-06-21 00:58:00.161205202,1,-74.00436430831125,40.70149315610684,-73.98930061398931,40.744419542746115,N,1080
demo_002389,1,2016-06-06 02:45:00,2016-06-06 03:02:05.530421119,1,-74.04804732848257,40.732304828868486,-74.05550483120865,40.76987115461412,N,1025
demo_002390,2,2016-03-22 19:23:00,2016-03-22 19:48:12.430843656,5,-74.01434460673069,40.68748499316733,-74.0711589933268,40.676369524928496,N,1512
demo_002391,2,2016-02-04 14:44:00,2016-02-04 14:51:20.783996850,1,-74.00218715217878,40.72237039466813,-74.0093521073586,40.71170375810331,N,440
demo_002392,1,2016-04-21 02:06:00,2016-04-21 02:23:04.555164545,6,-73.98167783524671,40.80001471399686,-73.95530836480572,40.77513967296135,N,1024
demo_002393,1,2016-02-09 17:50:00,2016-02-09 18:08:12.810223710,3,-73.95984737207488,40.77212558245984,-73.9387777288766,40.747560403978376,N,1092
demo_002394,1,2016-03-26 04:01:00,2016-03-26 04:07:03.721222688,5,-73.99555684293699,40.76456136852604,-74.00582121376097,40.76454500788212,N,363
demo_002395,1,2016-04-28 02:14:00,2016-04-28 02:29:41.104428624,2,-73.99634793187916,40.72290275053023,-74.04733439597122,40.723461542104886,N,941
demo_002396,2,2016-06-19 09:13:00,2016-06-19 09:40:21.423714833,3,-74.06243659213192,40.70423702643344,-74.03988054156125,40.66097343422603,N,1641
demo_002397,2,2016-02-22 00:50:00,2016-02-22 01:14:09.430079744,6,-73.96071194672346,40.718129537356305,-73.94602991623225,40.7800541810861,N,1449
demo_002398,2,2016-02-15 08:16:00,2016-02-15 08:33:29.430022173,1,-74.01631540492176,40.756487656058646,-73.98679602503691,40.74948070091524,N,1049
demo_002399,1,2016-05-12 06:00:00,2016-05-12 06:06:28.905755881,3,-73.95137945427966,40.788386187290435,-73.96097338111288,40.7901577187753,N,388
demo_002400,2,2016-01-02 03:54:00,2016-01-02 04:19:51.067157178,1,-73.92576020234657,40.78958285959974,-73.9847133200949,40.772674448897575,N,1551
demo_002401,1,2016-04-11 22:56:00,2016-04-11 23:05:02.364855024,3,-73.99345617620118,40.78007143268692,-73.9747745697935,40.772862175131436,N,542
demo_002402,1,2016-05-14 06:21:00,2016-05-14 06:27:24.043158087,6,-74.03104900763446,40.73218550975763,-74.03136900441204,40.722522800754035,N,384
demo_002403,1,2016-04-09 03:55:00,2016-04-09 04:11:25.542501532,4,-73.98575143758889,40.75885924413414,-73.93704250551988,40.758780122636864,N,985
demo_002404,1,2016-03-10 02:41:00,2016-03-10 02:44:43.699695512,3,-73.96930841008916,40.746753011448696,-73.96830275395354,40.746359083867134,N,223
demo_002405,1,2016-05-29 03:19:00,2016-05-29 03:28:55.470160226,4,-73.9991984000561,40.750958358277686,-74.00078974117774,40.7726897496883,N,595
demo_002406,1,2016-03-07 18:52:00,2016-03-07 19:03:30.876698982,2,-74.01038172842208,40.829299476393594,-73.99577782190677,40.835434414695264,N,690
demo_002407,1,2016-05-07 21:30:00,2016-05-07 21:42:42.794739108,1,-73.95964105051861,40.69632999170488,-73.98053363792665,40.715345633255666,N,762
demo_002408,1,2016-03-24 13:05:00,2016-03-24 13:13:59.456000454,4,-73.96260897763877,40.749786311442726,-73.9851887278781,40.74952141925398,N,539
demo_002409,1,2016-01-05 18:48:00,2016-01-05 18:54:19.444911376,5,-74.00058303381472,40.80041121175187,-74.00400936813655,40.80665503073973,N,379
demo_002410,1,2016-04-05 11:49:00,2016-04-05 12:00:32.482898692,2,-74.05943297743673,40.70669379767383,-74.09164719822618,40.70017854424138,N,692
demo_002411,1,2016-01-09 21:39:00,2016-01-09 21:52:19.772608326,1,-73.96446298165793,40.735468840115686,-73.97248132294924,40.762552856942804,N,799
demo_002412,2,2016-06-16 13:44:00,2016-06-16 14:09:21.126148475,4,-74.01952972370486,40.739483652585136,-73.95164507619415,40.74819445818206,N,1521
demo_002413,2,2016-04-18 06:43:00,2016-04-18 06:56:08.070802893,3,-73.97535465160834,40.750184859728115,-73.93886247117292,40.745916838656264,N,788
demo_002414,1,2016-03-07 23:10:00,2016-03-07 23:16:00.936579241,6,-73.97819792457445,40.702141499413784,-73.96741659662545,40.6970679257809,N,360
demo_002415,2,2016-03-28 12:20:00,2016-03-28 12:36:55.279605357,3,-74.07000263421692,40.778835012111834,-74.0156939300835,40.77588554989816,N,1015
demo_002416,2,2016-04-21 10:51:00,2016-04-21 11:02:31.007532991,3,-73.98135132420148,40.78132005488796,-74.01022268763171,40.782142040827246,N,691
demo_002417,2,2016-02-16 19:59:00,2016-02-16 20:34:03.323991010,4,-73.96184603635815,40.77579313637563,-73.87468064091236,40.774271386642724,N,2103
demo_002418,1,2016-02-21 21:51:00,2016-02-21 22:00:26.404806654,6,-73.95632814131103,40.72753692139982,-73.97244572942563,40.71244819670911,N,566
demo_002419,2,2016-03-16 08:35:00,2016-03-16 09:06:15.442152362,5,-73.97971854120067,40.761027877677556,-73.90958533485785,40.781680192669796,N,1875
demo_002420,1,2016-02-16 13:01:00,2016-02-16 13:23:20.400070946,4,-74.07397337197773,40.72651959161509,-74.00399426530544,40.74887764341389,N,1340
demo_002421,2,2016-05-16 10:10:00,2016-05-16 10:36:35.499984257,5,-73.9275313522016,40.746359116873,-73.9888943954395,40.79452325149632,N,1595
demo_002422,1,2016-01-19 16:28:00,2016-01-19 16:52:37.046126245,5,-73.96650397996058,40.83337137745098,-73.91515575495062,40.81707337526357,N,1477
demo_002423,2,2016-05-28 18:57:00,2016-05-28 19:11:09.742331566,4,-74.03914936982167,40.76134933821587,-74.04908618973752,40.77934318379498,N,849
demo_002424,2,2016-03-03 17:38:00,2016-03-03 18:08:53.852090537,2,-74.02044933680712,40.716436569840454,-74.04032823281325,40.66488986230082,N,1853
demo_002425,1,2016-04-11 00:29:00,2016-04-11 00:41:03.242465251,1,-73.97459491058174,40.76431173692324,-73.95623257637597,40.78669589967883,N,723
demo_002426,2,2016-01-29 09:30:00,2016-01-29 09:58:15.698867599,4,-73.95440971130158,40.71068714258779,-73.989686747668,40.67135942548259,N,1695
demo_002427,1,2016-03-10 08:47:00,2016-03-10 09:04:56.602815891,5,-74.00695832853565,40.71603463626198,-73.98938843045858,40.68945769646553,N,1076
demo_002428,2,2016-05-15 19:51:00,2016-05-15 20:06:28.279500995,3,-73.94785135666794,40.721560690241795,-73.98077916354835,40.73053077412522,N,928
demo_002429,2,2016-02-18 17:24:00,2016-02-18 17:37:33.037244701,3,-74.06567450730951,40.742449169173156,-74.05947673253534,40.725668695216754,N,813
demo_002430,1,2016-01-24 19:25:00,2016-01-24 19:51:04.473036418,3,-74.03191065549922,40.79079391484562,-73.98517296523106,40.77031837007554,N,1564
demo_002431,2,2016-04-03 22:41:00,2016-04-03 22:50:20.148123608,4,-74.0778963804429,40.77824393693059,-74.06436825270276,40.765153904323135,N,560
demo_002432,2,2016-01-30 05:57:00,2016-01-30 06:09:47.759158898,5,-74.02538323142913,40.776304836488656,-74.03797593698397,40.796004738270454,N,767
demo_002433,2,2016-02-26 15:43:00,2016-02-26 15:56:31.912748174,3,-73.91713652669551,40.71953764020434,-73.8981871378162,40.69434959950106,N,811
demo_002434,1,2016-03-22 01:59:00,2016-03-22 02:14:52.177299873,4,-73.89239889944366,40.73905399755976,-73.94162570791383,40.73759181622575,N,952
demo_002435,2,2016-04-11 12:53:00,2016-04-11 13:05:02.520612367,3,-73.97444342892963,40.76752003874091,-74.0038035563765,40.75729631905835,N,722
demo_002436,2,2016-04-25 02:06:00,2016-04-25 02:18:18.371924700,2,-74.01372931432708,40.73600880051141,-74.02878876644482,40.75814585133729,N,738
demo_002437,1,2016-05-01 19:08:00,2016-05-01 19:27:07.971380779,5,-73.99497379553829,40.74825717458946,-73.96743403692415,40.7711510619497,N,1147
demo_002438,2,2016-05-31 23:19:00,2016-05-31 23:39:34.912049576,4,-73.96369970491251,40.77344755423855,-73.94949674852876,40.72389494570778,N,1234
demo_002439,1,2016-01-12 21:27:00,2016-01-12 21:42:36.326790282,4,-74.05533413832376,40.745792956157956,-74.0366033124162,40.77401091046459,N,936
demo_002440,2,2016-03-06 05:14:00,2016-03-06 05:24:11.600938636,2,-74.01076246291916,40.765912085618574,-74.01172085213102,40.74942167614419,N,611
demo_002441,2,2016-01-01 04:36:00,2016-01-01 04:46:24.353187578,6,-73.92042981164974,40.81374549596069,-73.94801329925983,40.8201253853228,N,624
demo_002442,2,2016-01-02 16:47:00,2016-01-02 17:13:03.452758435,5,-74.03205695311978,40.751984942035456,-73.97997286033986,40.72663440604511,N,1563
demo_002443,1,2016-02-08 05:02:00,2016-02-08 05:13:59.573306197,5,-74.01870612046677,40.79927682334017,-74.04312889137314,40.80929745761333,N,719
demo_002444,1,2016-04-17 15:58:00,2016-04-17 16:25:05.460648895,5,-73.98440628548083,40.77757795235576,-73.96973992224113,40.84646437410353,N,1625
demo_002445,1,2016-06-10 00:17:00,2016-06-10 00:21:50.059075253,3,-73.97225859832228,40.706646530227964,-73.97618226118267,40.71008000038266,N,290
demo_002446,2,2016-05-19 05:41:00,2016-05-19 05:51:16.909359744,4,-74.01312518207898,40.71942520397578,-73.99342042123277,40.70700931559933,N,616
demo_002447,2,2016-04-26 07:58:00,2016-04-26 08:09:10.489226164,2,-73.98153660275366,40.728824144092556,-74.00272864723625,40.72255579075632,N,670
demo_002448,2,2016-05-20 01:40:00,2016-05-20 02:02:12.417715007,5,-73.95764272098172,40.72808077790736,-73.92079902035067,40.68841696906193,N,1332
demo_002449,2,2016-01-31 22:52:00,2016-01-31 23:13:52.417105040,1,-73.89673466793063,40.754839858886264,-73.84849494087638,40.7939618676127,N,1312
demo_002450,2,2016-05-31 04:05:00,2016-05-31 04:17:37.572020409,4,-73.99068099707456,40.77951254168287,-73.95598468918719,40.78796038558798,N,757
demo_002451,2,2016-06-09 05:56:00,2016-06-09 06:08:24.384930592,2,-73.98685837919032,40.80193054458467,-73.98134149278124,40.77361030111463,N,744
demo_002452,1,2016-01-18 02:38:00,2016-01-18 02:55:10.880987126,4,-73.91626464443092,40.76878612810538,-73.93149402804455,40.74134553427191,N,1030
demo_002453,1,2016-03-25 14:12:00,2016-03-25 14:39:43.835398496,2,-74.00971246362342,40.74240121553814,-73.91093855118834,40.74281383977515,N,1663
demo_002454,1,2016-05-29 09:45:00,2016-05-29 10:07:01.920202639,6,-74.0445958864743,40.68512155647296,-74.07930274554097,40.710285432093094,N,1321
demo_002455,1,2016-03-26 16:42:00,2016-03-26 17:04:23.817875781,1,-73.97373879609535,40.76047063513961,-73.94289576178514,40.729393907603715,N,1343
demo_002456,1,2016-05-31 06:50:00,2016-05-31 07:04:15.162507791,5,-73.93657212387104,40.758901956779326,-73.92492465278836,40.78896400900974,N,855
demo_002457,2,2016-06-17 09:32:00,2016-06-17 09:37:22.553898897,5,-73.968752878916,40.76440250637387,-73.97094168939226,40.761928400471035,N,322
demo_002458,2,2016-03-26 10:33:00,2016-03-26 10:44:59.895444462,6,-73.98936570458963,40.83171841041962,-73.98288500169895,40.806601839024424,N,719
demo_002459,2,2016-01-11 16:58:00,2016-01-11 17:10:55.230533564,2,-74.05017770179107,40.80142087911676,-74.06803523740872,40.78879323759929,N,775
demo_002460,2,2016-03-02 05:01:00,2016-03-02 05:21:21.937543350,5,-73.98762661603708,40.78547713213875,-73.97267967202349,40.83268808682126,N,1221
demo_002461,2,2016-02-08 17:34:00,2016-02-08 17:57:21.344501048,1,-73.92950802831577,40.7243273004475,-73.91841917130716,40.68684554036077,N,1401
demo_002462,1,2016-03-26 08:10:00,2016-03-26 08:50:06.854955774,5,-74.04053526866926,40.740045183778115,-73.94681740586688,40.72028407396757,N,2406
demo_002463,1,2016-04-15 10:31:00,2016-04-15 10:46:53.793605032,3,-73.99601362282115,40.754680438757504,-73.95853484529322,40.78040019554265,N,953
demo_002464,1,2016-03-24 12:02:00,2016-03-24 12:10:12.882671028,5,-74.00243681294712,40.73086075065964,-73.9843809159227,40.736705090832885,N,492
demo_002465,1,2016-02-05 04:30:00,2016-02-05 04:44:08.681566200,5,-74.0163967056787,40.77551625837448,-73.99625214301287,40.75415275628151,N,848
demo_002466,2,2016-02-24 05:01:00,2016-02-24 05:22:58.626934735,3,-73.97384346479664,40.77049180972255,-73.90945964685429,40.7965412271044,N,1318
demo_002467,1,2016-05-02 07:33:00,2016-05-02 07:55:29.859117742,3,-73.96505126414348,40.719909227243086,-73.9990161939094,40.74724121203865,N,1349
demo_002468,1,2016-01-05 20:34:00,2016-01-05 20:43:13.006147424,5,-73.9655227892843,40.79988858481837,-73.97191843531596,40.80883613286836,N,553
demo_002469,2,2016-02-08 12:52:00,2016-02-08 13:13:47.415827910,6,-74.02895643936267,40.76158086168331,-74.09570629833144,40.745046153818556,N,1307
demo_002470,1,2016-06-09 14:54:00,2016-06-09 15:03:32.746297213,3,-74.05906926624502,40.697482509864024,-74.03951218176935,40.68510828512849,N,572
demo_002471,1,2016-01-18 20:21:00,2016-01-18 20:32:02.370949217,6,-73.97319252035612,40.75620299995793,-73.94350643908707,40.76388925372098,N,662
demo_002472,2,2016-03-15 15:42:00,2016-03-15 16:00:24.137765746,3,-74.00776635686672,40.7678422259573,-74.04261235869494,40.732420141304544,N,1104
demo_002473,1,2016-02-07 06:10:00,2016-02-07 06:31:05.968899985,6,-73.90227594291409,40.79204773265025,-73.85204814228406,40.82789792444085,N,1265
demo_002474,2,2016-01-19 20:05:00,2016-01-19 20:24:35.271781880,4,-73.90019706367933,40.74618832589057,-73.9253578634212,40.79209397128482,N,1175
demo_002475,1,2016-03-17 02:12:00,2016-03-17 02:18:55.255845708,5,-73.89541895925218,40.78697783936065,-73.90740534306777,40.780607058414965,N,415
demo_002476,1,2016-04-03 20:37:00,2016-04-03 20:45:05.547575468,5,-74.02730499054657,40.76454996953696,-74.02312018349987,40.77416479083259,N,485
demo_002477,1,2016-02-01 16:55:00,2016-02-01 17:25:55.734562985,5,-73.9593783910966,40.711973088683685,-73.90358151840002,40.743989743840615,N,1855
demo_002478,1,2016-01-15 00:04:00,2016-01-15 00:26:44.859802573,6,-73.94580713672369,40.70846916292812,-73.97584406035652,40.76126930556944,N,1364
demo_002479,2,2016-01-25 05:52:00,2016-01-25 06:08:45.989923285,3,-73.9508740594905,40.79728959545523,-73.9406804101027,40.83932809151348,N,1005
demo_002480,2,2016-04-27 06:40:00,2016-04-27 07:01:37.823185822,5,-74.00094790748872,40.79985944624337,-73.973828586071,40.75299993338268,N,1297
demo_002481,1,2016-06-03 20:25:00,2016-06-03 20:33:32.744898495,5,-73.92743757936655,40.76930182306417,-73.90754112363777,40.760781873479324,N,512
demo_002482,1,2016-02-02 10:51:00,2016-02-02 11:00:54.154881387,4,-73.98497862561351,40.8103497352413,-73.96378958945617,40.82386831803135,N,594
demo_002483,2,2016-02-27 16:06:00,2016-02-27 16:21:25.848177094,2,-73.9792352243779,40.79498134471646,-73.95258271660181,40.78163747770011,N,925
demo_002484,2,2016-03-02 21:16:00,2016-03-02 21:38:42.263745151,3,-74.05420250532997,40.78192700553179,-74.07361780069115,40.83006170764788,N,1362
demo_002485,2,2016-03-05 22:28:00,2016-03-05 22:53:50.748651912,2,-73.95598557636922,40.72610409789432,-73.89691328383016,40.770097227559994,N,1550
demo_002486,2,2016-02-13 23:22:00,2016-02-13 23:34:11.211716953,1,-73.99671852711076,40.81860000628613,-74.00060875604679,40.79656989247215,N,731
demo_002487,1,2016-01-10 22:46:00,2016-01-10 22:52:24.528834162,6,-73.96408495120548,40.776770550127296,-73.97261963830987,40.772385749589844,N,384
demo_002488,2,2016-04-04 12:40:00,2016-04-04 12:56:39.515855751,5,-73.97441988350879,40.744495642888594,-73.9272529909628,40.724257681211476,N,999
demo_002489,1,2016-03-05 07:50:00,2016-03-05 08:04:01.812190277,4,-73.97685785405012,40.73461054981432,-73.99892769439082,40.729342081823454,N,841
demo_002490,2,2016-03-02 14:33:00,2016-03-02 14:39:29.250430298,3,-73.987057110761,40.76698743235299,-73.97584737408654,40.76090075892099,N,389
demo_002491,1,2016-02-17 15:58:00,2016-02-17 16:13:06.188035848,1,-73.94960301194028,40.69951293203066,-73.97490222378012,40.72527789572882,N,906
demo_002492,1,2016-06-16 06:44:00,2016-06-16 07:11:46.860297453,3,-73.99395016415983,40.782488564637355,-73.90577691061925,40.75850001871654,N,1666
demo_002493,1,2016-04-19 21:17:00,2016-04-19 21:51:03.923907281,2,-74.05048388387539,40.724625021485714,-73.96968097578996,40.65397278215191,N,2043
demo_002494,1,2016-03-16 08:44:00,2016-03-16 09:07:39.593369824,4,-73.95939699771317,40.770971283808855,-73.96325543206345,40.72764862058852,N,1419
demo_002495,2,2016-02-06 23:17:00,2016-02-06 23:32:06.154773450,3,-74.02140524862102,40.739743288192464,-74.00321024754851,40.71197914464938,N,906
demo_002496,2,2016-05-24 04:51:00,2016-05-24 05:00:53.541357644,6,-74.04459178292069,40.74874534505464,-74.04440978974404,40.73104167215172,N,593
demo_002497,2,2016-06-08 21:44:00,2016-06-08 21:53:05.866163384,6,-74.03100095003641,40.73150815445322,-74.04320193213071,40.736561863269834,N,545
demo_002498,2,2016-01-06 19:37:00,2016-01-06 19:55:27.334479095,4,-73.97225004292893,40.752356969908675,-73.96806294046023,40.723202534459396,N,1107
demo_002499,1,2016-06-16 08:09:00,2016-06-16 08:28:55.471570907,6,-73.98934334613926,40.82412828411061,-73.99076439637206,40.791428568173586,N,1195
demo_002500,2,2016-05-05 21:29:00,2016-05-05 21:44:35.332089537,2,-74.08097073633527,40.80647708694671,-74.12,40.7813820066701,N,935
demo_002501,1,2016-01-18 23:16:00,2016-01-18 23:30:26.764232696,1,-74.00226451743737,40.770406763424845,-73.99305870118258,40.74028410539353,N,866
demo_002502,2,2016-05-15 13:38:00,2016-05-15 13:46:52.594945047,4,-73.93238459487614,40.75711470070523,-73.93386484541408,40.742143369609245,N,532
demo_002503,2,2016-01-20 07:58:00,2016-01-20 08:11:05.121739729,1,-74.005308305192,40.78754704167425,-73.99438128920983,40.77142028198509,N,785
demo_002504,2,2016-01-10 03:43:00,2016-01-10 03:53:06.677928700,6,-73.99244644490425,40.797548963793766,-73.99515956712601,40.816153497852056,N,606
demo_002505,2,2016-01-21 18:12:00,2016-01-21 18:29:29.811017381,1,-73.93806538532027,40.72895635662274,-73.95067726304202,40.70223906322586,N,1049
demo_002506,2,2016-03-23 18:28:00,2016-03-23 18:43:51.646881792,6,-73.9492029833808,40.75528963963288,-73.91858113127115,40.74563453066797,N,951
demo_002507,1,2016-04-21 12:32:00,2016-04-21 12:42:09.117963043,5,-73.93902120105567,40.69423146196512,-73.92036149692588,40.67951584960736,N,609
demo_002508,1,2016-03-14 07:38:00,2016-03-14 08:03:25.094443015,2,-74.1,40.797308573859134,-74.05113834450225,40.81914846821215,N,1525
demo_002509,1,2016-01-22 22:54:00,2016-01-22 23:08:14.490908877,4,-73.9069914632701,40.830275849019536,-73.88967592151357,40.82611030856706,N,854
demo_002510,1,2016-02-05 20:24:00,2016-02-05 20:36:35.114307506,4,-73.95636198040575,40.76080289186181,-73.96327820971928,40.789171703393585,N,755
demo_002511,1,2016-06-02 10:17:00,2016-06-02 10:31:51.946978959,5,-73.87423356136891,40.6836246456284,-73.85264666295245,40.652510650876266,N,891
demo_002512,1,2016-06-22 06:32:00,2016-06-22 06:54:13.804035336,3,-74.02020467138485,40.7793111680802,-74.08952613195821,40.77797826965246,N,1333
demo_002513,1,2016-05-15 18:27:00,2016-05-15 18:58:29.596310942,4,-74.0643552772542,40.726356879184785,-73.99072648114861,40.71080782172498,N,1889
demo_002514,2,2016-01-19 14:44:00,2016-01-19 14:58:46.645655218,3,-73.98467516944737,40.734782769541745,-73.97507186441516,40.701679524898836,N,886
demo_002515,2,2016-05-27 13:34:00,2016-05-27 13:56:03.161121098,1,-73.99739175483907,40.77993017364269,-73.92093579854468,40.778107375536095,N,1323
demo_002516,2,2016-05-04 13:23:00,2016-05-04 13:43:33.968705926,5,-73.95558512073734,40.76690939439295,-73.98601219782616,40.8136984438653,N,1233
demo_002517,2,2016-04-04 16:34:00,2016-04-04 16:55:08.467915308,2,-73.93662822449362,40.74091619286315,-73.97574581288511,40.71788765518415,N,1268
demo_002518,2,2016-01-26 18:47:00,2016-01-26 18:54:44.338248860,2,-73.98892823651957,40.735263802858945,-73.97612407127632,40.731822518349325,N,464
demo_002519,1,2016-06-28 09:38:00,2016-06-28 10:00:58.643609199,2,-73.99583186206158,40.76240426193273,-73.98314314606475,40.72697400820373,N,1378
demo_002520,2,2016-03-20 16:03:00,2016-03-20 16:26:31.671399344,4,-73.96147760812177,40.74366870566207,-73.94963904101648,40.70426955582066,N,1411
demo_002521,2,2016-01-08 22:50:00,2016-01-08 23:06:28.787095070,5,-73.99653478995616,40.7191767003239,-73.9900308728424,40.69792088743164,N,988
demo_002522,1,2016-02-07 19:03:00,2016-02-07 19:17:07.867439414,5,-74.00029919454036,40.74636028864826,-74.02228329517278,40.734210747334274,N,847
demo_002523,1,2016-03-13 05:27:00,2016-03-13 05:43:37.118172629,4,-73.93832892775961,40.76988574181394,-73.99031638055236,40.7589349997088,N,997
demo_002524,1,2016-01-12 05:15:00,2016-01-12 05:22:33.742538629,3,-73.92830999643934,40.751766378661316,-73.91839972695657,40.74566370325417,N,453
demo_002525,1,2016-02-28 07:24:00,2016-02-28 07:55:33.843689912,6,-73.93622151902616,40.708527199061315,-73.9811122390366,40.66402221776232,N,1893
demo_002526,1,2016-03-25 07:30:00,2016-03-25 07:52:45.359990131,3,-73.99257033707265,40.79261726174815,-74.0407655574935,40.77571671403746,N,1365
demo_002527,2,2016-06-19 18:08:00,2016-06-19 18:20:42.530148915,1,-74.08129050444889,40.662141599706985,-74.09461261739527,40.67568907848889,N,762
demo_002528,1,2016-01-16 13:08:00,2016-01-16 13:25:20.308720678,5,-73.99166927388768,40.74237721957401,-73.9765962094012,40.705704602605856,N,1040
demo_002529,2,2016-04-13 20:02:00,2016-04-13 20:23:03.590930898,6,-74.01910910057046,40.736293054090616,-73.94953752726649,40.7267041203298,N,1263
demo_002530,2,2016-06-13 20:05:00,2016-06-13 20:18:53.739352374,2,-73.99083762585548,40.763186260725504,-73.9565635502416,40.771093042243834,N,833
demo_002531,2,2016-05-25 02:44:00,2016-05-25 03:02:45.134652557,2,-74.01519909017229,40.777658163273095,-73.96503647462276,40.756536956378454,N,1125
demo_002532,1,2016-06-15 11:44:00,2016-06-15 11:54:30.879905545,3,-73.98593329349595,40.79743676828914,-73.96305513443194,40.80665792698548,N,630
demo_002533,1,2016-01-31 15:52:00,2016-01-31 16:10:09.073100942,3,-74.03176740331541,40.733065829432675,-74.01892752315239,40.69199541988928,N,1089
demo_002534,1,2016-05-24 05:48:00,2016-05-24 06:14:30.901752260,2,-74.04263228465233,40.778530381806675,-73.95492962363237,40.80251852027585,N,1590
demo_002535,1,2016-06-25 03:41:00,2016-06-25 03:59:16.330443250,1,-73.9299788832843,40.764853643575854,-73.97627882977054,40.774730263369385,N,1096
demo_002536,2,2016-02-28 16:27:00,2016-02-28 16:35:58.105307389,2,-74.02863459260155,40.69809612186859,-74.04309765367535,40.699599087763346,N,538
demo_002537,2,2016-03-30 18:07:00,2016-03-30 18:25:47.016405987,2,-73.98498507686347,40.8245189089402,-73.99671636879886,40.854888995650455,N,1127
demo_002538,1,2016-04-05 13:14:00,2016-04-05 13:26:48.800576238,2,-73.94204683190287,40.70764287054659,-73.91077233615533,40.698750445947205,N,768
demo_002539,1,2016-03-29 20:39:00,2016-03-29 20:57:50.434128493,2,-73.94385631431967,40.77268240453084,-73.97811350083869,40.75600028949437,N,1130
demo_002540,2,2016-02-22 03:51:00,2016-02-22 04:09:59.595430008,6,-73.94923183077881,40.77164859804692,-73.92251179451364,40.808707293717546,N,1139
demo_002541,2,2016-06-23 18:13:00,2016-06-23 18:41:41.428377060,2,-73.97137100684743,40.76764728738152,-73.95108326273551,40.81734796404186,N,1721
demo_002542,2,2016-06-21 04:03:00,2016-06-21 04:16:52.907146270,5,-73.95241985111583,40.74068980912435,-73.92395269089269,40.72196699105917,N,832
demo_002543,2,2016-03-09 12:45:00,2016-03-09 12:56:27.409926970,4,-73.92321103403272,40.78695384278992,-73.89537822739314,40.78388277538801,N,687
demo_002544,1,2016-05-24 22:51:00,2016-05-24 23:11:28.692400731,3,-73.96587398327021,40.703387138412,-73.91203279598807,40.731603287080056,N,1228
demo_002545,1,2016-03-12 13:18:00,2016-03-12 13:21:51.754488730,5,-74.06767410560664,40.75569599239642,-74.06939643680946,40.75358607734753,N,231
demo_002546,1,2016-05-23 01:34:00,2016-05-23 01:46:05.401802081,1,-74.00878399427675,40.738264386320665,-73.99022846744455,40.754318276056594,N,725
demo_002547,2,2016-04-15 06:07:00,2016-04-15 06:20:04.198478342,5,-73.9536633467725,40.73429457202766,-73.97944257176721,40.75536546915984,N,784
demo_002548,2,2016-03-25 15:07:00,2016-03-25 15:20:11.514717251,3,-74.01321931701692,40.773006172560876,-74.04698714237628,40.75782394902085,N,791
demo_002549,2,2016-01-24 01:11:00,2016-01-24 01:30:36.592135211,5,-73.91209522372436,40.79571174899519,-73.85032621626324,40.80703216490699,N,1176
demo_002550,2,2016-04-27 19:49:00,2016-04-27 20:04:48.092242717,6,-73.98784309226748,40.74598604833571,-74.01626724982498,40.74581884558394,N,948
demo_002551,2,2016-02-27 19:05:00,2016-02-27 19:26:16.866845894,5,-73.98116380528883,40.785323838147406,-73.95871788259548,40.75246838612578,N,1276
demo_002552,1,2016-02-09 00:49:00,2016-02-09 01:02:55.051875055,1,-73.93438651104942,40.759740923290565,-73.91580001306666,40.733020301837,N,835
demo_002553,1,2016-02-04 18:39:00,2016-02-04 19:03:47.863217172,6,-73.99322824537892,40.72675437267667,-73.95210391407711,40.709139115717974,N,1487
demo_002554,1,2016-06-25 17:42:00,2016-06-25 18:09:52.028497632,5,-73.97706753339223,40.748971676736566,-74.0351045560932,40.77404171270824,N,1672
demo_002555,2,2016-01-19 14:11:00,2016-01-19 14:26:30.436713769,1,-73.94453944322004,40.7475179938223,-73.91334719848092,40.77347466420476,N,930
demo_002556,1,2016-05-23 17:37:00,2016-05-23 17:50:43.461068910,2,-74.05125217771251,40.73361690306231,-74.05328329793704,40.753864551857,N,823
demo_002557,1,2016-06-04 21:44:00,2016-06-04 21:54:08.488571734,6,-73.99783841730743,40.77299690250296,-74.01883523645363,40.78487989149113,N,608
demo_002558,1,2016-01-06 14:08:00,2016-01-06 14:16:07.938764308,6,-73.94768810170794,40.76621261656967,-73.95646671461955,40.77735892686289,N,487
demo_002559,1,2016-04-16 01:54:00,2016-04-16 02:07:34.150752626,3,-73.98204799332458,40.70232726056057,-73.94576101577815,40.70982139269855,N,814
demo_002560,1,2016-04-13 22:23:00,2016-04-13 22:33:54.825116074,6,-73.91896997845652,40.70019659016663,-73.89337656035013,40.71120171066301,N,654
demo_002561,2,2016-03-05 13:27:00,2016-03-05 13:34:10.810914751,3,-74.05591655111841,40.772863955862206,-74.06039387214861,40.78569874562114,N,430
demo_002562,1,2016-04-30 00:12:00,2016-04-30 00:31:02.016201147,6,-74.06105007955757,40.7294649749922,-74.1009188408,40.691545576517555,N,1142
demo_002563,2,2016-03-14 13:27:00,2016-03-14 13:42:43.175899161,4,-73.95036410675198,40.768571440428516,-73.98776316764389,40.747234767488024,N,943
demo_002564,1,2016-03-20 03:28:00,2016-03-20 03:45:53.391306649,4,-73.94603867532803,40.785332605233826,-73.91968261973066,40.75755172137281,N,1073
demo_002565,1,2016-03-18 16:09:00,2016-03-18 16:34:22.307275781,1,-73.99369625030744,40.713516650690806,-74.03841723520534,40.743409565897466,N,1522
demo_002566,1,2016-05-24 02:54:00,2016-05-24 03:13:10.277976747,6,-73.96698225199795,40.708596196089836,-73.9711176590865,40.75325689888659,N,1150
demo_002567,2,2016-04-23 23:12:00,2016-04-23 23:48:15.398006575,2,-73.95146568600659,40.81660510888384,-73.85762816154829,40.758040815032714,N,2175
demo_002568,1,2016-03-09 05:28:00,2016-03-09 05:47:12.489739169,2,-74.02162384426333,40.77030497740369,-74.00553921492038,40.81255497192422,N,1152
demo_002569,2,2016-06-15 19:38:00,2016-06-15 19:51:28.290448970,3,-74.01680817687722,40.74332657701644,-73.9908294547374,40.74566805410179,N,808
demo_002570,1,2016-05-24 08:53:00,2016-05-24 09:15:41.289268657,5,-73.97646232193605,40.72531208415738,-74.01359855645137,40.75265551927467,N,1361
demo_002571,2,2016-06-16 21:36:00,2016-06-16 21:51:04.984712669,5,-73.94431599680478,40.74013457028825,-73.98727155477081,40.75380918346204,N,904
demo_002572,1,2016-05-11 11:45:00,2016-05-11 12:04:40.303600600,4,-74.03746806168611,40.71632996823604,-74.00961429038978,40.75522063468323,N,1180
demo_002573,1,2016-03-11 11:14:00,2016-03-11 11:22:36.245526968,6,-73.99390764343707,40.78891942609317,-74.00378996304839,40.794582471793824,N,516
demo_002574,2,2016-05-19 03:06:00,2016-05-19 03:24:33.569636298,5,-73.9959906484267,40.73081370962378,-73.95491389657197,40.694000439235836,N,1113
demo_002575,1,2016-02-29 06:24:00,2016-02-29 06:30:32.014618436,1,-73.96619184027307,40.79627371058757,-73.96118217695621,40.793420488725694,N,392
demo_002576,2,2016-02-18 18:24:00,2016-02-18 19:14:27.347044730,5,-73.9853914266504,40.74397798780805,-73.86091872915614,40.75790070105293,N,3027
demo_002577,2,2016-03-22 04:31:00,2016-03-22 04:39:11.270356632,2,-74.00956476127112,40.7214827435734,-74.02609595480709,40.71565179383197,N,491
demo_002578,1,2016-06-23 11:23:00,2016-06-23 11:33:10.778019654,4,-73.92881453986591,40.74307944441952,-73.91519493634428,40.76083820091765,N,610
demo_002579,2,2016-04-12 05:28:00,2016-04-12 05:39:29.569154070,4,-74.00926658667294,40.66615416278745,-74.0370616848635,40.664380333294154,N,689
demo_002580,1,2016-03-10 01:33:00,2016-03-10 01:47:13.472616050,3,-73.99814433633597,40.753773099816414,-73.95852153596313,40.737694348200314,N,853
demo_002581,1,2016-03-24 03:03:00,2016-03-24 03:17:29.205249415,3,-74.05661739361638,40.75204582831045,-74.03769945983078,40.72272441196104,N,869
demo_002582,2,2016-02-22 10:03:00,2016-02-22 10:15:37.888559268,2,-74.01711316445807,40.78686599612918,-74.04725480932757,40.776286980800776,N,757
demo_002583,1,2016-04-28 13:48:00,2016-04-28 13:56:32.976975497,2,-73.96177657656474,40.691979327520585,-73.96938154785872,40.69750276206249,N,512
demo_002584,1,2016-03-04 01:50:00,2016-03-04 02:18:40.627823951,6,-73.97057291196403,40.79866532263023,-73.9190586948915,40.74576174391532,N,1720
demo_002585,2,2016-04-09 19:00:00,2016-04-09 19:23:04.083858466,3,-73.95802173544703,40.78672097532492,-73.910711916759,40.765658912235615,N,1384
demo_002586,2,2016-03-07 13:36:00,2016-03-07 14:01:44.041475365,3,-73.96020579713245,40.801821524729455,-74.00620964450674,40.74791083952054,N,1544
demo_002587,2,2016-02-27 17:29:00,2016-02-27 17:42:13.407620313,5,-73.89105286836671,40.75615475183986,-73.90386180589734,40.73949373078245,N,793
demo_002588,1,2016-06-23 15:25:00,2016-06-23 15:49:48.871867219,2,-74.01865364723511,40.793486389193596,-73.95140476076472,40.82581388701935,N,1488
demo_002589,2,2016-03-03 05:33:00,2016-03-03 05:47:28.173389556,2,-74.05787406845457,40.706506458778264,-74.06022529147889,40.674481316471585,N,868
demo_002590,1,2016-01-13 16:38:00,2016-01-13 16:52:38.775087098,2,-74.03227488482322,40.78295666478216,-74.022355096814,40.80194197792042,N,878
demo_002591,2,2016-03-09 03:31:00,2016-03-09 04:02:42.336794421,1,-74.01666433261242,40.7310093033265,-73.97722171552932,40.807927581763934,N,1902
demo_002592,1,2016-04-05 18:51:00,2016-04-05 19:18:58.317418911,3,-74.02884471214776,40.7002009358652,-74.0719703718682,40.739446465409145,N,1678
demo_002593,2,2016-01-18 00:50:00,2016-01-18 01:02:20.677880238,1,-73.98078526185598,40.71865508186425,-74.01017467426601,40.72225994313481,N,740
demo_002594,2,2016-02-25 00:33:00,2016-02-25 00:44:46.696940067,3,-73.92863052924993,40.75819358985203,-73.93645999716252,40.781371320158534,N,706
demo_002595,2,2016-01-30 21:23:00,2016-01-30 21:43:53.192385623,4,-73.91571534171635,40.72914952771239,-73.87005351502141,40.69216809204659,N,1253
demo_002596,2,2016-03-31 02:48:00,2016-03-31 03:08:26.437288711,2,-73.9623061174169,40.77116257360935,-73.92311433022807,40.728680377967265,N,1226
demo_002597,2,2016-05-10 03:51:00,2016-05-10 04:01:55.296703271,2,-73.88864275030457,40.69471168557486,-73.85995092745303,40.69548653452,N,655
demo_002598,1,2016-06-23 07:50:00,2016-06-23 08:01:02.965253435,4,-74.00103678754549,40.68355158597345,-74.00240738574897,40.694314071187094,N,662
demo_002599,2,2016-03-11 00:53:00,2016-03-11 01:11:05.424945373,4,-74.05846335689012,40.806033560195026,-74.01542841607133,40.83558247586976,N,1085
demo_002600,1,2016-06-04 09:16:00,2016-06-04 09:30:13.604769715,5,-73.93760698694503,40.78963300452905,-73.93944957002437,40.77427642671122,N,853
demo_002601,1,2016-02-08 14:48:00,2016-02-08 14:58:18.169405318,6,-74.0677367476287,40.721274610743016,-74.04400786719566,40.72649628882078,N,618
demo_002602,2,2016-05-20 11:44:00,2016-05-20 11:57:20.216582429,2,-74.0189751360215,40.757895012478535,-73.98355377188268,40.76219102450546,N,800
demo_002603,1,2016-04-11 06:44:00,2016-04-11 07:03:11.879788929,2,-73.96159494954097,40.79368274710705,-73.8987062471781,40.790135106256486,N,1151
demo_002604,2,2016-05-16 11:18:00,2016-05-16 11:23:42.195008828,4,-73.9896071666022,40.77267202129018,-73.98807852706256,40.77071519963456,N,342
demo_002605,1,2016-05-15 23:55:00,2016-05-16 00:05:53.588897646,2,-73.99359287432922,40.763187808366425,-74.00278423206235,40.74011078679516,N,653
demo_002606,1,2016-04-05 20:06:00,2016-04-05 20:22:16.211315087,5,-74.0381355514769,40.796330392845945,-73.9893079137793,40.80388249287234,N,976
demo_002607,2,2016-02-16 08:03:00,2016-02-16 08:25:13.941337465,1,-73.9854861075245,40.73242506336796,-73.9339712672706,40.73769141283323,N,1333
demo_002608,2,2016-04-04 17:06:00,2016-04-04 17:16:58.573987850,3,-73.9398351880068,40.75909124570327,-73.95535329524046,40.747210928022454,N,658
demo_002609,1,2016-05-28 19:43:00,2016-05-28 20:03:11.149657198,6,-73.98410144375588,40.75737529765977,-74.01927762437113,40.77535120284241,N,1211
demo_002610,2,2016-06-23 17:14:00,2016-06-23 17:39:12.678956620,5,-74.02236016458384,40.748453328331514,-73.97619395826803,40.776204781219185,N,1512
demo_002611,1,2016-06-15 22:49:00,2016-06-15 23:07:55.783989643,4,-74.04113923072688,40.744356807100274,-74.09509968880272,40.762645967091615,N,1135
demo_002612,1,2016-02-02 15:56:00,2016-02-02 16:16:13.887019404,1,-74.021431756233,40.760550388324,-74.07717980623195,40.73240441868236,N,1213
demo_002613,2,2016-04-17 12:44:00,2016-04-17 12:50:48.321080798,5,-73.96734498114135,40.759204262359496,-73.97323531015965,40.76189469806477,N,408
demo_002614,2,2016-01-19 19:51:00,2016-01-19 20:07:07.775160834,3,-73.9695378981938,40.721305032511296,-73.96595250814329,40.69669638031398,N,967
demo_002615,2,2016-04-30 09:51:00,2016-04-30 10:10:49.468024971,6,-74.0210228195268,40.78606285684652,-74.0581211453465,40.78866983499662,N,1189
demo_002616,1,2016-06-27 14:53:00,2016-06-27 15:04:46.608246154,5,-74.0844841739892,40.723826517728185,-74.076718922146,40.699323026908644,N,706
demo_002617,2,2016-01-10 11:07:00,2016-01-10 11:22:06.125461265,6,-73.96609942563475,40.75036182944085,-73.95677297253248,40.784845239549426,N,906
demo_002618,1,2016-04-28 04:23:00,2016-04-28 04:35:48.345775579,1,-74.02539683295389,40.7476651834548,-74.04221040924578,40.76881513311834,N,768
demo_002619,2,2016-06-19 04:38:00,2016-06-19 05:05:14.051938311,6,-73.95399218844432,40.770533626443076,-73.88282094217344,40.80166433768732,N,1634
demo_002620,2,2016-06-01 11:50:00,2016-06-01 12:03:40.791985054,5,-74.01902493389575,40.6838313620924,-74.0039832915455,40.712227858527676,N,820
demo_002621,1,2016-03-11 15:32:00,2016-03-11 15:44:53.023088249,2,-74.02945552041514,40.789181843522535,-73.98995840413689,40.781875651310045,N,773
demo_002622,2,2016-01-19 16:56:00,2016-01-19 17:18:21.876368633,6,-73.97810726417332,40.734305337833575,-74.02907471877674,40.72281387475834,N,1341
demo_002623,1,2016-06-15 07:14:00,2016-06-15 07:49:10.385509434,4,-73.87890353464881,40.800698715317196,-73.93017299808459,40.8477252586921,N,2110
demo_002624,1,2016-06-14 20:06:00,2016-06-14 20:13:59.523584886,4,-73.95129365039975,40.741264227641935,-73.93519145902704,40.73680599708728,N,479
demo_002625,2,2016-04-14 05:10:00,2016-04-14 05:37:28.988853572,6,-73.97887013153574,40.75629047449931,-73.91395011240603,40.719716797152564,N,1648
demo_002626,2,2016-06-25 04:49:00,2016-06-25 05:04:47.327126136,4,-73.96885168086285,40.824982511402396,-74.00419943312689,40.85218411321137,N,947
demo_002627,2,2016-01-01 19:57:00,2016-01-01 20:04:12.543978653,4,-74.06380021376685,40.74829316269222,-74.0587820311393,40.75217510573534,N,432
demo_002628,1,2016-04-20 23:45:00,2016-04-21 00:07:00.358971055,6,-74.03550531668387,40.80135974596357,-74.07873368524824,40.842020237311004,N,1320
demo_002629,1,2016-01-07 22:30:00,2016-01-07 22:38:51.337220925,5,-74.09799179892713,40.75936657799476,-74.12,40.76592675930024,N,531
demo_002630,2,2016-06-17 10:11:00,2016-06-17 10:15:37.004829868,4,-73.90715567474405,40.77253965906027,-73.90039677858576,40.77199961890191,N,277
demo_002631,1,2016-05-02 11:24:00,2016-05-02 11:42:05.863609010,6,-73.91626762868799,40.7604485506294,-73.93350902115569,40.80165381246631,N,1085
demo_002632,2,2016-06-13 10:00:00,2016-06-13 10:22:43.637459314,6,-73.96732316632033,40.787674806920506,-74.01301650293126,40.74613621560451,N,1363
demo_002633,1,2016-04-11 06:43:00,2016-04-11 07:00:15.003006535,4,-73.97891982036121,40.734006393550146,-74.02539693953273,40.71820161132587,N,1035
demo_002634,1,2016-01-15 23:41:00,2016-01-16 00:03:02.865445837,1,-74.0548215501124,40.72355830169433,-74.12,40.699599501454244,N,1322
demo_002635,2,2016-01-05 18:37:00,2016-01-05 19:09:53.935243685,5,-73.99486849821128,40.73564983333681,-73.97818806509876,40.67638267931533,N,1973
demo_002636,2,2016-03-01 09:40:00,2016-03-01 09:56:21.201136033,2,-73.90434236547182,40.76148986317135,-73.88342702958172,40.7850656267278,N,981
demo_002637,1,2016-05-13 19:44:00,2016-05-13 19:57:40.337474387,4,-73.97908628008119,40.75027134250574,-73.95834690980203,40.7352210453282,N,820
demo_002638,2,2016-01-28 04:27:00,2016-01-28 04:41:15.077868373,3,-74.01040909097954,40.7828596206765,-74.04223024390483,40.807304557800954,N,855
demo_002639,1,2016-06-02 09:16:00,2016-06-02 09:34:09.408442914,3,-74.06411317970016,40.803665609493756,-74.02890488453006,40.81417094475709,N,1089
demo_002640,2,2016-02-13 02:34:00,2016-02-13 02:45:17.762753908,6,-73.92288624225212,40.72384565819678,-73.89814898888923,40.74023850479573,N,677
demo_002641,1,2016-03-30 08:31:00,2016-03-30 08:42:43.649275522,2,-73.98815377104624,40.732311792293515,-73.98789846681366,40.72001600631082,N,703
demo_002642,1,2016-02-06 13:18:00,2016-02-06 13:29:02.283344702,1,-74.06405302340133,40.707731620359056,-74.0695420294154,40.68709692047146,N,662
demo_002643,2,2016-03-24 20:04:00,2016-03-24 20:12:58.494378692,4,-74.02659195569322,40.829063054676574,-74.04931099710947,40.83148659830751,N,538
demo_002644,1,2016-03-22 09:23:00,2016-03-22 09:40:38.763869428,4,-74.04248921078111,40.76866343246927,-74.03576354659361,40.79348097341859,N,1058
demo_002645,2,2016-01-01 23:38:00,2016-01-01 23:55:13.999896459,6,-73.99092845865704,40.77479308120181,-73.9343247854709,40.77343276705375,N,1033
demo_002646,1,2016-04-12 04:56:00,2016-04-12 05:10:49.700023134,1,-73.97566974636742,40.711092706523914,-73.93584476482084,40.692140425812845,N,889
demo_002647,1,2016-05-21 14:19:00,2016-05-21 14:33:11.131066760,6,-74.00764476789253,40.75795905038476,-74.01661213271954,40.72558556191701,N,851
demo_002648,1,2016-06-17 12:42:00,2016-06-17 12:52:33.938187114,6,-73.95003290315809,40.77582367945446,-73.93118115199599,40.78133608086821,N,633
demo_002649,1,2016-02-29 12:41:00,2016-02-29 12:59:01.947530485,2,-73.98145389917875,40.749153480831296,-74.02000395091201,40.734193657388225,N,1081
demo_002650,1,2016-06-07 12:07:00,2016-06-07 12:16:17.819224216,5,-73.93719594266275,40.79564969686893,-73.91164359145357,40.793712701009404,N,557
demo_002651,1,2016-06-07 04:15:00,2016-06-07 04:33:16.358062724,6,-74.00107373351364,40.8389140893975,-74.03015373350692,40.832467062276784,N,1096
demo_002652,1,2016-06-26 21:48:00,2016-06-26 22:00:03.824600356,1,-73.84796034835949,40.72485280105172,-73.82380140371477,40.712853164735236,N,723
demo_002653,2,2016-03-08 03:37:00,2016-03-08 04:06:50.577075178,1,-74.01040199255633,40.72222694639082,-73.90648446588972,40.730159642531326,N,1790
demo_002654,1,2016-06-02 03:51:00,2016-06-02 04:02:43.013378466,4,-74.02564984962902,40.7272785377065,-74.04560028476047,40.742250147978396,N,703
demo_002655,1,2016-04-11 17:08:00,2016-04-11 17:58:39.529528761,4,-74.03118352475431,40.81421697060058,-73.92888540893098,40.86727950210616,N,3039
demo_002656,2,2016-01-11 11:43:00,2016-01-11 11:54:16.696676490,6,-73.99449233269495,40.79448243609604,-73.97732009062254,40.81494756439252,N,676
demo_002657,2,2016-02-18 15:52:00,2016-02-18 16:13:18.448718858,6,-74.06237912408896,40.75325652637723,-74.08861602125313,40.79628594927303,N,1278
demo_002658,2,2016-04-30 23:15:00,2016-04-30 23:29:07.061881758,1,-73.97174467202775,40.75927958825403,-73.99958563786346,40.737177378226185,N,847
demo_002659,1,2016-01-29 21:44:00,2016-01-29 22:12:09.762369302,6,-74.07073866963042,40.729420973083116,-73.98796522335572,40.68619546427349,N,1689
demo_002660,1,2016-03-19 06:02:00,2016-03-19 06:11:06.817104521,6,-73.97772480841742,40.78915095052101,-73.96047020445282,40.78876133361657,N,546
demo_002661,2,2016-05-19 11:36:00,2016-05-19 11:51:34.206783960,4,-74.04580632848433,40.7447034361562,-74.06562167845014,40.76787017174823,N,934
demo_002662,1,2016-01-27 22:57:00,2016-01-27 23:08:01.769971054,3,-74.0021582033321,40.74889732111908,-74.0092793247186,40.767828687509386,N,661
demo_002663,1,2016-03-30 09:16:00,2016-03-30 09:35:43.643707040,4,-73.95779568203905,40.77930764200352,-73.94271852981923,40.812014944456344,N,1183
demo_002664,1,2016-02-08 16:11:00,2016-02-08 16:48:26.373472428,4,-73.88131830422556,40.75142017716709,-73.88162352785801,40.682933452474494,N,2246
demo_002665,2,2016-04-06 13:37:00,2016-04-06 13:52:56.010898074,3,-74.03351002343516,40.74977619022758,-74.02140355331557,40.78360656638945,N,956
demo_002666,2,2016-02-13 07:52:00,2016-02-13 08:19:38.319759247,1,-73.99176428522419,40.75837013219352,-73.9296879038413,40.76742762310712,N,1658
demo_002667,2,2016-06-22 18:35:00,2016-06-22 19:02:28.041957807,5,-74.0175691403649,40.78583743948276,-74.05704811362459,40.74414907916439,N,1648
demo_002668,2,2016-01-14 19:20:00,2016-01-14 19:35:19.287618513,2,-74.02414416451523,40.815627257641935,-74.0015821030435,40.83516253650361,N,919
demo_002669,1,2016-06-22 10:39:00,2016-06-22 10:44:04.867851375,2,-74.01717379984863,40.77849201812862,-74.0197252160125,40.783068047703104,N,304
demo_002670,1,2016-05-22 12:53:00,2016-05-22 13:03:43.206564828,3,-73.94791700859633,40.786115997826855,-73.96538359570839,40.79640918888846,N,643
demo_002671,1,2016-06-03 00:22:00,2016-06-03 00:39:54.591456485,1,-74.00696251389037,40.751005107826465,-73.96943641801772,40.77798105488498,N,1074
demo_002672,1,2016-06-02 06:31:00,2016-06-02 06:49:48.542699071,3,-73.8837809285778,40.7332270747891,-73.93493082579177,40.74484450973673,N,1128
demo_002673,1,2016-02-03 18:28:00,2016-02-03 19:08:21.548859215,6,-73.96628093348474,40.780889518128234,-74.04910610101993,40.741123240469555,N,2421
demo_002674,2,2016-06-16 14:18:00,2016-06-16 14:25:22.513195649,5,-74.03045047975283,40.76399342886102,-74.02259182423616,40.76013171957688,N,442
demo_002675,2,2016-04-16 23:15:00,2016-04-16 23:33:50.966299667,1,-74.00150173319653,40.70820799729376,-74.00633802409209,40.66453157768079,N,1130
demo_002676,1,2016-06-22 04:31:00,2016-06-22 04:48:04.625667012,2,-74.0210831145518,40.746517563180106,-74.0684327683186,40.764042233955195,N,1024
demo_002677,2,2016-06-07 01:35:00,2016-06-07 01:59:26.932500824,4,-73.9489969106174,40.75509860417815,-74.00886624798387,40.79284380070092,N,1466
demo_002678,1,2016-04-14 07:54:00,2016-04-14 08:26:25.416233888,6,-74.05874508454544,40.74013397465401,-73.99117291632703,40.706614771665095,N,1945
demo_002679,2,2016-03-08 09:41:00,2016-03-08 09:54:40.710062212,3,-74.04534281211961,40.809860745808976,-74.02913729244102,40.7917312242746,N,820
demo_002680,2,2016-01-22 02:40:00,2016-01-22 02:50:53.818145513,6,-74.01161957534372,40.77479436629158,-74.0109319750362,40.750970394621284,N,653
demo_002681,2,2016-01-19 04:46:00,2016-01-19 05:09:57.004326046,1,-73.95426739430877,40.8060611221261,-73.87743382249519,40.793805679783766,N,1437
demo_002682,2,2016-03-11 03:32:00,2016-03-11 03:44:46.167498508,6,-73.92951228763297,40.767219884157825,-73.89374010037568,40.778355309429195,N,766
demo_002683,1,2016-05-25 23:21:00,2016-05-25 23:39:43.449756676,1,-73.92287560141523,40.76084857427488,-73.86095091444632,40.74888570797815,N,1123
demo_002684,2,2016-03-31 23:05:00,2016-03-31 23:19:50.172922757,5,-73.96115893160236,40.725219076383645,-74.00245731908643,40.74283739104652,N,890
demo_002685,1,2016-03-27 17:13:00,2016-03-27 17:40:10.128548452,1,-73.98873002913611,40.758417533661884,-74.03133876979047,40.787182787453936,N,1630
demo_002686,1,2016-02-14 00:02:00,2016-02-14 00:17:28.666553179,6,-73.94924183844587,40.758456887398644,-73.92764420521681,40.788204387454535,N,928
demo_002687,2,2016-04-11 14:10:00,2016-04-11 14:26:09.308501543,2,-74.03650252778442,40.7101510140588,-74.02199505515107,40.67996012448382,N,969
demo_002688,2,2016-04-24 20:29:00,2016-04-24 20:48:28.108816157,3,-74.06800957499073,40.73911653855804,-74.02427140374263,40.7765366200588,N,1168
demo_002689,1,2016-06-25 18:51:00,2016-06-25 19:23:45.905061584,4,-73.9653513090041,40.74668510905193,-74.02242891964005,40.78626906074359,N,1965
demo_002690,1,2016-05-11 07:04:00,2016-05-11 07:29:02.539225065,1,-74.0302555287717,40.772471784041954,-74.0056296192127,40.81439414218536,N,1502
demo_002691,1,2016-04-19 07:09:00,2016-04-19 07:26:18.550945616,4,-73.98793880294744,40.7741472539195,-73.95331440077773,40.76988625378712,N,1038
demo_002692,1,2016-06-12 19:31:00,2016-06-12 19:51:45.867724021,2,-73.97961678428572,40.73765385313122,-73.94685076194733,40.71735410635184,N,1245
demo_002693,1,2016-03-17 11:54:00,2016-03-17 12:08:19.275564067,3,-73.97383461983698,40.77441043608897,-73.98806892317924,40.747835923919006,N,859
demo_002694,1,2016-06-17 06:58:00,2016-06-17 07:12:57.085264993,2,-73.94279938076637,40.7516272374728,-73.92464784976052,40.72187918053528,N,897
demo_002695,1,2016-03-07 14:19:00,2016-03-07 14:32:05.232583646,6,-73.94755661652687,40.65756329913008,-73.97470461474566,40.65787894011003,N,785
demo_002696,2,2016-01-24 00:00:00,2016-01-24 00:13:11.182198875,3,-73.97622499697745,40.7410354288817,-73.9864781098421,40.76392742900694,N,791
demo_002697,2,2016-03-16 04:06:00,2016-03-16 04:24:11.238049202,5,-74.00489068762113,40.79576460240499,-74.04139345949656,40.83104168031164,N,1091
demo_002698,2,2016-01-24 04:16:00,2016-01-24 04:26:59.180660779,1,-73.98015070600957,40.69913679851803,-74.00670400653642,40.68602675637625,N,659
demo_002699,1,2016-01-22 07:29:00,2016-01-22 07:40:58.977310536,5,-74.01182946875038,40.761944192014546,-74.02026315024365,40.76089960880338,N,718
demo_002700,2,2016-06-07 14:49:00,2016-06-07 14:56:44.468457328,3,-73.99383930149028,40.813484142496485,-74.01102208765761,40.81067107855465,N,464
demo_002701,1,2016-05-23 01:19:00,2016-05-23 01:31:38.024537002,4,-73.86718219593888,40.731378546644635,-73.89373989644582,40.71422597989827,N,758
demo_002702,2,2016-02-09 19:38:00,2016-02-09 20:00:14.328512853,6,-73.97680146346023,40.75807521781497,-74.02228736028647,40.777940455118504,N,1334
demo_002703,1,2016-05-30 18:56:00,2016-05-30 19:26:27.712528914,5,-73.96473897423331,40.712359430997026,-73.89610062163725,40.72215633365585,N,1827
demo_002704,1,2016-01-13 09:39:00,2016-01-13 09:48:49.270114417,3,-74.01674662920637,40.81495308995823,-74.03426633221922,40.81878231568646,N,589
demo_002705,1,2016-02-21 04:35:00,2016-02-21 04:43:19.772179537,2,-73.93909669626065,40.755083358055124,-73.92754790118705,40.76475760491341,N,499
demo_002706,1,2016-05-07 02:21:00,2016-05-07 02:41:57.433947000,6,-73.95078774098015,40.759631939497794,-74.0123517594487,40.77624912319265,N,1257
demo_002707,1,2016-02-24 16:24:00,2016-02-24 16:46:22.200126134,2,-73.95046913504052,40.8054005162927,-73.90295141538869,40.82174731580922,N,1342
demo_002708,2,2016-05-11 11:46:00,2016-05-11 11:58:08.857236919,1,-73.97532989389609,40.78115174381259,-73.96947927112905,40.7585125149973,N,728
demo_002709,1,2016-06-06 09:07:00,2016-06-06 09:26:48.118591338,2,-73.93846144569049,40.72735299436262,-73.95399705469288,40.75155386517868,N,1188
demo_002710,2,2016-01-12 21:23:00,2016-01-12 21:31:43.300804725,1,-73.92777416615144,40.73534527265695,-73.94300410362467,40.742240157834324,N,523
demo_002711,1,2016-01-05 07:33:00,2016-01-05 07:50:19.401705334,5,-73.97226054862928,40.77532259565832,-73.94183120360746,40.76358795839385,N,1039
demo_002712,1,2016-06-18 04:48:00,2016-06-18 05:17:42.791538398,6,-73.99015755615501,40.7361557630728,-74.09351589616108,40.74247996474185,N,1782
demo_002713,1,2016-04-03 16:22:00,2016-04-03 16:36:55.257957007,3,-73.94474430544483,40.68389648407578,-73.97359107229964,40.693197375947356,N,895
demo_002714,1,2016-04-01 03:58:00,2016-04-01 04:10:45.193567048,4,-74.02568563879518,40.75613657204764,-74.02985357311123,40.785344731061066,N,765
demo_002715,2,2016-03-24 11:04:00,2016-03-24 11:17:36.743005091,6,-74.01730821262768,40.706192556860636,-74.02187960047078,40.67794635489154,N,816
demo_002716,1,2016-03-19 01:12:00,2016-03-19 01:42:35.256066128,6,-73.98739851542982,40.814569861374736,-73.89971259670108,40.8503444389234,N,1835
demo_002717,2,2016-05-04 05:20:00,2016-05-04 05:27:47.284568755,1,-74.06336106807971,40.76418756732171,-74.0751768395454,40.76481305894208,N,467
demo_002718,2,2016-04-14 08:30:00,2016-04-14 08:47:43.599570231,1,-73.94775821268965,40.72631887301398,-73.9131002679675,40.712652735243765,N,1063
demo_002719,2,2016-01-30 09:51:00,2016-01-30 10:18:46.664530286,3,-74.02833112493596,40.73354786548682,-73.9649231234072,40.71905539679068,N,1666
demo_002720,2,2016-04-22 19:04:00,2016-04-22 19:26:27.742348760,2,-74.00621709596759,40.69187108442441,-73.982745602965,40.66483415494916,N,1347
demo_002721,1,2016-04-30 07:11:00,2016-04-30 07:39:47.619917831,1,-73.99459758180559,40.71951883396269,-74.01818114430044,40.672514132101256,N,1727
demo_002722,2,2016-01-21 10:45:00,2016-01-21 11:02:56.648137898,1,-73.98323209302933,40.79357131208893,-74.02818915853888,40.81186110885863,N,1076
demo_002723,1,2016-03-08 19:29:00,2016-03-08 20:01:43.705663158,5,-74.00046439743903,40.83611251509224,-73.97437468754403,40.889596447903635,N,1963
demo_002724,2,2016-05-22 06:59:00,2016-05-22 07:23:05.121768982,2,-73.98803169712536,40.783423877961965,-73.93045581429739,40.7397482635434,N,1445
demo_002725,2,2016-04-21 08:50:00,2016-04-21 09:07:36.574437878,3,-73.98768324345757,40.75477851114827,-73.96857453511404,40.72911695741815,N,1056
demo_002726,1,2016-01-25 13:07:00,2016-01-25 13:23:19.923533433,1,-74.00511639309322,40.74288142185212,-73.96194570770545,40.76317416795904,N,979
demo_002727,1,2016-01-08 05:12:00,2016-01-08 05:38:17.190767346,4,-74.01979375059375,40.72452264652483,-73.92907560392291,40.72329044999071,N,1577
demo_002728,1,2016-04-14 14:49:00,2016-04-14 15:05:50.680704959,5,-73.936333673404,40.830091806476894,-73.90702557345033,40.85262112601832,N,1010
demo_002729,1,2016-03-24 02:39:00,2016-03-24 02:52:32.012612365,4,-74.079698256602,40.75139379543475,-74.11822040690478,40.748647341309734,N,812
demo_002730,1,2016-06-21 23:44:00,2016-06-21 23:55:11.465904200,2,-73.99425718215542,40.83204704405219,-73.99247005536277,40.816370101572,N,671
demo_002731,1,2016-04-04 00:07:00,2016-04-04 00:23:04.320796584,1,-74.00610047623479,40.80677318283635,-73.95814294446156,40.80067544584818,N,964
demo_002732,2,2016-06-16 16:01:00,2016-06-16 16:35:58.814886122,3,-73.9661543830973,40.69707212490288,-73.97486167578049,40.63275571050197,N,2098
demo_002733,1,2016-02-08 13:53:00,2016-02-08 14:12:31.225277111,5,-74.05044317584336,40.73469166614843,-73.99774348002491,40.70381758881592,N,1171
demo_002734,2,2016-03-21 12:29:00,2016-03-21 12:41:01.455968390,1,-74.00749034035596,40.73458342065392,-74.00983313178556,40.760186963757825,N,721
demo_002735,2,2016-01-26 03:10:00,2016-01-26 03:27:30.125130927,5,-73.98960618802954,40.7552053772563,-73.97790402829641,40.787386673049134,N,1050
demo_002736,2,2016-04-13 08:40:00,2016-04-13 09:05:05.357902099,6,-73.93684668753333,40.75588900114102,-73.94912262394537,40.793855484628516,N,1505
demo_002737,2,2016-02-03 22:12:00,2016-02-03 22:19:39.798380607,4,-73.97005167649421,40.86286836833894,-73.96446790458297,40.874771840693036,N,459
demo_002738,1,2016-03-29 14:34:00,2016-03-29 14:57:00.236485775,6,-74.0382569694891,40.72029702439339,-74.03082130951717,40.65938316478766,N,1380
demo_002739,1,2016-03-02 22:41:00,2016-03-02 22:59:26.052013655,2,-74.00693645234243,40.766013947748256,-74.06323541976701,40.7488687714602,N,1106
demo_002740,1,2016-02-03 10:21:00,2016-02-03 10:36:58.809033696,4,-73.94512768913027,40.77957777098638,-73.9605834543706,40.81534347425319,N,958
demo_002741,1,2016-01-18 10:13:00,2016-01-18 10:34:39.330173730,5,-74.03903486896654,40.75794497984358,-74.08219715200642,40.80176744428803,N,1299
demo_002742,2,2016-04-02 04:03:00,2016-04-02 04:19:13.289413524,5,-73.98853899207676,40.76185632022235,-74.00278779333534,40.798647809283544,N,973
demo_002743,1,2016-06-19 12:25:00,2016-06-19 12:36:20.342812701,5,-73.98541042036368,40.72143168869927,-74.01324115230196,40.71505287215049,N,680
demo_002744,1,2016-02-05 18:35:00,2016-02-05 18:59:23.278821192,2,-74.00236023769644,40.76172701681109,-73.9669464965282,40.72644946841358,N,1463
demo_002745,1,2016-03-13 21:34:00,2016-03-13 21:46:52.823563458,6,-73.86369116977404,40.77589896486611,-73.82787217197605,40.77480191193723,N,772
demo_002746,1,2016-02-10 10:18:00,2016-02-10 10:27:16.487537533,5,-74.00357291567514,40.76946602044949,-73.98396262027346,40.769865809941706,N,556
demo_002747,2,2016-05-25 14:44:00,2016-05-25 15:05:29.604780751,1,-73.96476056782845,40.77795703163692,-74.00912829092097,40.820227281779395,N,1289
demo_002748,2,2016-03-15 16:22:00,2016-03-15 16:29:16.770596604,4,-74.01948355040987,40.80744127652227,-74.02291826761235,40.81359164162557,N,436
demo_002749,2,2016-06-24 09:28:00,2016-06-24 09:51:59.207992679,6,-73.96125134036002,40.790793828967004,-74.00840307127233,40.791244220796784,N,1439
demo_002750,1,2016-02-14 03:07:00,2016-02-14 03:13:19.940838016,1,-73.94581455814166,40.76049531147241,-73.95096982664995,40.76247968047228,N,379
demo_002751,1,2016-01-15 12:46:00,2016-01-15 12:57:23.058321871,6,-74.01145838165357,40.71698845768409,-73.98879864080054,40.727784646087684,N,683
demo_002752,1,2016-04-14 20:29:00,2016-04-14 20:42:59.739833714,2,-73.98746158168484,40.73699981538511,-73.95273793038281,40.753913697708775,N,839
demo_002753,1,2016-04-27 07:12:00,2016-04-27 07:26:35.496286797,2,-74.02528758964509,40.75031290968289,-74.00873802235002,40.7307503989644,N,875
demo_002754,1,2016-06-27 08:00:00,2016-06-27 08:25:01.161191142,3,-74.03649817154225,40.766832104096956,-73.99245166680176,40.73827635344207,N,1501
demo_002755,2,2016-06-05 20:29:00,2016-06-05 20:46:08.240870141,5,-73.93834420553749,40.741258353347526,-73.92925273199468,40.77826343342545,N,1028
demo_002756,2,2016-06-08 03:36:00,2016-06-08 03:55:08.070039854,1,-74.00993004256476,40.72524933802855,-74.01810465208513,40.68094122307878,N,1148
demo_002757,1,2016-04-24 03:53:00,2016-04-24 04:13:43.807406253,2,-74.09361255478287,40.71641304588079,-74.06303443694338,40.760632227279324,N,1243
demo_002758,2,2016-03-05 18:24:00,2016-03-05 18:56:31.089734831,5,-73.90555897295779,40.70020877843306,-73.87383230945161,40.64862045360721,N,1951
demo_002759,2,2016-03-18 05:23:00,2016-03-18 05:34:30.979661803,2,-74.02109428953781,40.749776725367894,-74.03944029897914,40.73399411478146,N,690
demo_002760,2,2016-01-25 01:46:00,2016-01-25 02:00:23.420810017,3,-73.99608678696866,40.70656170952754,-73.9828224079187,40.732801766733296,N,863
demo_002761,2,2016-03-18 14:14:00,2016-03-18 14:19:46.701606230,4,-73.91115920725275,40.72298160105449,-73.92146017535454,40.72299083205961,N,346
demo_002762,2,2016-03-06 14:22:00,2016-03-06 14:46:17.900174816,2,-73.99137839423844,40.74421343445045,-74.06167921231545,40.70866856074888,N,1457
demo_002763,1,2016-01-07 11:04:00,2016-01-07 11:16:01.919589678,1,-73.99235014709909,40.7112428941713,-73.97694641987512,40.7227564543327,N,721
demo_002764,1,2016-02-06 19:18:00,2016-02-06 19:37:08.176756967,4,-74.04026778700478,40.771291326597456,-74.08557606336744,40.77310044382607,N,1148
demo_002765,2,2016-04-06 05:28:00,2016-04-06 05:34:32.303346446,1,-74.05856751648324,40.7839078072262,-74.04707966915656,40.77807450343827,N,392
demo_002766,2,2016-03-07 11:33:00,2016-03-07 11:51:14.342484350,3,-73.99248738190683,40.738770054307864,-74.04622310248247,40.72192415245672,N,1094
demo_002767,1,2016-06-27 20:06:00,2016-06-27 20:18:16.976553291,4,-73.96867356016664,40.742704044233655,-73.99386190786237,40.74176968224633,N,736
demo_002768,2,2016-03-27 03:14:00,2016-03-27 03:23:27.437473284,5,-73.97125135663052,40.77681004195487,-73.98642731469127,40.761098158432155,N,567
demo_002769,1,2016-06-21 13:36:00,2016-06-21 14:03:03.598780608,6,-74.00665674862111,40.73301017159679,-73.96459638166021,40.798742553655714,N,1623
demo_002770,1,2016-04-28 22:16:00,2016-04-28 22:24:23.652302214,6,-73.98408839902939,40.7306043130941,-74.0027614261289,40.724123849995046,N,503
demo_002771,2,2016-01-08 06:31:00,2016-01-08 06:44:32.378158912,1,-74.06767444978976,40.799877446736524,-74.10529843316607,40.789786008983405,N,812
demo_002772,1,2016-02-06 14:52:00,2016-02-06 15:01:53.280175871,3,-73.96429248406871,40.788946570854954,-73.95154040619893,40.774322394926784,N,593
demo_002773,2,2016-05-07 01:02:00,2016-05-07 01:22:45.581364105,1,-73.97773673698535,40.77905425008204,-73.98533081259103,40.82703192283867,N,1245
demo_002774,1,2016-04-08 02:54:00,2016-04-08 03:15:30.694283650,5,-73.89618525976176,40.7903975617488,-73.86851564013904,40.746142756045614,N,1290
demo_002775,1,2016-02-24 07:37:00,2016-02-24 07:53:35.353148368,1,-73.98466341591069,40.688795244612145,-74.02007921413144,40.69849992000343,N,995
demo_002776,2,2016-04-03 23:24:00,2016-04-03 23:29:26.978613346,5,-74.02742012084657,40.80538424413776,-74.02004023497167,40.7989234148971,N,326
demo_002777,2,2016-06-11 12:54:00,2016-06-11 13:23:16.613069093,1,-73.98728254103399,40.77172217408043,-73.90084770314854,40.733290371255094,N,1756
demo_002778,1,2016-03-10 23:13:00,2016-03-10 23:23:37.677584885,1,-73.99975099100071,40.7933773484402,-74.0081257545669,40.771262287587895,N,637
demo_002779,1,2016-01-09 02:53:00,2016-01-09 02:59:41.203788176,6,-73.96543814590534,40.77155066226908,-73.95890258156582,40.78010842010453,N,401
demo_002780,2,2016-02-25 23:20:00,2016-02-25 23:40:13.034627313,2,-73.98378985722236,40.75971236886381,-74.04192626625368,40.736373751933094,N,1213
demo_002781,2,2016-06-17 10:58:00,2016-06-17 11:09:19.718285667,3,-74.04169760154737,40.74836417756733,-74.0715518766271,40.75537240362927,N,679
demo_002782,1,2016-05-17 02:52:00,2016-05-17 03:10:46.469235561,4,-74.05860844796874,40.77085005319102,-74.04251822339724,40.81753719036555,N,1126
demo_002783,2,2016-05-30 17:53:00,2016-05-30 18:01:53.177017019,5,-73.97316913088152,40.74708882318834,-73.98471555186909,40.75169504147321,N,533
demo_002784,1,2016-06-13 02:08:00,2016-06-13 02:29:44.309878846,6,-73.92275984565188,40.78837566350228,-73.90125469203086,40.74913082658212,N,1304
demo_002785,2,2016-01-22 03:37:00,2016-01-22 03:49:20.162697492,3,-73.98142934521768,40.70247401744068,-73.9665564912148,40.679610518370815,N,740
demo_002786,2,2016-02-20 21:08:00,2016-02-20 21:28:02.708401159,4,-73.94840161907359,40.7390448448372,-73.99453264932932,40.73133888989108,N,1202
demo_002787,1,2016-01-11 18:26:00,2016-01-11 18:42:20.285367383,6,-73.93942358806083,40.82956881369669,-73.90388786816897,40.82005846548383,N,980
demo_002788,1,2016-01-01 20:27:00,2016-01-01 20:41:15.059141955,1,-73.97299436693923,40.73608718377497,-74.01648833995901,40.7401915575931,N,855
demo_002789,1,2016-05-30 05:56:00,2016-05-30 06:10:21.237314831,3,-74.02165211695376,40.74964606969278,-74.04842438365702,40.758082029128886,N,861
demo_002790,2,2016-06-17 15:36:00,2016-06-17 15:54:52.662537150,2,-73.97621113617295,40.72710966733275,-73.96817916412925,40.77383392212096,N,1132
demo_002791,2,2016-01-29 00:52:00,2016-01-29 01:10:02.787092325,6,-73.93068172005798,40.769754598551,-73.87583591477775,40.76965416759363,N,1082
demo_002792,1,2016-05-09 23:46:00,2016-05-10 00:03:30.066693819,4,-73.961154925268,40.732230728845025,-73.99629059759246,40.70112147877938,N,1050
demo_002793,1,2016-04-06 06:45:00,2016-04-06 06:59:03.393909561,4,-73.9513289595727,40.751503617281756,-73.94616000370303,40.782656382798464,N,843
demo_002794,2,2016-01-13 11:03:00,2016-01-13 11:19:40.143756538,2,-74.00581458087613,40.78771032876123,-74.00035386446707,40.82181199233432,N,1000
demo_002795,2,2016-06-13 20:01:00,2016-06-13 20:11:04.518657057,6,-73.99410591918854,40.733543280341486,-73.9710983199665,40.739819243879644,N,604
demo_002796,1,2016-06-05 19:45:00,2016-06-05 20:05:19.202881360,1,-73.99034272899051,40.78560138917428,-73.94890165975174,40.77894874050364,N,1219
demo_002797,1,2016-04-12 03:22:00,2016-04-12 03:35:45.617629438,3,-73.98731021011416,40.786778026044615,-74.00145284435423,40.80358677891344,N,825
demo_002798,2,2016-05-07 10:04:00,2016-05-07 10:18:24.837586706,5,-73.93244187577945,40.79492346331518,-73.89702715233524,40.78922430834583,N,864
demo_002799,1,2016-03-12 12:02:00,2016-03-12 12:26:56.440531929,6,-74.09062281777521,40.76291893482213,-74.04406155761629,40.70741479374514,N,1496
demo_002800,2,2016-05-22 17:03:00,2016-05-22 17:35:49.341843416,2,-73.98362577629382,40.87144406769419,-73.92118720503332,40.88665787333445,N,1969
demo_002801,1,2016-03-21 02:28:00,2016-03-21 02:41:46.768261023,3,-73.98857733690627,40.79490867937898,-73.97101002141602,40.81899946925729,N,826
demo_002802,1,2016-06-27 01:14:00,2016-06-27 01:30:43.212997083,1,-74.04671755136499,40.76937071685424,-74.04120725950266,40.80828007207448,N,1003
demo_002803,2,2016-01-12 08:39:00,2016-01-12 08:53:12.663342926,4,-73.95477047525357,40.72734264550714,-73.97138093183008,40.707612167547424,N,852
demo_002804,1,2016-01-31 23:41:00,2016-01-31 23:58:00.617596521,2,-74.01760250863752,40.75460293059441,-74.06866704426275,40.760709394122664,N,1020
demo_002805,1,2016-06-23 09:00:00,2016-06-23 09:08:02.419796623,4,-74.00106646922089,40.80792144419151,-74.01079484286393,40.814612032253535,N,482
demo_002806,1,2016-02-21 23:32:00,2016-02-21 23:36:06.188129144,1,-73.90180481415106,40.817833711546925,-73.89787299338313,40.82013904065893,N,246
demo_002807,1,2016-02-25 22:01:00,2016-02-25 22:05:24.974261524,3,-73.93955118577074,40.80974151851541,-73.94338341635589,40.81284263154914,N,264
demo_002808,1,2016-05-22 10:18:00,2016-05-22 10:26:04.235134646,3,-73.95914808773847,40.78548173073554,-73.93822795798995,40.786484403150716,N,484
demo_002809,2,2016-02-04 02:03:00,2016-02-04 02:19:30.737043426,4,-73.967865037941,40.71405189277966,-74.01876110254523,40.719769126622396,N,990
demo_002810,2,2016-04-02 10:29:00,2016-04-02 10:39:37.798869417,2,-73.99241060101004,40.7750506636239,-73.99877970047018,40.795049051541774,N,637
demo_002811,1,2016-02-21 11:43:00,2016-02-21 12:08:08.724243955,2,-73.89502802305834,40.71455091676815,-73.82521109023878,40.74749867993192,N,1508
demo_002812,2,2016-02-05 15:05:00,2016-02-05 15:20:40.674500193,5,-73.94890245658519,40.705938508231675,-73.91405650000262,40.68551753287295,N,940
demo_002813,2,2016-06-22 14:05:00,2016-06-22 14:14:03.405915664,6,-74.01872974612843,40.76637055396021,-73.99716309160598,40.761718417380926,N,543
demo_002814,1,2016-02-05 23:33:00,2016-02-05 23:41:38.271296401,2,-74.0480046025198,40.77631198065444,-74.034330719394,40.764901561417474,N,518
demo_002815,1,2016-01-17 23:18:00,2016-01-17 23:28:10.295971956,3,-73.95949228991049,40.78961819844683,-73.97228240491944,40.77434504480243,N,610
demo_002816,2,2016-05-01 07:24:00,2016-05-01 07:57:41.083678692,1,-73.98751411084453,40.775399768413514,-74.04890656965601,40.73176692020025,N,2021
demo_002817,2,2016-06-05 02:44:00,2016-06-05 02:52:52.191211964,1,-74.04930221751258,40.776605509500996,-74.03330271684816,40.77725951580903,N,532
demo_002818,2,2016-01-23 22:46:00,2016-01-23 23:11:36.198104798,3,-73.96571362254298,40.72353715952527,-74.05140861361312,40.73647880950299,N,1536
demo_002819,1,2016-05-07 09:53:00,2016-05-07 10:02:43.773635442,5,-73.99710622221401,40.75432581603604,-74.00850067740546,40.75013812273477,N,583
demo_002820,2,2016-04-07 08:13:00,2016-04-07 08:17:09.476252364,5,-73.96112007835126,40.7052509125028,-73.96124814998385,40.705009049300074,N,249
demo_002821,2,2016-05-29 09:40:00,2016-05-29 09:51:33.435245823,5,-73.96512169034386,40.687882080471,-73.98077335558311,40.69917987752454,N,693
demo_002822,1,2016-01-23 20:26:00,2016-01-23 20:54:37.303438819,1,-74.01237188096947,40.78392249484451,-73.93637347386473,40.82202272661393,N,1717
demo_002823,1,2016-06-24 15:52:00,2016-06-24 16:11:21.367429224,1,-73.95652198560092,40.73164064621732,-73.8926699881224,40.7203070039202,N,1161
demo_002824,2,2016-04-21 10:33:00,2016-04-21 10:51:16.441214925,2,-74.00740572871857,40.78853744757501,-73.97125731803987,40.75690392048799,N,1096
demo_002825,2,2016-05-31 14:06:00,2016-05-31 14:20:46.825707990,2,-74.00447968429314,40.7967921652258,-74.03686612110567,40.794350281256975,N,886
demo_002826,1,2016-03-06 03:40:00,2016-03-06 04:08:02.576201861,4,-74.00895221329796,40.73632389363819,-73.94170267685416,40.78718004774918,N,1682
demo_002827,1,2016-06-18 19:24:00,2016-06-18 19:44:52.036219130,4,-73.93410615074872,40.77866088830944,-73.9124422308899,40.74731657323187,N,1252
demo_002828,2,2016-04-22 17:53:00,2016-04-22 18:12:50.296496195,2,-73.99762575746244,40.734859514498524,-74.0305950455538,40.75241317827919,N,1190
demo_002829,1,2016-01-23 20:21:00,2016-01-23 20:34:48.920054100,5,-73.9232400568746,40.69339423938806,-73.92209496497924,40.72465789657876,N,828
demo_002830,2,2016-06-15 02:56:00,2016-06-15 03:22:30.752355456,5,-73.90474318084159,40.76231582915549,-73.87119306096776,40.69844640523185,N,1590
demo_002831,1,2016-05-23 05:48:00,2016-05-23 05:57:24.130323836,2,-74.01824236115844,40.741519414209954,-74.03920312058092,40.75259542234738,N,564
demo_002832,2,2016-02-24 00:52:00,2016-02-24 01:00:55.221414860,4,-74.1,40.74259688462946,-74.09508136058645,40.75888897183043,N,535
demo_002833,2,2016-04-08 05:19:00,2016-04-08 05:27:24.149478735,2,-73.9379970705528,40.8271370091246,-73.9269203973515,40.819918958687346,N,504
demo_002834,1,2016-03-10 20:25:00,2016-03-10 20:39:57.904233320,1,-74.00038873538121,40.70459500560436,-74.03891863243511,40.687141164454935,N,897
demo_002835,1,2016-04-07 19:54:00,2016-04-07 20:05:32.915925055,5,-74.02397838859093,40.77140048973801,-74.03343163826246,40.75545260621986,N,692
demo_002836,1,2016-06-22 18:25:00,2016-06-22 18:44:29.335841746,1,-74.01149231477689,40.723181746699936,-74.0473835049034,40.714310397311294,N,1169
demo_002837,2,2016-06-10 19:20:00,2016-06-10 19:37:11.468543655,2,-74.00366662196147,40.789789149324356,-73.97326324141174,40.781632556468786,N,1031
demo_002838,1,2016-02-08 19:07:00,2016-02-08 19:23:25.312234653,2,-73.92662631091878,40.76844509326613,-73.95840825081397,40.7551941131117,N,985
demo_002839,1,2016-06-23 22:11:00,2016-06-23 22:20:27.565574513,6,-73.97780399423071,40.77127705222132,-73.96759086458611,40.76197622039889,N,567
demo_002840,2,2016-03-19 19:55:00,2016-03-19 20:23:11.313045704,4,-73.92723806164513,40.72492886338392,-73.9758935152889,40.75708024262778,N,1691
demo_002841,2,2016-05-06 20:54:00,2016-05-06 21:12:57.546798163,5,-73.96276009463247,40.73120442303491,-74.00243038554241,40.698414846004205,N,1137
demo_002842,1,2016-05-17 13:26:00,2016-05-17 13:51:37.406736898,6,-73.99891538257778,40.79045376775711,-74.04028122489875,40.743229190328776,N,1537
demo_002843,1,2016-03-27 22:17:00,2016-03-27 22:32:29.047910682,6,-74.00256607414441,40.81997792026047,-74.01270120453022,40.8525611181558,N,929
demo_002844,2,2016-03-23 04:45:00,2016-03-23 04:50:37.167175828,4,-73.95972760621626,40.77481077360285,-73.9534142495173,40.769626294100654,N,337
demo_002845,2,2016-03-23 03:39:00,2016-03-23 03:47:18.301848434,3,-73.94808084668003,40.726590274773,-73.93531441134832,40.71610800287598,N,498
demo_002846,1,2016-06-04 06:12:00,2016-06-04 06:30:28.239329488,3,-73.94014432914346,40.769862848286174,-74.00217255875333,40.766859985945395,N,1108
demo_002847,2,2016-03-10 12:59:00,2016-03-10 13:06:01.357532630,1,-73.9967692330119,40.84296152155182,-74.00267161145294,40.848611992472854,N,421
demo_002848,2,2016-02-20 09:16:00,2016-02-20 09:34:26.894711589,4,-73.9771157364618,40.76158479837517,-74.00338576030165,40.747435415242975,N,1106
demo_002849,1,2016-03-06 02:06:00,2016-03-06 02:16:54.115306501,4,-73.9587181815835,40.80916443007878,-73.94002193433654,40.822824570525256,N,654
demo_002850,1,2016-02-05 01:53:00,2016-02-05 02:06:07.549243525,6,-74.00227842616715,40.73208847219565,-74.01164569775493,40.70610738270281,N,787
demo_002851,1,2016-03-11 11:18:00,2016-03-11 11:25:54.990592729,2,-74.03607230152113,40.75652698819273,-74.03890138671778,40.74837768139081,N,474
demo_002852,1,2016-01-21 12:49:00,2016-01-21 13:14:47.440414250,5,-74.0212821980016,40.779684782214396,-74.0473554108492,40.719887983321705,N,1547
demo_002853,2,2016-01-17 03:44:00,2016-01-17 04:08:18.481264325,2,-73.99584659491465,40.771906490789206,-73.93548392507898,40.803556893430525,N,1458
demo_002854,1,2016-05-10 07:01:00,2016-05-10 07:21:25.057762576,1,-73.95520067873508,40.73117639619611,-74.00012595854824,40.726422028389,N,1225
demo_002855,1,2016-01-14 22:31:00,2016-01-14 22:42:27.682282926,3,-73.92834601269925,40.729666889000434,-73.94233670236287,40.747759699477335,N,687
demo_002856,1,2016-04-12 06:38:00,2016-04-12 06:46:14.189132929,6,-74.04602212439306,40.79258995410859,-74.0422561785285,40.805457467883784,N,494
demo_002857,1,2016-05-20 09:02:00,2016-05-20 09:12:46.564919344,3,-74.01188052562685,40.79970427844276,-74.02067814180438,40.81454925051278,N,646
demo_002858,2,2016-05-10 09:45:00,2016-05-10 09:57:47.117170704,2,-74.00110381236784,40.81092502453427,-74.02784157176258,40.810715085262764,N,767
demo_002859,1,2016-03-21 07:02:00,2016-03-21 07:28:56.649710212,2,-73.9492377335462,40.821137566913855,-74.0126466573206,40.83161970651781,N,1616
demo_002860,1,2016-02-04 20:29:00,2016-02-04 20:42:30.805646147,5,-74.00876497409249,40.762711680271295,-74.03296778737369,40.73675700113077,N,810
demo_002861,1,2016-06-16 12:33:00,2016-06-16 12:50:37.452499394,2,-74.00433795507263,40.7471080264519,-74.03791642452516,40.71548620543369,N,1057
demo_002862,1,2016-05-30 07:53:00,2016-05-30 08:19:40.049151771,2,-74.04853966597176,40.80528468285725,-73.98976680522681,40.80255482265261,N,1600
demo_002863,2,2016-04-20 04:47:00,2016-04-20 05:11:17.890385852,2,-73.9632466707812,40.78295742486481,-73.88398231328027,40.764603462594124,N,1457
demo_002864,1,2016-01-16 14:48:00,2016-01-16 15:03:34.294017830,1,-73.99226295835685,40.723614065946634,-73.9940406670867,40.76210159862437,N,934
demo_002865,1,2016-01-07 07:57:00,2016-01-07 08:18:47.718529990,5,-74.01443202657408,40.72182275170684,-74.06359850548455,40.73195165129813,N,1307
demo_002866,1,2016-02-26 17:45:00,2016-02-26 18:01:53.062541975,2,-73.9966780951017,40.775217557047476,-73.97084655140176,40.75587255951422,N,1013
demo_002867,1,2016-01-29 08:30:00,2016-01-29 08:48:05.099011370,2,-73.9342852024131,40.751795386848066,-73.96862287960921,40.744463795008414,N,1085
demo_002868,2,2016-06-03 20:44:00,2016-06-03 20:52:59.417320778,2,-74.0302199108744,40.75707495158408,-74.0494408977502,40.76066612929776,N,539
demo_002869,1,2016-02-07 01:08:00,2016-02-07 01:17:34.714419830,5,-74.02287468339966,40.79553866776486,-74.04488441804108,40.793702587948836,N,574
demo_002870,2,2016-02-20 21:03:00,2016-02-20 21:12:35.691501378,6,-73.92864863986405,40.78456630007448,-73.94616633797119,40.79190344296371,N,575
demo_002871,1,2016-06-24 15:10:00,2016-06-24 15:18:34.878906294,5,-73.98159013273916,40.804545563694646,-73.99400534154134,40.80639923639513,N,514
demo_002872,1,2016-05-27 06:52:00,2016-05-27 07:15:38.871966143,4,-73.95486106564796,40.69039623627693,-74.00083363387448,40.65284850406824,N,1418
demo_002873,2,2016-02-09 08:48:00,2016-02-09 09:20:44.576457961,5,-73.96692116404974,40.76686892710274,-73.99149164220783,40.70879450378013,N,1964
demo_002874,2,2016-03-10 00:54:00,2016-03-10 01:07:30.511747965,2,-73.98659005485322,40.782314098283905,-73.95089200617801,40.77222665407182,N,810
demo_002875,2,2016-04-02 20:03:00,2016-04-02 20:11:27.532373754,6,-74.00067346036168,40.70456949501593,-74.00184795327478,40.71970279805359,N,507
demo_002876,2,2016-04-29 13:38:00,2016-04-29 13:45:54.748582392,4,-73.94757988898823,40.73507865255415,-73.94319390453612,40.725294688620934,N,474
demo_002877,2,2016-06-17 12:17:00,2016-06-17 12:42:21.338835773,6,-73.9326948544485,40.72858301931849,-74.0108235390108,40.761970250380436,N,1521
demo_002878,2,2016-06-05 19:15:00,2016-06-05 19:34:27.338156469,2,-73.93621152438428,40.7587594359871,-73.90303909633595,40.75749349510603,N,1167
demo_002879,1,2016-06-24 21:28:00,2016-06-24 21:46:14.960802933,1,-74.03834622351414,40.814974888904295,-74.06233941966985,40.8516191826391,N,1094
demo_002880,2,2016-01-08 07:35:00,2016-01-08 08:00:06.120922929,5,-73.926279004197,40.82879062916327,-73.88694010479414,40.85989202202341,N,1506
demo_002881,1,2016-02-12 13:04:00,2016-02-12 13:16:48.907547447,2,-74.00110708643889,40.72949993564244,-73.99570746829197,40.757884681002146,N,768
demo_002882,1,2016-04-11 08:09:00,2016-04-11 08:29:43.641980733,2,-74.01897632918951,40.776429503767275,-74.0386481992061,40.74393468964369,N,1243
demo_002883,1,2016-01-09 20:11:00,2016-01-09 20:28:44.079887222,5,-73.99261974635458,40.77755792482498,-74.05134238219887,40.77802072286026,N,1064
demo_002884,2,2016-03-04 23:04:00,2016-03-04 23:29:20.234797324,4,-73.9475992204138,40.771566902003016,-73.87147961190382,40.80458178616504,N,1520
demo_002885,2,2016-01-28 15:33:00,2016-01-28 15:45:53.306258446,5,-73.96067911171873,40.77196428721587,-73.93256545716207,40.77931759478434,N,773
demo_002886,1,2016-06-16 22:12:00,2016-06-16 22:23:54.325988716,2,-73.99649238853344,40.7686309875858,-73.96628478454433,40.78359870502077,N,714
demo_002887,2,2016-01-12 09:34:00,2016-01-12 10:11:24.357278857,1,-73.9473050359905,40.81706495422823,-73.88364606629965,40.779591996990106,N,2244
demo_002888,2,2016-01-27 17:06:00,2016-01-27 17:36:52.591381353,3,-73.97870627386582,40.79658632800288,-73.97086322843782,40.848393656129296,N,1852
demo_002889,2,2016-02-05 02:56:00,2016-02-05 03:14:15.195054420,6,-74.01078371594927,40.720894613584065,-73.96344971415091,40.6995275047148,N,1095
demo_002890,2,2016-01-27 17:55:00,2016-01-27 18:24:47.428886211,4,-74.01686158773313,40.78585023783082,-74.03361172175427,40.73200075900357,N,1787
demo_002891,2,2016-04-12 08:13:00,2016-04-12 08:28:20.824700392,6,-73.96653943200103,40.789233068107905,-73.94072418335186,40.77975267318663,N,920
demo_002892,1,2016-03-06 13:58:00,2016-03-06 14:25:26.092468071,6,-73.9887132981117,40.769023855050314,-74.01076668287158,40.702941791059246,N,1646
demo_002893,1,2016-06-13 05:46:00,2016-06-13 06:00:07.052224226,6,-74.04689773190361,40.7975998529676,-74.06453278974557,40.76830147405824,N,847
demo_002894,2,2016-02-16 22:44:00,2016-02-16 23:11:36.929246864,3,-73.94687773281187,40.76458259120047,-73.94348271267097,40.833662410694295,N,1656
demo_002895,2,2016-04-06 16:47:00,2016-04-06 17:07:32.179804344,2,-74.0066123762881,40.765016370237674,-74.05097133813669,40.75475526924509,N,1232
demo_002896,1,2016-04-28 19:35:00,2016-04-28 19:56:44.049525652,6,-73.9133546158405,40.7622434190637,-73.9018247680574,40.723693165528246,N,1304
demo_002897,2,2016-04-22 16:16:00,2016-04-22 16:22:57.259841506,4,-74.04813454933196,40.68736145699702,-74.05905308667757,40.6880444999343,N,417
demo_002898,2,2016-05-23 08:22:00,2016-05-23 08:55:35.348971375,2,-73.99313188683755,40.7551860562133,-74.06269650898511,40.73094535509743,N,2015
demo_002899,1,2016-02-06 08:03:00,2016-02-06 08:19:09.005731265,3,-74.01649899579976,40.73461122989409,-74.03251716180132,40.75795324828529,N,969
demo_002900,2,2016-04-01 08:12:00,2016-04-01 08:27:39.520195588,5,-74.02889401341697,40.71647432076326,-74.04097092802735,40.69245661171984,N,939
demo_002901,1,2016-05-24 02:31:00,2016-05-24 02:43:00.948937505,3,-74.00690558225412,40.808190639965886,-73.97705630598479,40.81550045013954,N,720
demo_002902,2,2016-06-04 08:13:00,2016-06-04 08:30:58.643074578,5,-73.90532445759334,40.775647263148706,-73.89534252925606,40.74467666915315,N,1078
demo_002903,2,2016-04-21 04:50:00,2016-04-21 05:20:36.240341033,2,-73.97854834234643,40.756955912166944,-73.92788680950062,40.82712967207629,N,1836
demo_002904,1,2016-04-27 08:10:00,2016-04-27 08:23:30.072739363,2,-74.02062686174588,40.73823188271142,-74.002423025899,40.751829723152156,N,810
demo_002905,1,2016-06-04 13:04:00,2016-06-04 13:13:54.736176568,1,-74.06728827846518,40.76836593546201,-74.08667691592339,40.76443727892998,N,594
demo_002906,1,2016-04-22 11:26:00,2016-04-22 11:31:44.483331734,6,-74.06246131458565,40.79270026326611,-74.06450389220232,40.78479039049907,N,344
demo_002907,1,2016-06-19 19:00:00,2016-06-19 19:11:49.774298714,6,-74.00914084148535,40.72905619547586,-74.02132252277725,40.71410899592813,N,709
demo_002908,2,2016-01-23 23:12:00,2016-01-23 23:24:14.582968276,2,-74.01351595928624,40.75783100697032,-73.99643690932227,40.73728634301552,N,734
demo_002909,1,2016-03-03 14:55:00,2016-03-03 15:05:12.954577437,4,-73.99508228178055,40.78838232745979,-73.99298850661934,40.7670956158529,N,612
demo_002910,2,2016-01-21 04:37:00,2016-01-21 04:57:20.569052233,5,-74.08724827101962,40.69023996048206,-74.10924785820818,40.73555483944453,N,1220
demo_002911,2,2016-01-17 07:18:00,2016-01-17 07:29:17.023698038,4,-73.98912567177709,40.755985058315815,-73.9888246552899,40.74106448145734,N,677
demo_002912,1,2016-03-25 22:47:00,2016-03-25 23:09:12.128656438,4,-73.93875216011838,40.74297480203084,-73.92261083682396,40.6854804915516,N,1332
demo_002913,2,2016-02-10 16:00:00,2016-02-10 16:25:11.245550620,2,-73.91197214386861,40.753315954978575,-73.94719689770918,40.721834826514815,N,1511
demo_002914,1,2016-03-14 06:55:00,2016-03-14 07:06:55.254400079,1,-74.07025007665627,40.74044300052699,-74.0591547699987,40.76549156526696,N,715
demo_002915,2,2016-03-19 19:28:00,2016-03-19 19:52:23.100264779,6,-74.02106267416576,40.76281686118226,-74.07631658253108,40.75600411165429,N,1463
demo_002916,1,2016-04-21 18:23:00,2016-04-21 18:44:36.299142148,6,-74.02344052374386,40.825326952714796,-73.9847455267339,40.821706749511115,N,1296
demo_002917,2,2016-06-19 05:23:00,2016-06-19 05:37:41.326499904,6,-73.97844253576135,40.746662713412505,-73.95999120738432,40.77824770360082,N,881
demo_002918,2,2016-06-01 21:21:00,2016-06-01 21:41:32.328516847,1,-74.03988976105444,40.7682098853183,-73.98286485480767,40.74722638741065,N,1232
demo_002919,1,2016-03-09 02:17:00,2016-03-09 02:36:37.523057342,5,-73.9092981538073,40.82781612464432,-73.94837902919944,40.84489140314186,N,1177
demo_002920,2,2016-02-28 14:31:00,2016-02-28 14:47:27.167779751,2,-73.98304148877413,40.73874945475696,-73.94337067826555,40.720716609712696,N,987
demo_002921,2,2016-05-18 17:44:00,2016-05-18 18:03:51.003279677,2,-73.99054158301847,40.82151363721252,-73.95778928079359,40.83706230640483,N,1191
demo_002922,1,2016-01-23 06:10:00,2016-01-23 06:16:52.019471147,3,-73.91332788197977,40.75818630523195,-73.91970600363204,40.74762565346117,N,412
demo_002923,1,2016-04-07 06:51:00,2016-04-07 07:01:32.962758840,2,-73.98572214308375,40.82036636790527,-73.99890466044067,40.81384454018417,N,632
demo_002924,2,2016-03-17 03:25:00,2016-03-17 03:39:48.606219754,4,-73.96698634670756,40.784257039373124,-74.0049664586847,40.80640064812593,N,888
demo_002925,2,2016-02-02 21:44:00,2016-02-02 22:02:19.210562229,4,-74.01878592229814,40.76874879269039,-74.06588926171843,40.788945462497814,N,1099
demo_002926,1,2016-04-20 23:03:00,2016-04-20 23:13:44.944066219,6,-74.04667259292745,40.75570292613397,-74.07296579410901,40.75123637052805,N,644
demo_002927,2,2016-02-27 17:34:00,2016-02-27 17:54:45.392122061,5,-74.01246627341769,40.736158549604234,-74.05641842090179,40.72342471051437,N,1245
demo_002928,1,2016-02-03 09:47:00,2016-02-03 10:19:31.713681189,5,-73.88658608724748,40.760652704248756,-73.8307358003218,40.80382968902976,N,1951
demo_002929,2,2016-04-27 13:47:00,2016-04-27 14:06:05.875330790,6,-73.95651405732708,40.7894076510657,-74.0090858746415,40.805319582976146,N,1145
demo_002930,1,2016-02-01 08:32:00,2016-02-01 08:40:41.371424878,3,-73.97264593233,40.757541099915116,-73.96743459059628,40.746980271081355,N,521
demo_002931,2,2016-05-01 02:43:00,2016-05-01 02:53:31.774226784,1,-74.02893680255833,40.74691820182284,-74.01368712311735,40.72928492401401,N,631
demo_002932,1,2016-01-30 04:14:00,2016-01-30 04:28:25.695682749,6,-73.94399371395572,40.74922261130378,-73.93148124083754,40.776894843991215,N,865
demo_002933,1,2016-03-19 06:09:00,2016-03-19 06:18:44.848083384,3,-74.04609619734411,40.79273668147541,-74.03051109598015,40.795852483798846,N,584
demo_002934,1,2016-05-25 10:31:00,2016-05-25 10:43:18.548051751,3,-74.05551754023571,40.8008806509285,-74.02239352912497,40.796464720060094,N,738
demo_002935,1,2016-02-11 03:44:00,2016-02-11 03:54:45.635948898,3,-74.01014992052967,40.73464973201811,-74.02575719621495,40.7377540617583,N,645
demo_002936,1,2016-05-18 04:09:00,2016-05-18 04:16:18.978456882,6,-73.89704790896174,40.73459942498934,-73.89398363636258,40.74371994060454,N,438
demo_002937,2,2016-05-09 22:38:00,2016-05-09 22:44:41.949904084,3,-73.89959475954234,40.77127756218835,-73.90986941249614,40.76974695520772,N,401
demo_002938,2,2016-06-11 11:28:00,2016-06-11 11:54:01.902318335,5,-74.00530566177127,40.81146362226651,-73.95971726607752,40.84396316767127,N,1561
demo_002939,1,2016-01-31 09:31:00,2016-01-31 10:06:48.894663719,5,-74.0153389558189,40.79810966079094,-73.94184364849728,40.832111799648665,N,2148
demo_002940,2,2016-05-08 17:18:00,2016-05-08 17:42:28.673539303,4,-74.0588162918252,40.71418517257371,-74.10060397343085,40.72854615179216,N,1468
demo_002941,1,2016-06-17 14:24:00,2016-06-17 14:55:34.921530914,4,-73.9814886173516,40.748757341050286,-74.05257714684275,40.78587475379367,N,1894
demo_002942,1,2016-05-17 08:14:00,2016-05-17 08:24:16.249742951,1,-73.97770942616053,40.72542887558587,-73.95778982124486,40.725658288325604,N,616
demo_002943,2,2016-02-03 19:44:00,2016-02-03 20:03:34.542398211,6,-73.94946996856113,40.74863706173297,-73.91200691761289,40.767275998868094,N,1174
demo_002944,2,2016-05-27 23:44:00,2016-05-28 00:06:16.102080817,3,-73.94401816190037,40.81415434986124,-73.87552395593667,40.84127467047078,N,1336
demo_002945,1,2016-01-20 07:35:00,2016-01-20 07:56:11.351828832,2,-73.9938839862949,40.7082089772926,-73.96805782400232,40.73572301085305,N,1271
demo_002946,2,2016-04-15 23:48:00,2016-04-16 00:07:47.677916509,2,-73.95997874563582,40.7013397147352,-73.91112641208177,40.72607169172414,N,1187
demo_002947,1,2016-03-30 13:50:00,2016-03-30 14:09:07.220115607,3,-74.0165287490531,40.729000604629825,-73.95842662340242,40.74604271287003,N,1147
demo_002948,1,2016-04-05 14:15:00,2016-04-05 14:39:26.805994679,4,-73.96083308599877,40.76805587109016,-73.90956586399169,40.820898330212394,N,1466
demo_002949,1,2016-04-03 12:27:00,2016-04-03 12:40:41.697771428,4,-74.0078254435183,40.779726418722426,-73.97698482566258,40.76515463252026,N,821
demo_002950,1,2016-01-06 15:58:00,2016-01-06 16:12:12.863147412,6,-73.96432436678148,40.773310695220154,-74.0092017014845,40.769119733956025,N,852
demo_002951,1,2016-04-01 11:23:00,2016-04-01 11:28:40.793826987,5,-73.96796744036216,40.799148989113085,-73.9682601053165,40.793357206243535,N,340
demo_002952,2,2016-06-17 14:44:00,2016-06-17 14:53:17.620128159,3,-73.98190383684373,40.696292004201815,-73.97140248517665,40.68635419129319,N,557
demo_002953,1,2016-03-19 14:24:00,2016-03-19 14:46:03.064147414,5,-73.94924571268282,40.79959177884257,-73.9527390498446,40.745894933670364,N,1323
demo_002954,1,2016-02-19 20:15:00,2016-02-19 20:33:01.925190576,5,-74.05566795821123,40.74707666379838,-74.05700166673594,40.784198013552505,N,1081
demo_002955,1,2016-06-28 01:36:00,2016-06-28 01:56:18.584184982,6,-74.03292122981995,40.78360230084317,-73.97806824759087,40.75589920844892,N,1218
demo_002956,2,2016-01-18 19:38:00,2016-01-18 19:51:10.765366538,1,-73.99715268530989,40.71168011006329,-74.02364179423898,40.71626511259944,N,790
demo_002957,2,2016-03-28 12:43:00,2016-03-28 13:00:45.238843276,4,-74.0499468524453,40.75817348439532,-74.02198001974497,40.7197832325981,N,1065
demo_002958,2,2016-04-02 06:25:00,2016-04-02 06:36:14.791391976,4,-74.00330890315496,40.76626947697062,-73.99223344628419,40.783028801700056,N,674
demo_002959,1,2016-03-27 00:43:00,2016-03-27 00:57:13.551065797,2,-74.00185836327849,40.79845128631245,-74.03187199690183,40.777245593342066,N,853
demo_002960,2,2016-06-14 21:51:00,2016-06-14 22:08:11.890984768,4,-73.9260642296,40.70251608820873,-73.96374528203887,40.671845116257785,N,1031
demo_002961,1,2016-03-16 22:01:00,2016-03-16 22:20:34.030096246,5,-73.97858598339688,40.75907633919872,-74.0381320109687,40.76432361273973,N,1174
demo_002962,2,2016-06-24 04:39:00,2016-06-24 04:49:22.592651869,1,-73.93867566907713,40.720016764810026,-73.92168047302891,40.701096931136995,N,622
demo_002963,2,2016-01-13 00:41:00,2016-01-13 00:50:14.032861271,6,-73.97142463765356,40.77569236154729,-73.97363820612259,40.76019006595296,N,554
demo_002964,2,2016-05-12 02:36:00,2016-05-12 02:47:45.846804319,6,-74.00910502720544,40.785202578775966,-74.03800723725462,40.78984089838636,N,705
demo_002965,1,2016-04-16 17:34:00,2016-04-16 18:04:34.463213967,2,-73.9789827436514,40.80305095848779,-74.04464642300667,40.82465067373592,N,1834
demo_002966,2,2016-02-13 07:09:00,2016-02-13 07:27:41.165741320,2,-73.95217581497305,40.73927396909921,-73.93703093340834,40.71717715592667,N,1121
demo_002967,2,2016-02-11 00:49:00,2016-02-11 01:01:40.812619885,2,-73.93129694031008,40.79045292699911,-73.93737739558608,40.76369073020134,N,760
demo_002968,2,2016-05-09 13:01:00,2016-05-09 13:11:38.273591030,1,-73.99095395283204,40.805631555561696,-74.01593322434682,40.806265614562115,N,638
demo_002969,2,2016-04-24 18:28:00,2016-04-24 18:46:42.596226716,1,-74.05913797897338,40.70048635605506,-74.09287937633616,40.71504617572203,N,1122
demo_002970,2,2016-04-20 00:15:00,2016-04-20 00:32:12.652401176,2,-74.06230110158398,40.77943207220345,-74.0706512323038,40.818926462383686,N,1032
demo_002971,2,2016-01-10 03:36:00,2016-01-10 03:49:26.998009944,4,-73.99968856745527,40.7915478938823,-73.98323869045439,40.76262199472837,N,806
demo_002972,2,2016-04-17 14:51:00,2016-04-17 15:00:15.819637597,5,-74.09020556755166,40.74894457647644,-74.1017549720064,40.74035946474214,N,555
demo_002973,1,2016-06-25 15:35:00,2016-06-25 15:52:30.123743301,4,-73.90422029904184,40.71562292478662,-73.94581872049721,40.74736914746365,N,1050
demo_002974,2,2016-01-04 02:50:00,2016-01-04 03:10:44.512137733,4,-73.95813800458701,40.791003451463844,-73.96017237801325,40.84427700393959,N,1244
demo_002975,2,2016-03-25 10:06:00,2016-03-25 10:22:26.796427641,1,-74.01360501542737,40.71601719103548,-73.97701085407353,40.689203734054146,N,986
demo_002976,1,2016-03-29 23:42:00,2016-03-29 23:51:38.690425899,6,-74.03493414173039,40.75175769979212,-74.03352477603684,40.731809777957345,N,578
demo_002977,1,2016-06-10 09:58:00,2016-06-10 10:07:03.763275714,2,-73.93873464068108,40.75659565797689,-73.93633981670078,40.766885360531354,N,543
demo_002978,1,2016-02-20 21:53:00,2016-02-20 22:04:49.468035639,3,-74.0351136720043,40.78304383180964,-74.04651208549154,40.76744476697043,N,709
demo_002979,2,2016-03-26 14:25:00,2016-03-26 14:43:18.224630579,4,-74.03082020436204,40.736067895417065,-74.0619584377318,40.7155686380453,N,1098
demo_002980,1,2016-05-09 02:16:00,2016-05-09 02:28:20.671361011,1,-74.0194675673012,40.73403957089103,-74.05176897687359,40.74064027726299,N,740
demo_002981,2,2016-01-11 20:37:00,2016-01-11 21:01:40.263323356,3,-73.97986606634416,40.76146204175671,-74.03803095868048,40.80329638050768,N,1480
demo_002982,1,2016-05-24 04:42:00,2016-05-24 05:01:45.111153315,6,-73.95706411523837,40.79322366671669,-73.91572121096482,40.757867644749005,N,1185
demo_002983,2,2016-05-27 23:57:00,2016-05-28 00:14:55.568150522,2,-73.9313297494963,40.83806075002286,-73.91514385333463,40.87851577093291,N,1075
demo_002984,2,2016-05-09 12:52:00,2016-05-09 13:01:04.556528726,4,-73.9379762915474,40.705238158007745,-73.93508925217355,40.68971938910601,N,544
demo_002985,2,2016-04-26 16:09:00,2016-04-26 16:22:05.740807631,4,-73.98496518308444,40.76903697062253,-73.97461978624723,40.7783733524965,N,785
demo_002986,2,2016-05-14 13:40:00,2016-05-14 13:57:16.168801165,1,-73.93907651118097,40.7199712740818,-73.9271929823131,40.76292424355155,N,1036
demo_002987,1,2016-05-20 17:11:00,2016-05-20 17:26:37.135007105,1,-74.01519498262894,40.79365839351224,-74.04090410278786,40.802442130504396,N,937
demo_002988,1,2016-06-11 14:39:00,2016-06-11 14:46:06.222373521,1,-74.06693897065078,40.72515094084418,-74.07832315217605,40.717118682542804,N,426
demo_002989,1,2016-03-18 01:41:00,2016-03-18 01:52:24.372211160,1,-74.01520089822698,40.73438731236362,-74.03179820193537,40.75377805417638,N,684
demo_002990,1,2016-03-23 02:09:00,2016-03-23 02:34:10.488993530,4,-74.02128172314244,40.73737551993276,-73.93338188255181,40.732700032469786,N,1510
demo_002991,2,2016-04-24 19:53:00,2016-04-24 20:10:35.146724692,2,-74.01343941823096,40.75533303714481,-73.97773234678,40.769409515483865,N,1055
demo_002992,2,2016-02-04 18:08:00,2016-02-04 18:17:05.401818416,4,-74.02817186281588,40.76931191589006,-74.022295982847,40.76378552893386,N,545
demo_002993,1,2016-06-03 02:54:00,2016-06-03 03:11:38.899625582,2,-74.00574993099109,40.7749295487763,-73.95794048136155,40.798180676995,N,1058
demo_002994,2,2016-05-18 16:37:00,2016-05-18 17:05:01.068566276,3,-73.9570992253658,40.757798135883604,-73.913710136808,40.720153880184746,N,1681
demo_002995,2,2016-04-23 14:12:00,2016-04-23 14:31:51.145120294,1,-73.90781343038019,40.71145381421458,-73.95613178114496,40.68408873036405,N,1191
demo_002996,1,2016-02-24 07:08:00,2016-02-24 07:33:13.186737521,5,-74.06264059134166,40.78347251526086,-74.07044045617928,40.74543144778943,N,1513
demo_002997,2,2016-03-03 13:57:00,2016-03-03 14:00:28.443084319,1,-74.04294805821053,40.756146446771794,-74.04351941209883,40.754622852183495,N,208
demo_002998,1,2016-03-19 07:05:00,2016-03-19 07:33:14.016255278,6,-74.02061508164277,40.79866071765052,-73.9992116034284,40.757363185742655,N,1694
demo_002999,1,2016-04-29 06:07:00,2016-04-29 06:17:48.708577338,2,-73.95054161551535,40.7332291427182,-73.95838136160059,40.7145496901914,N,648
demo_003000,1,2016-05-20 01:06:00,2016-05-20 01:20:13.251556208,6,-73.99422263493379,40.70192038454272,-73.99767122396187,40.67201765221936,N,853
demo_003001,1,2016-04-30 22:24:00,2016-04-30 22:41:32.403380835,5,-74.01758491503966,40.75680908990609,-74.03373212399487,40.79676034810364,N,1052
demo_003002,2,2016-06-16 09:18:00,2016-06-16 09:40:02.240465481,5,-73.95274701465326,40.80335834408995,-73.91603428396277,40.776609974581206,N,1322
demo_003003,2,2016-06-21 21:44:00,2016-06-21 22:03:58.435095006,5,-73.94196243801461,40.763632974781565,-73.99247935351009,40.728896240802634,N,1198
demo_003004,1,2016-05-06 21:11:00,2016-05-06 21:21:27.189812654,3,-73.98584419817406,40.75101155702895,-74.00080161517891,40.75771669744063,N,627
demo_003005,1,2016-03-07 18:20:00,2016-03-07 18:55:01.613164876,2,-74.02172986519793,40.72753785438199,-74.0862585250018,40.773082025555155,N,2101
demo_003006,2,2016-04-17 19:58:00,2016-04-17 20:14:35.009382044,5,-73.9728374194744,40.81952182633383,-74.0088747999846,40.8163880151942,N,995
demo_003007,1,2016-03-17 12:21:00,2016-03-17 12:29:30.241715541,4,-73.99549706938036,40.72196390917904,-73.98439585805734,40.72091848790416,N,510
demo_003008,1,2016-04-23 05:41:00,2016-04-23 05:56:48.542182369,5,-73.99584559597035,40.732611200983015,-73.98408019582173,40.76746165243213,N,948
demo_003009,1,2016-05-26 04:22:00,2016-05-26 04:33:23.414091663,2,-74.00805800983709,40.777951196862944,-74.0190197190585,40.80166338899479,N,683
demo_003010,1,2016-03-07 11:30:00,2016-03-07 11:45:50.453745351,5,-73.94337575387051,40.69303927585396,-73.9040362737557,40.704525480438484,N,950
demo_003011,1,2016-04-01 00:53:00,2016-04-01 01:09:32.083269955,6,-73.9737553898153,40.80261067328835,-73.92636388875982,40.78688747362155,N,992
demo_003012,2,2016-01-09 05:08:00,2016-01-09 05:15:30.736588981,5,-73.93839346031497,40.77984675899761,-73.94081641704977,40.79215762246734,N,450
demo_003013,1,2016-05-12 13:59:00,2016-05-12 14:14:21.540026356,2,-73.92486532345349,40.78947308751339,-73.91610017347969,40.75273191693887,N,921
demo_003014,1,2016-03-29 04:09:00,2016-03-29 04:19:19.135317362,2,-73.964345865401,40.77753409541824,-73.98018492087881,40.76069485558464,N,619
demo_003015,2,2016-03-23 17:56:00,2016-03-23 18:19:50.146850206,1,-74.00779147016983,40.75236067688903,-73.98585039991903,40.79101016846482,N,1430
demo_003016,1,2016-04-05 20:06:00,2016-04-05 20:26:21.404960482,5,-73.93818531955012,40.72078979514456,-73.97997743635098,40.75594359763257,N,1221
demo_003017,2,2016-02-08 18:56:00,2016-02-08 19:22:48.758685270,3,-73.96404508839747,40.75309735955713,-73.9011908700692,40.764909446439184,N,1608
demo_003018,1,2016-04-17 15:13:00,2016-04-17 15:39:11.772245076,2,-73.86784845004365,40.72386672908866,-73.82794896584817,40.67177417861149,N,1571
demo_003019,1,2016-05-14 03:16:00,2016-05-14 03:36:54.430269661,1,-73.97104537001773,40.77501543585267,-74.01300779240567,40.74239345459713,N,1254
demo_003020,1,2016-03-03 22:36:00,2016-03-03 22:51:00.421045518,3,-73.95360403824436,40.78623729406919,-73.9812196848869,40.767891538496606,N,900
demo_003021,2,2016-01-24 14:35:00,2016-01-24 14:43:12.627460829,2,-73.97193092489168,40.80968830209194,-73.95718721815011,40.805052428245794,N,492
demo_003022,1,2016-03-10 15:07:00,2016-03-10 15:23:43.055806987,6,-73.98945943663406,40.771011867419354,-74.00129822526299,40.73725076635569,N,1003
demo_003023,1,2016-02-05 17:52:00,2016-02-05 18:04:33.337405582,3,-73.99664561973144,40.79036013748083,-73.97758463552618,40.78370966694411,N,753
demo_003024,2,2016-03-08 07:25:00,2016-03-08 07:53:54.325005185,3,-73.97175902699037,40.74759993419695,-73.98433789913594,40.795316905627146,N,1734
demo_003025,2,2016-04-22 19:53:00,2016-04-22 20:18:48.979297657,4,-73.96154709116837,40.741260300169714,-73.90817867963416,40.752082868844894,N,1548
demo_003026,2,2016-01-21 09:51:00,2016-01-21 09:58:50.174464406,5,-73.933052544516,40.77457851617859,-73.93276179977146,40.78048683516054,N,470
demo_003027,1,2016-05-14 12:12:00,2016-05-14 12:40:15.464018991,1,-73.97110172487633,40.74447344945491,-73.88638229529103,40.71699945314141,N,1695
demo_003028,1,2016-02-10 10:19:00,2016-02-10 10:39:31.780220901,1,-74.00583001289414,40.76742150260897,-73.98473637749518,40.72316891336773,N,1231
demo_003029,2,2016-06-10 01:03:00,2016-06-10 01:24:16.203494912,2,-73.99970842984695,40.72085827337326,-74.04693758168563,40.687696969883596,N,1276
demo_003030,2,2016-05-11 20:09:00,2016-05-11 20:36:52.406245284,5,-74.04453216243064,40.72714303111333,-73.97150478200908,40.68179952411622,N,1672
demo_003031,2,2016-02-19 01:34:00,2016-02-19 01:47:06.103513981,6,-73.91024537703925,40.780239325535646,-73.87179161361878,40.78226527761617,N,786
demo_003032,2,2016-04-11 09:08:00,2016-04-11 09:17:59.762093708,6,-74.00935281260844,40.78903415263922,-73.99604764573061,40.799399069358216,N,599
demo_003033,2,2016-01-20 22:19:00,2016-01-20 22:32:18.386426075,2,-73.9414651792938,40.72350203408617,-73.91883300832686,40.69743920536004,N,798
demo_003034,2,2016-01-18 22:52:00,2016-01-18 23:05:39.943727339,5,-73.97255521141508,40.781471500867724,-74.01417184817669,40.78546532304527,N,819
demo_003035,2,2016-06-21 02:07:00,2016-06-21 02:33:15.103475073,2,-73.97133206761222,40.73935425144377,-74.034485231474,40.77901708448204,N,1575
demo_003036,2,2016-05-24 10:30:00,2016-05-24 10:54:07.319667675,2,-73.99028515438725,40.75857768116701,-73.9917463941498,40.81143550941039,N,1447
demo_003037,2,2016-01-28 19:06:00,2016-01-28 19:31:09.757210548,4,-74.0204509499882,40.807593054552676,-73.97219398811798,40.82839413402291,N,1509
demo_003038,2,2016-02-20 21:13:00,2016-02-20 21:21:08.503446629,1,-74.02858409302213,40.786262053190804,-74.01473428350774,40.781541359583926,N,488
demo_003039,1,2016-02-05 13:55:00,2016-02-05 14:14:14.621377629,1,-73.90721905750378,40.78585551958078,-73.84739805509446,40.80578433416544,N,1154
demo_003040,1,2016-03-12 03:05:00,2016-03-12 03:25:42.016979561,6,-73.97987175145232,40.82480766254599,-73.9336290240406,40.861306532105296,N,1242
demo_003041,2,2016-02-22 10:32:00,2016-02-22 10:53:23.621351721,5,-73.93436295142156,40.73336422306326,-73.93364164668407,40.67916906334292,N,1283
demo_003042,1,2016-02-29 01:13:00,2016-02-29 01:33:16.442683986,5,-73.92267918780597,40.72349437587526,-73.88124769555951,40.763510239895766,N,1216
demo_003043,2,2016-04-05 06:58:00,2016-04-05 07:16:26.357198416,2,-74.00348811185447,40.732725720542,-73.95019727334954,40.71802187638599,N,1106
demo_003044,2,2016-02-04 00:42:00,2016-02-04 00:51:47.803197214,1,-73.96594224053325,40.74909246313077,-73.96874860952116,40.73464846334746,N,587
demo_003045,2,2016-06-07 21:48:00,2016-06-07 21:55:43.573737324,1,-73.98297451510288,40.675590728499785,-73.99045665972196,40.66600767323997,N,463
demo_003046,2,2016-05-10 23:27:00,2016-05-10 23:38:42.252774418,3,-74.03707462113576,40.750740011715614,-74.0321588540791,40.75938228346256,N,702
demo_003047,2,2016-05-16 21:33:00,2016-05-16 22:00:46.512022118,5,-73.99334659891569,40.73894002438368,-74.07776337288608,40.70893615953381,N,1666
demo_003048,1,2016-01-31 12:08:00,2016-01-31 12:14:17.236932249,4,-73.95856220343923,40.785431591858924,-73.94874708688407,40.77774161292227,N,377
demo_003049,2,2016-05-07 11:14:00,2016-05-07 11:29:10.527133881,6,-74.00745631647548,40.77033467826536,-73.98224098706751,40.7845171628408,N,910
demo_003050,2,2016-05-30 12:34:00,2016-05-30 12:40:17.817171838,6,-73.99961794379173,40.736975618028076,-73.99456005559219,40.742877041758476,N,377
demo_003051,1,2016-02-01 12:46:00,2016-02-01 12:57:04.655436804,5,-73.99280150849235,40.77864862958771,-73.9807379037797,40.788930621475465,N,664
demo_003052,1,2016-05-15 05:31:00,2016-05-15 05:36:50.870203291,1,-73.88998118009104,40.78331420709384,-73.89150285323703,40.77456705185954,N,350
demo_003053,1,2016-03-05 09:11:00,2016-03-05 09:35:20.940465498,2,-74.0675322021697,40.7311008973573,-74.12,40.749831066073796,N,1460
demo_003054,1,2016-05-21 18:20:00,2016-05-21 18:48:19.321242910,3,-73.96242605154377,40.74074415106162,-73.90423523491215,40.76926738635569,N,1699
demo_003055,2,2016-03-27 02:42:00,2016-03-27 02:57:02.491984228,4,-73.99640025847634,40.680112288451575,-74.0092742681354,40.70701614987997,N,902
demo_003056,2,2016-05-24 09:32:00,2016-05-24 09:47:41.439350607,5,-74.01382947088261,40.719826900897075,-74.03545142534617,40.73137237718384,N,941
demo_003057,2,2016-01-27 12:52:00,2016-01-27 13:11:21.968181834,6,-73.99750440682203,40.73201356538518,-73.94997500957622,40.75736366582072,N,1161
demo_003058,2,2016-03-11 00:49:00,2016-03-11 01:05:02.072553633,6,-73.9549680690275,40.760595816181215,-73.92071355263136,40.78411445195231,N,962
demo_003059,2,2016-02-19 05:12:00,2016-02-19 05:38:56.270175544,3,-73.95239643826908,40.724911606222406,-73.94283913330992,40.797177319702875,N,1616
demo_003060,1,2016-02-14 16:55:00,2016-02-14 17:16:54.811991056,6,-73.97662922949044,40.740029180453284,-73.94970128918196,40.7729169913446,N,1314
demo_003061,2,2016-02-25 11:59:00,2016-02-25 12:12:37.728059106,6,-73.93582664075944,40.71511342614461,-73.97625123250862,40.71271733445546,N,817
demo_003062,2,2016-03-09 20:06:00,2016-03-09 20:17:03.492233678,1,-73.92790251522047,40.763988986448595,-73.93073381831115,40.73937364569023,N,663
demo_003063,1,2016-01-23 21:49:00,2016-01-23 22:04:33.402299740,5,-73.94826308261221,40.772900010810474,-73.9029456387812,40.76584922393198,N,933
demo_003064,1,2016-05-07 06:35:00,2016-05-07 06:46:25.817962488,3,-74.00957866030163,40.7720827871947,-74.03327862397119,40.7631245960935,N,685
demo_003065,2,2016-04-09 01:02:00,2016-04-09 01:17:13.331240635,6,-73.96275013028541,40.758432639616686,-73.9976917959602,40.77224104894528,N,913
demo_003066,1,2016-05-29 06:26:00,2016-05-29 06:37:12.274345755,6,-73.96253597033876,40.70406244512245,-73.95978483198948,40.68515552650234,N,672
demo_003067,2,2016-05-06 21:43:00,2016-05-06 21:57:26.524704917,2,-74.02170341451409,40.73630162176375,-74.01813141912567,40.7684904053948,N,866
demo_003068,1,2016-01-27 19:52:00,2016-01-27 20:15:18.690755446,4,-74.05562475023244,40.74374426646886,-74.03295972673804,40.706226065309686,N,1398
demo_003069,2,2016-01-13 14:06:00,2016-01-13 14:28:08.247097735,6,-74.07602490296185,40.74388466404778,-74.12,40.69980648536724,N,1328
demo_003070,2,2016-03-17 02:31:00,2016-03-17 02:57:23.139091801,5,-73.98185650294495,40.76062434262965,-74.07108468990897,40.756976210415665,N,1583
demo_003071,1,2016-03-27 14:27:00,2016-03-27 14:41:10.182805918,6,-73.971588212831,40.80789394803299,-73.93934509537064,40.785144853704715,N,850
demo_003072,1,2016-02-13 05:52:00,2016-02-13 06:10:19.251778541,5,-74.03818017099435,40.786423367443966,-74.07608454005651,40.75245105338639,N,1099
demo_003073,2,2016-05-20 19:09:00,2016-05-20 19:23:43.138718369,5,-73.93792854503519,40.723436877705296,-73.95927820767653,40.70623598892016,N,883
demo_003074,2,2016-04-14 16:26:00,2016-04-14 17:02:23.563273005,6,-73.97815018328166,40.781744100635386,-74.05456342515005,40.761183983250255,N,2183
demo_003075,1,2016-05-14 15:19:00,2016-05-14 15:33:29.047050330,6,-73.9242746323288,40.780410582868306,-73.88847268845791,40.78068420981163,N,869
demo_003076,1,2016-01-20 14:55:00,2016-01-20 15:06:06.860720894,2,-73.96832588585073,40.729787638446695,-73.95606404800819,40.71303492716221,N,666
demo_003077,2,2016-05-26 17:06:00,2016-05-26 17:17:11.879197228,5,-74.03298501073456,40.787710307292244,-74.02212820169278,40.77315367961949,N,671
demo_003078,2,2016-02-07 02:18:00,2016-02-07 02:25:45.001621436,3,-73.96437734540194,40.75238681774192,-73.95375641745531,40.752255443349945,N,465
demo_003079,2,2016-03-21 16:23:00,2016-03-21 16:55:38.776685722,4,-73.95484501873075,40.7086516278495,-74.02695069412185,40.73603615025935,N,1958
demo_003080,2,2016-03-20 02:05:00,2016-03-20 02:25:55.013496945,4,-74.00964306136491,40.773932095362305,-74.04412387095918,40.813642222930504,N,1255
demo_003081,2,2016-05-27 16:48:00,2016-05-27 16:57:46.899188705,4,-74.04989418487894,40.76559366382651,-74.06570463374456,40.76958338801358,N,586
demo_003082,1,2016-02-19 19:58:00,2016-02-19 20:13:48.504766520,2,-73.9804866771062,40.7500312829785,-74.00669267409597,40.7561209471853,N,948
demo_003083,1,2016-02-13 08:03:00,2016-02-13 08:10:05.536885398,5,-74.03003800858923,40.756689142025586,-74.03954091282685,40.7517430925586,N,425
demo_003084,2,2016-03-02 03:11:00,2016-03-02 03:20:50.741171843,5,-73.93456005516225,40.73283200823891,-73.92594306556849,40.745825720980505,N,590
demo_003085,1,2016-03-05 22:42:00,2016-03-05 22:57:34.669424687,5,-74.0033229506192,40.7793545676329,-73.96809760955026,40.78989049036867,N,934
demo_003086,1,2016-02-02 16:52:00,2016-02-02 17:21:18.388679419,4,-73.90739295020781,40.75647922779219,-73.95920009115423,40.79227711523558,N,1758
demo_003087,2,2016-02-01 17:51:00,2016-02-01 18:19:13.564669194,4,-74.08058714003835,40.76382570953819,-74.0808963785763,40.712830684550994,N,1693
demo_003088,2,2016-02-11 15:22:00,2016-02-11 15:32:37.413216376,2,-73.97893419781347,40.770499967355015,-73.95403016905114,40.76416852827479,N,637
demo_003089,2,2016-03-25 03:31:00,2016-03-25 03:44:25.287785604,4,-73.92067733119544,40.717589503495084,-73.95302024214445,40.72674762996153,N,805
demo_003090,2,2016-03-02 19:17:00,2016-03-02 19:22:54.902801149,2,-74.02506369421492,40.72670009423413,-74.0318128412968,40.725990427380495,N,354
demo_003091,1,2016-03-11 13:41:00,2016-03-11 13:53:42.589457365,6,-73.99216404210321,40.68065194391343,-73.97583471806115,40.65529427204684,N,762
demo_003092,2,2016-05-09 10:19:00,2016-05-09 10:38:00.271818608,1,-74.00313660714639,40.77776597904717,-74.00274429706461,40.74268307870767,N,1140
demo_003093,2,2016-02-13 08:48:00,2016-02-13 09:05:11.602267884,1,-74.01576954389685,40.71557264916886,-73.99217262227704,40.737343354671644,N,1031
demo_003094,1,2016-06-12 18:44:00,2016-06-12 18:57:50.305272232,5,-73.97399198114985,40.76263993984635,-73.97067754600312,40.74220294188565,N,830
demo_003095,2,2016-05-15 07:41:00,2016-05-15 08:07:40.521485488,5,-74.04329397204496,40.77098458787289,-74.05420916093321,40.723602274602236,N,1600
demo_003096,1,2016-02-01 10:38:00,2016-02-01 10:55:44.738704273,4,-73.98999359515986,40.77908234936124,-74.03103843658009,40.80220981658151,N,1064
demo_003097,1,2016-02-26 11:49:00,2016-02-26 11:57:02.060897259,4,-73.96178025930419,40.71585940801574,-73.95312935982972,40.72825194632778,N,482
demo_003098,2,2016-02-03 00:56:00,2016-02-03 01:01:12.528395725,1,-73.9946792170124,40.75571934336508,-73.99118016980017,40.75259074273371,N,312
demo_003099,2,2016-02-19 02:30:00,2016-02-19 02:47:35.696492302,6,-74.03000918899936,40.81645981472757,-74.06475830997256,40.791766921723024,N,1055
demo_003100,1,2016-03-06 18:56:00,2016-03-06 19:08:51.816270431,6,-73.93864165706293,40.81800101379945,-73.91826970319335,40.81493809482845,N,771
demo_003101,2,2016-01-24 13:26:00,2016-01-24 13:45:16.115418101,2,-73.95213843672724,40.79255630829095,-73.90776111400534,40.82537717350497,N,1156
demo_003102,2,2016-01-03 14:21:00,2016-01-03 14:40:40.530656358,1,-74.03185342270866,40.76981225985866,-74.0549566800874,40.72621537913588,N,1180
demo_003103,2,2016-03-19 23:42:00,2016-03-20 00:00:38.801962195,4,-74.04323484042601,40.72282127639041,-74.06870196547574,40.68059388073844,N,1118
demo_003104,1,2016-05-06 04:16:00,2016-05-06 04:28:49.395109962,2,-74.02783659871972,40.78315175688869,-74.05458179821196,40.76620209317006,N,769
demo_003105,2,2016-02-24 12:48:00,2016-02-24 13:10:44.552731210,1,-73.96046270755308,40.75246925699386,-74.01921586187963,40.75174987745044,N,1364
demo_003106,1,2016-06-03 21:10:00,2016-06-03 21:33:24.221878156,1,-73.97259921954668,40.777618489634555,-73.90244236050606,40.764218608391694,N,1404
demo_003107,2,2016-03-07 11:15:00,2016-03-07 11:25:11.416042291,4,-73.94944627793994,40.73585047908018,-73.96515726625799,40.75320652660969,N,611
demo_003108,2,2016-06-11 03:26:00,2016-06-11 03:41:12.791485436,3,-73.99967675981227,40.7519473410506,-74.02972265602178,40.781345857550704,N,912
demo_003109,2,2016-02-12 11:30:00,2016-02-12 11:43:26.988718867,5,-74.02661304068751,40.76374515760268,-74.06605016733214,40.77127191451708,N,806
demo_003110,1,2016-04-07 01:55:00,2016-04-07 02:04:04.751176531,2,-73.94365190802135,40.76661973320229,-73.95723076934514,40.78175140648371,N,544
demo_003111,1,2016-05-17 08:49:00,2016-05-17 09:02:23.312788088,4,-74.0099051831053,40.77528029500611,-74.03423751093852,40.78262698291075,N,803
demo_003112,1,2016-01-11 15:02:00,2016-01-11 15:20:27.136156628,2,-73.97660533748657,40.73772817554163,-73.92627277594995,40.73798489399635,N,1107
demo_003113,1,2016-06-16 09:36:00,2016-06-16 10:03:00.146493532,4,-74.05474661776019,40.71098504417615,-74.09845244132242,40.67605895928115,N,1620
demo_003114,1,2016-03-06 16:37:00,2016-03-06 17:04:05.547462873,5,-74.01064146909452,40.81486747639649,-74.06449016718962,40.78711170029122,N,1625
demo_003115,1,2016-03-30 15:03:00,2016-03-30 15:19:44.261955947,3,-73.93957716555764,40.84512389591582,-73.92026472267757,40.80864909703757,N,1004
demo_003116,2,2016-04-23 02:51:00,2016-04-23 02:57:19.000252084,6,-74.01723235550014,40.773659724892084,-74.02098458287097,40.76965009542813,N,379
demo_003117,2,2016-04-25 17:45:00,2016-04-25 17:53:21.390095257,4,-73.94834732803469,40.71166027668445,-73.95615039730446,40.717931783528314,N,501
demo_003118,2,2016-01-05 06:14:00,2016-01-05 06:31:08.967779936,2,-74.08989588632846,40.730938170910505,-74.07030861770781,40.691808086521405,N,1028
demo_003119,1,2016-06-05 02:11:00,2016-06-05 02:17:33.116824434,6,-74.01017262468395,40.775819114916786,-74.00538771737864,40.77777918118854,N,393
demo_003120,2,2016-04-22 05:58:00,2016-04-22 06:08:58.357124692,3,-73.99271095906451,40.80493904640885,-73.99434957460463,40.78130820554582,N,658
demo_003121,1,2016-06-28 18:56:00,2016-06-28 19:22:47.067523422,5,-73.90658568634959,40.71554882779104,-73.95578329991692,40.68668044551554,N,1607
demo_003122,2,2016-03-25 20:56:00,2016-03-25 21:15:16.556317129,3,-74.03760782960065,40.75364835127029,-74.09599115983916,40.736763917023154,N,1156
demo_003123,2,2016-04-20 10:23:00,2016-04-20 10:38:35.508391767,1,-73.95480530170488,40.76485762225554,-73.97932029505004,40.73460475680022,N,935
demo_003124,1,2016-03-20 09:23:00,2016-03-20 09:42:01.265577552,4,-73.93743806984381,40.78826024579501,-73.97539084277527,40.80464004197991,N,1141
demo_003125,1,2016-06-09 03:50:00,2016-06-09 03:56:51.688270431,4,-74.01746703412599,40.74597396169599,-74.00804483117767,40.741437842408665,N,411
demo_003126,2,2016-05-29 19:54:00,2016-05-29 20:22:17.925507449,5,-74.00180857769477,40.70326648580374,-74.06476359956962,40.725277265342406,N,1697
demo_003127,1,2016-06-12 13:11:00,2016-06-12 13:20:04.392641513,5,-73.97862670517847,40.77974191458085,-73.99427730843121,40.767767513073984,N,544
demo_003128,1,2016-03-31 18:29:00,2016-03-31 18:38:25.462519576,5,-74.05166682352366,40.797367858780994,-74.05772444356528,40.78641433511014,N,565
demo_003129,2,2016-05-22 11:04:00,2016-05-22 11:24:04.482027998,4,-74.00547964453376,40.755109298838924,-74.00686757931737,40.80569063014089,N,1204
demo_003130,2,2016-03-05 13:59:00,2016-03-05 14:20:11.068754584,1,-73.92757495815741,40.772183403195726,-73.91361120896258,40.728360770460355,N,1271
demo_003131,1,2016-03-23 23:13:00,2016-03-23 23:28:21.891310975,4,-73.96148053351111,40.741392806970055,-73.97290944028329,40.776073800542385,N,921
demo_003132,2,2016-05-16 20:08:00,2016-05-16 20:27:38.741721146,6,-73.99205380802674,40.728397952184594,-74.01541602816535,40.77307010120103,N,1178
demo_003133,2,2016-01-15 14:35:00,2016-01-15 14:51:57.772522053,6,-73.97991174371735,40.79392489881916,-73.93635493845161,40.81460197121822,N,1017
demo_003134,1,2016-05-07 21:19:00,2016-05-07 21:26:00.830438192,1,-73.95885925855116,40.771562354673506,-73.97006040265026,40.76263965200049,N,420
demo_003135,1,2016-01-03 20:16:00,2016-01-03 20:36:41.303533090,6,-73.95024154334405,40.77516290097907,-73.90057198047965,40.81368925691604,N,1241
demo_003136,2,2016-04-14 12:24:00,2016-04-14 12:31:47.262564454,1,-74.01003863663206,40.810574030179815,-74.02141809036262,40.80188647346279,N,467
demo_003137,2,2016-03-26 21:30:00,2016-03-26 21:39:09.854018817,1,-73.91593755755241,40.721080518298855,-73.91650699576685,40.70202430748466,N,549
demo_003138,2,2016-03-25 08:41:00,2016-03-25 08:50:44.478468151,1,-73.9257643309458,40.738679080614425,-73.93062048810836,40.72819583532125,N,584
demo_003139,2,2016-03-29 23:26:00,2016-03-29 23:35:58.942780639,4,-73.95452340663411,40.76352766720922,-73.94643075533197,40.748132436253016,N,598
demo_003140,2,2016-03-29 13:09:00,2016-03-29 13:22:40.753492575,2,-74.02293319396307,40.73824903667836,-74.03762788078443,40.71269021230553,N,820
demo_003141,2,2016-03-14 07:48:00,2016-03-14 08:07:30.343911001,4,-74.03091007580467,40.78540977873454,-74.02754535172357,40.81537999025548,N,1170
demo_003142,1,2016-03-22 05:51:00,2016-03-22 06:09:53.846561607,3,-73.99969717084684,40.75144102726836,-73.946118679916,40.730557921747575,N,1133
demo_003143,1,2016-04-12 06:28:00,2016-04-12 06:43:30.027090784,6,-73.982265570606,40.7232613517376,-73.94555575796565,40.722460883036725,N,930
demo_003144,1,2016-05-17 10:10:00,2016-05-17 10:30:14.216294876,2,-74.06458213395015,40.76030200863157,-74.02763129192347,40.721320167617804,N,1214
demo_003145,2,2016-04-09 09:20:00,2016-04-09 09:43:08.586585936,2,-73.96273880899047,40.76396185697824,-74.00970637900443,40.76479374538547,N,1388
demo_003146,1,2016-04-25 15:41:00,2016-04-25 16:00:39.914765279,4,-73.92706419812681,40.79071387220137,-73.96836839608635,40.75950386900736,N,1179
demo_003147,1,2016-05-30 14:10:00,2016-05-30 14:24:31.809993683,1,-73.95905866370761,40.77175993161016,-73.95143738141111,40.739886814391184,N,871
demo_003148,1,2016-06-27 02:41:00,2016-06-27 02:52:07.228907417,3,-74.0154223761262,40.7741401236976,-73.98844654873524,40.771189350125006,N,667
demo_003149,2,2016-01-20 13:23:00,2016-01-20 13:38:13.058819422,4,-74.02074815288302,40.76921020894026,-74.03891789721847,40.797748460100145,N,913
demo_003150,1,2016-05-08 07:50:00,2016-05-08 08:03:18.916337068,4,-73.97150664451216,40.75141221175478,-73.99592211474362,40.76330338132376,N,798
demo_003151,1,2016-02-10 12:46:00,2016-02-10 13:02:02.401601330,3,-73.99189866719021,40.73293233097111,-73.94311416209666,40.746678581396694,N,962
demo_003152,2,2016-02-05 10:05:00,2016-02-05 10:17:54.073516261,1,-73.96506314715849,40.76810934230808,-73.9410574638221,40.76460157844865,N,774
demo_003153,1,2016-05-22 17:46:00,2016-05-22 18:04:49.189737509,2,-73.95792253823275,40.74634063319407,-73.92089300440722,40.73727834603501,N,1129
demo_003154,1,2016-01-13 08:44:00,2016-01-13 09:01:13.962487920,1,-73.93586492619974,40.81714379171544,-73.95131567824491,40.838504588954784,N,1033
demo_003155,1,2016-06-01 14:39:00,2016-06-01 14:49:31.757040959,6,-74.03594555430183,40.804976380317065,-74.05414627485789,40.7897705969344,N,631
demo_003156,1,2016-05-18 16:45:00,2016-05-18 17:07:19.473833661,4,-73.97502714734678,40.78014936963231,-73.94181597618356,40.8026790918024,N,1339
demo_003157,1,2016-06-28 01:38:00,2016-06-28 01:53:06.439461042,2,-74.00135637517826,40.77124634287526,-74.01055178028722,40.80461691022648,N,906
demo_003158,2,2016-04-30 05:30:00,2016-04-30 05:43:55.692646908,2,-73.9894385769771,40.754921433215664,-74.01081857300582,40.73220399007532,N,835
demo_003159,1,2016-06-06 02:58:00,2016-06-06 03:14:37.654339133,1,-73.9461016016299,40.713860669402855,-73.97806347690339,40.69511064102076,N,997
demo_003160,1,2016-01-22 08:04:00,2016-01-22 08:18:27.806833588,3,-73.9412093357127,40.750433972183735,-73.95910466560008,40.73570019351054,N,867
demo_003161,1,2016-06-09 04:21:00,2016-06-09 04:39:22.778244762,1,-73.92207003573273,40.761549001169186,-73.89144211143167,40.721941010273845,N,1102
demo_003162,2,2016-01-29 20:36:00,2016-01-29 20:53:47.723526000,5,-73.96584843873343,40.76603097660556,-74.0186867087189,40.753357102851446,N,1067
demo_003163,2,2016-02-26 13:58:00,2016-02-26 14:15:15.324528312,2,-73.989950755584,40.774433772845555,-73.96793391919196,40.80957291575048,N,1035
demo_003164,1,2016-01-24 01:47:00,2016-01-24 02:03:02.032212302,1,-73.99637953112527,40.79024655692572,-74.02116718768139,40.76201601728267,N,962
demo_003165,2,2016-03-13 07:10:00,2016-03-13 07:33:13.305560968,1,-74.06306397510775,40.73377460749075,-74.0704244889253,40.76955490242441,N,1393
demo_003166,1,2016-05-14 19:40:00,2016-05-14 19:50:41.380251188,1,-73.92471192297957,40.734092353747684,-73.92983051830117,40.72238935338295,N,641
demo_003167,2,2016-02-18 06:07:00,2016-02-18 06:29:58.942968976,3,-73.99948542862036,40.80877998379101,-74.00721149912766,40.865858945992784,N,1378
demo_003168,2,2016-05-27 23:53:00,2016-05-28 00:03:17.331420633,1,-73.96223463229987,40.784984355621766,-73.97228409934691,40.76657540285825,N,617
demo_003169,1,2016-04-19 03:12:00,2016-04-19 03:19:50.062438062,1,-73.95444515634159,40.74432301702534,-73.96999761402603,40.74043550438014,N,470
demo_003170,2,2016-04-23 04:57:00,2016-04-23 05:10:05.289692545,2,-74.04103919790725,40.754247609086676,-74.06103907899521,40.72967266632648,N,785
demo_003171,1,2016-06-17 23:38:00,2016-06-17 23:54:37.148979369,4,-74.02655058766068,40.75440501186638,-73.98035851351689,40.735837090979565,N,997
demo_003172,1,2016-03-18 17:34:00,2016-03-18 17:56:51.390858989,2,-73.91538410418251,40.75910509427985,-73.91450737812006,40.79523593178503,N,1371
demo_003173,2,2016-03-03 00:50:00,2016-03-03 00:58:31.753924018,3,-73.97193040179424,40.77454390822835,-73.97633859205712,40.787356398727105,N,511
demo_003174,2,2016-06-28 00:28:00,2016-06-28 00:42:21.107230701,3,-74.01112635489343,40.846724746113495,-74.03368920017576,40.874502826151286,N,861
demo_003175,1,2016-04-10 06:14:00,2016-04-10 06:30:20.315054864,4,-73.99068561550074,40.764641479640694,-74.00496364924031,40.72912056851396,N,980
demo_003176,1,2016-04-20 15:05:00,2016-04-20 15:16:42.843298954,1,-73.93611933928253,40.78119093526489,-73.95856033157517,40.79887130350015,N,702
demo_003177,2,2016-02-23 08:00:00,2016-02-23 08:18:43.683124769,6,-73.94295584841196,40.69897331528335,-73.91616880239495,40.67274434573189,N,1123
demo_003178,1,2016-02-08 18:41:00,2016-02-08 19:05:37.512700135,1,-74.05097367930078,40.741028500252746,-74.07734964732727,40.70492090040086,N,1477
demo_003179,2,2016-01-31 13:32:00,2016-01-31 13:57:32.038195312,6,-73.91145722703476,40.801008525095085,-73.99007583254244,40.80745521084413,N,1532
demo_003180,2,2016-02-10 05:46:00,2016-02-10 05:53:21.339547297,2,-73.94152333860507,40.772081038697486,-73.9394825572938,40.77825157369959,N,441
demo_003181,1,2016-02-05 03:12:00,2016-02-05 03:19:37.956720024,3,-73.99186138622036,40.60438098952973,-74.00164006518533,40.605821325759806,N,457
demo_003182,1,2016-05-14 09:49:00,2016-05-14 10:03:59.987914653,1,-74.0386275099389,40.78159081208107,-74.05913009752716,40.800964889222016,N,899
demo_003183,2,2016-01-11 10:19:00,2016-01-11 10:36:19.044338342,3,-73.93756961119726,40.825135753812006,-73.9056651469991,40.84872204438812,N,1039
demo_003184,1,2016-04-23 06:56:00,2016-04-23 07:26:53.782913420,6,-73.96356076248674,40.68814323448581,-74.05923394859342,40.72782592664404,N,1853
demo_003185,2,2016-06-19 20:56:00,2016-06-19 21:16:31.368396342,5,-74.0506009270135,40.8111785686476,-73.99543238473956,40.77903930769334,N,1231
demo_003186,1,2016-05-17 19:11:00,2016-05-17 19:37:19.542773453,4,-73.99544351339112,40.66098155292809,-73.95852979177546,40.70153599155525,N,1579
demo_003187,2,2016-03-13 12:26:00,2016-03-13 12:48:04.962796062,3,-73.84432221757434,40.790829963076874,-73.86630408178617,40.84165237329866,N,1324
demo_003188,2,2016-01-11 16:37:00,2016-01-11 16:50:35.717592311,6,-73.98425742091635,40.757697298089575,-74.00003487042525,40.74780908764537,N,815
demo_003189,2,2016-05-30 03:24:00,2016-05-30 03:45:26.662574619,5,-74.0183886767451,40.67575100746644,-74.00073513344391,40.63070173202346,N,1286
demo_003190,1,2016-01-01 13:36:00,2016-01-01 13:53:18.352791237,2,-74.0303823481388,40.773614823953395,-74.01178978849437,40.73626035330053,N,1038
demo_003191,1,2016-05-02 15:20:00,2016-05-02 15:32:22.588481458,4,-73.90525554574567,40.798279391220326,-73.92744141076068,40.78580940393512,N,742
demo_003192,2,2016-04-30 18:29:00,2016-04-30 19:10:21.292652873,3,-73.946850822969,40.77073604513376,-74.00343800935424,40.82511786807206,N,2481
demo_003193,2,2016-02-04 13:05:00,2016-02-04 13:27:14.849663328,2,-73.92166523987372,40.77846896729709,-73.84768599463165,40.77893012730257,N,1334
demo_003194,1,2016-05-13 04:14:00,2016-05-13 04:28:40.723890049,4,-73.97383166221586,40.743591336068135,-73.94036732046811,40.72692736491584,N,880
demo_003195,1,2016-02-01 13:59:00,2016-02-01 14:11:30.154623147,3,-73.92856913441003,40.69285135856727,-73.92307927841972,40.674345497591624,N,750
demo_003196,2,2016-02-10 14:47:00,2016-02-10 15:01:59.205931264,1,-74.02317441752966,40.7822152407818,-74.01702228380626,40.74650173800664,N,899
demo_003197,1,2016-05-26 03:47:00,2016-05-26 03:59:37.294386537,6,-73.97768340585883,40.819241387180625,-73.95593730986145,40.842854939982,N,757
demo_003198,1,2016-06-25 05:50:00,2016-06-25 06:03:10.645294386,4,-73.97208259182622,40.79753532989796,-73.94614537681464,40.79504947379055,N,790
demo_003199,2,2016-02-17 15:33:00,2016-02-17 16:04:49.983283850,4,-73.92278988806561,40.68842434596395,-73.99581272177768,40.74511974272754,N,1909
demo_003200,2,2016-06-14 20:10:00,2016-06-14 20:19:46.482049773,6,-73.97065206319368,40.70497869574762,-73.98293258247146,40.72194034945113,N,586
demo_003201,1,2016-06-13 09:23:00,2016-06-13 09:38:21.397605660,5,-74.01314802837813,40.72839112903709,-74.02906707684528,40.75079940957064,N,921
demo_003202,2,2016-05-18 11:50:00,2016-05-18 11:55:39.204599039,6,-73.98211667724858,40.7022458592052,-73.98776689029616,40.69570902877515,N,339
demo_003203,2,2016-01-26 05:02:00,2016-01-26 05:18:10.118788190,5,-74.0604385941107,40.759546647184465,-74.03346080610075,40.73008882805378,N,970
demo_003204,2,2016-02-23 21:29:00,2016-02-23 21:43:20.858403340,2,-74.08944359299716,40.77176955318132,-74.12,40.74818286671243,N,860
demo_003205,2,2016-05-01 23:42:00,2016-05-02 00:02:29.133297155,3,-73.94758963834512,40.70794113508652,-73.99480962183983,40.67097146760152,N,1229
demo_003206,1,2016-06-28 20:37:00,2016-06-28 20:50:12.677575308,4,-74.00186347488379,40.78519949607465,-74.02572455116254,40.809780153509735,N,792
demo_003207,1,2016-05-26 14:31:00,2016-05-26 14:38:46.287445199,2,-73.99676377845411,40.7790386380407,-73.99136169902778,40.76864592798506,N,466
demo_003208,2,2016-03-16 15:33:00,2016-03-16 15:47:16.306476377,2,-73.9476073994285,40.73881443063047,-73.9184830029616,40.76453194519946,N,856
demo_003209,1,2016-02-12 08:18:00,2016-02-12 08:43:40.079168619,4,-73.922134532673,40.751961730490564,-73.86503821298835,40.755631419352866,N,1540
demo_003210,1,2016-06-21 20:39:00,2016-06-21 20:48:31.035232831,3,-73.96094804203275,40.68975695885214,-73.9709704390287,40.68185086324634,N,571
demo_003211,1,2016-02-19 17:12:00,2016-02-19 17:34:48.149833210,1,-73.89823672264019,40.746370824529954,-73.86916989080332,40.714791547985804,N,1368
demo_003212,2,2016-03-02 14:23:00,2016-03-02 14:35:17.092343581,4,-73.96237898896742,40.75825847409456,-73.93752330222812,40.766402557884554,N,737
demo_003213,1,2016-06-22 14:43:00,2016-06-22 14:51:59.564806832,4,-73.9714003941389,40.76390616583299,-73.95244197385144,40.75800307438893,N,539
demo_003214,2,2016-04-11 02:23:00,2016-04-11 02:34:21.904332174,5,-73.97418250298729,40.77126069192071,-73.97503233588162,40.79561965797551,N,681
demo_003215,1,2016-02-17 15:03:00,2016-02-17 15:13:56.847984338,1,-74.04284730029602,40.76654846101307,-74.05683091814143,40.74723237276443,N,656
demo_003216,1,2016-01-01 23:05:00,2016-01-01 23:18:44.596376874,3,-73.9419800627462,40.7487479705957,-73.97926903931729,40.76538288048012,N,824
demo_003217,2,2016-03-18 09:24:00,2016-03-18 09:50:34.064261279,6,-74.09504597090069,40.7680168229894,-74.12,40.81231973022741,N,1594
demo_003218,1,2016-06-26 11:31:00,2016-06-26 11:38:41.886303306,2,-74.01138137857741,40.79307111976586,-73.99923351475498,40.800430129461674,N,461
demo_003219,1,2016-03-18 20:28:00,2016-03-18 20:39:04.792003201,5,-73.98396813422445,40.754657567434165,-73.98587292208433,40.7758604366582,N,664
demo_003220,1,2016-05-05 21:57:00,2016-05-05 22:08:50.250030663,3,-74.0205393045536,40.76911582117911,-74.035082062778,40.784556857825905,N,710
demo_003221,1,2016-02-15 13:06:00,2016-02-15 13:30:19.497943921,2,-74.00532901653828,40.751484012806756,-73.9820607146179,40.80273248288873,N,1459
demo_003222,1,2016-05-19 14:38:00,2016-05-19 14:46:01.056586432,5,-73.90222809951977,40.73536343792322,-73.90924522036788,40.745395569308954,N,481
demo_003223,1,2016-05-19 15:25:00,2016-05-19 15:38:19.115917567,5,-73.93531892513982,40.77630078834212,-73.9672801955223,40.79519967733898,N,799
demo_003224,1,2016-04-19 11:51:00,2016-04-19 11:56:27.876986987,6,-74.0158622456363,40.738567091954046,-74.02518967805236,40.73758763918411,N,327
demo_003225,1,2016-05-18 22:23:00,2016-05-18 22:36:27.592847752,5,-74.00613049299376,40.77151514153473,-73.97740844834148,40.750606651071294,N,807
demo_003226,2,2016-04-14 04:30:00,2016-04-14 04:47:24.851855930,2,-74.04246517768483,40.75898893800285,-74.078288141511,40.72636819448946,N,1044
demo_003227,2,2016-03-09 02:20:00,2016-03-09 02:35:48.353601935,5,-73.95327527962972,40.747362286321795,-73.9459505910159,40.781569236093986,N,948
demo_003228,1,2016-05-12 19:38:00,2016-05-12 19:54:14.505540345,1,-73.99623841026848,40.74651500087487,-73.99817831132226,40.719289297848626,N,974
demo_003229,2,2016-05-30 07:44:00,2016-05-30 08:04:02.797008582,3,-74.07349099119025,40.740215765265454,-74.10011933738818,40.76035410675961,N,1202
demo_003230,2,2016-05-31 09:22:00,2016-05-31 09:33:46.188356478,2,-73.98046473836855,40.70039695897689,-73.99073206491494,40.71162940799725,N,706
demo_003231,1,2016-02-08 08:29:00,2016-02-08 08:57:54.117351914,4,-73.96524595023791,40.77140132833066,-74.02025485554516,40.79618153264285,N,1734
demo_003232,1,2016-05-01 18:52:00,2016-05-01 19:02:12.615265855,5,-73.94165865620712,40.76610413888474,-73.93782124941161,40.75220691427499,N,612
demo_003233,1,2016-01-01 18:36:00,2016-01-01 18:59:19.192064799,4,-73.98830096575595,40.7877384588357,-74.03606662017486,40.76638875114465,N,1399
demo_003234,2,2016-04-12 23:02:00,2016-04-12 23:15:23.462623866,2,-74.00177020232539,40.73939900841926,-73.9642348997226,40.74961504804796,N,803
demo_003235,2,2016-04-12 19:26:00,2016-04-12 19:34:03.694065121,3,-73.89561808937798,40.824338426891686,-73.89883712418417,40.816445201715084,N,483
demo_003236,2,2016-03-06 10:18:00,2016-03-06 10:34:07.530951862,1,-73.98470362297552,40.74470924182526,-74.00471710095545,40.71147147673689,N,967
demo_003237,2,2016-06-27 22:24:00,2016-06-27 22:50:17.717862599,4,-73.95261971757809,40.72737116252319,-73.91200014109612,40.77971135216638,N,1577
demo_003238,1,2016-06-07 22:23:00,2016-06-07 22:41:05.083923684,5,-74.00927928395193,40.72322102780551,-74.04539399349979,40.701853007324516,N,1085
demo_003239,2,2016-01-07 22:56:00,2016-01-07 23:11:15.429804812,2,-73.95395406567638,40.697312715886966,-73.98012296738062,40.67048463266337,N,915
demo_003240,1,2016-02-07 14:10:00,2016-02-07 14:29:12.105941473,4,-74.05050330465818,40.811641976233766,-74.11452693782928,40.80510431049292,N,1152
demo_003241,1,2016-02-07 10:33:00,2016-02-07 10:52:48.384611539,6,-74.00579303955733,40.80598735867691,-73.95996031890569,40.83981454004417,N,1188
demo_003242,2,2016-06-10 13:27:00,2016-06-10 14:02:18.847810839,1,-74.03937234077418,40.779026080700966,-73.97382204139342,40.720524234536626,N,2118
demo_003243,2,2016-04-03 09:42:00,2016-04-03 10:11:07.605587868,6,-74.01222379948412,40.72663689172785,-74.07079958872085,40.75822374932139,N,1747
demo_003244,1,2016-05-11 04:44:00,2016-05-11 04:59:13.483267845,2,-73.9287288481896,40.82139436885457,-73.95728088361119,40.79678458431525,N,913
demo_003245,1,2016-05-25 18:56:00,2016-05-25 19:02:52.988005154,2,-74.01255466501867,40.745689829346745,-74.01011118966589,40.752832010829664,N,412
demo_003246,2,2016-05-18 04:07:00,2016-05-18 04:22:16.255139406,5,-73.95267847435366,40.74858409590707,-73.97072776914897,40.730331907940524,N,916
demo_003247,1,2016-01-17 00:39:00,2016-01-17 01:01:21.086862997,3,-73.91672306680744,40.808304067815264,-73.91781909202244,40.86208582287332,N,1341
demo_003248,1,2016-01-26 06:14:00,2016-01-26 06:18:52.110067755,3,-73.98624097911215,40.78106187045683,-73.99035690707201,40.784426612796175,N,292
demo_003249,2,2016-03-12 03:24:00,2016-03-12 03:34:50.866852017,2,-73.94028048027246,40.83503860985641,-73.92601616516622,40.815920137997196,N,650
demo_003250,1,2016-03-01 21:47:00,2016-03-01 21:58:37.485261906,1,-73.96110113188377,40.76670527911117,-73.99473492417215,40.75857581342155,N,697
demo_003251,1,2016-05-14 11:22:00,2016-05-14 11:28:10.790883081,6,-73.97976033812374,40.744103922014745,-73.97301725036519,40.74652412303709,N,370
demo_003252,2,2016-01-29 02:56:00,2016-01-29 03:10:18.766093445,1,-73.95123579848074,40.73658682907891,-73.99030025828256,40.74138409748849,N,858
demo_003253,2,2016-03-07 21:03:00,2016-03-07 21:11:18.133372774,1,-73.90220278595037,40.69335513379833,-73.91661781301147,40.7052017208534,N,498
demo_003254,1,2016-02-12 14:00:00,2016-02-12 14:20:06.406481529,5,-74.01367710106288,40.74824914795179,-74.07446339752573,40.74821122354437,N,1206
demo_003255,2,2016-02-03 23:46:00,2016-02-04 00:05:22.898623097,5,-74.02816404050792,40.79806076685896,-74.04232322720873,40.76087738161053,N,1162
demo_003256,1,2016-02-01 02:30:00,2016-02-01 02:38:56.616086075,2,-74.03080615455448,40.77895919604296,-74.05085196995626,40.769771968928616,N,536
demo_003257,2,2016-02-05 04:32:00,2016-02-05 04:46:42.147317652,5,-73.94025074136185,40.75871078022962,-73.907225463876,40.77509055635032,N,882
demo_003258,1,2016-04-11 14:05:00,2016-04-11 14:15:50.281229456,5,-73.93417845695923,40.72317729446643,-73.93625255949041,40.7050904586942,N,650
demo_003259,2,2016-03-14 19:24:00,2016-03-14 19:37:02.135279037,2,-74.00916666200003,40.76594055563045,-74.00487904884139,40.784105650182305,N,782
demo_003260,2,2016-03-19 08:26:00,2016-03-19 08:30:44.694751402,1,-74.08112060972476,40.79344847968184,-74.08190643072217,40.794304869271706,N,284
demo_003261,1,2016-03-27 07:04:00,2016-03-27 07:34:46.597349933,5,-74.01536405329654,40.77307517397645,-74.08988286285074,40.76719618974376,N,1846
demo_003262,1,2016-05-13 09:22:00,2016-05-13 09:54:30.736837897,5,-73.96034656199869,40.76383573093717,-74.0302396811047,40.79607761603574,N,1950
demo_003263,2,2016-06-04 03:02:00,2016-06-04 03:22:17.157139507,3,-73.98800254125423,40.73010648213516,-73.99915625842256,40.683176933136785,N,1217
demo_003264,1,2016-04-04 18:12:00,2016-04-04 18:26:37.977170252,2,-73.97688435139601,40.78835136349392,-73.96713475180992,40.77011769924078,N,877
demo_003265,2,2016-04-25 14:31:00,2016-04-25 14:45:26.304643410,3,-74.0085504988224,40.64838333134396,-74.01677078056761,40.681658906505284,N,866
demo_003266,1,2016-05-12 22:34:00,2016-05-12 22:55:28.960717362,2,-73.93936598938807,40.77139959981028,-73.96960805351074,40.820810927215426,N,1288
demo_003267,1,2016-05-04 06:32:00,2016-05-04 06:55:55.655730049,6,-73.96955636892105,40.84796126933306,-73.97796732809884,40.9096830664192,N,1435
demo_003268,2,2016-01-25 04:00:00,2016-01-25 04:07:25.836422731,2,-73.95860914374363,40.705206931443385,-73.97005713743518,40.70656653076252,N,445
demo_003269,2,2016-06-25 22:30:00,2016-06-25 22:42:19.237183398,3,-73.9778420442638,40.74955206908545,-73.95057693055291,40.761915298335076,N,739
demo_003270,1,2016-01-30 15:58:00,2016-01-30 16:10:56.101659898,4,-73.96140343263751,40.757723115345634,-73.9360977332722,40.779793666680995,N,776
demo_003271,2,2016-03-15 03:09:00,2016-03-15 03:25:23.592337991,1,-73.96436427403185,40.741809601508024,-73.98373378249939,40.7762366338563,N,983
demo_003272,1,2016-04-27 11:14:00,2016-04-27 11:20:49.152227587,4,-74.02676335826611,40.79427309848957,-74.02851070715083,40.80272658072579,N,409
demo_003273,2,2016-03-13 14:29:00,2016-03-13 14:42:06.507185510,4,-73.96821216070812,40.77453578550244,-73.95854518569139,40.79954180643548,N,786
demo_003274,1,2016-02-13 18:19:00,2016-02-13 18:30:39.216366370,4,-73.9493821322624,40.76333051303916,-73.93451957842197,40.77574440565116,N,699
demo_003275,1,2016-06-15 04:51:00,2016-06-15 05:12:00.801071923,4,-73.93301863402124,40.785904539640924,-73.87517770084357,40.80000458607245,N,1260
demo_003276,2,2016-01-13 21:00:00,2016-01-13 21:12:42.706603843,3,-73.96627517832724,40.75858627481751,-73.9672603454242,40.73379030542121,N,762
demo_003277,2,2016-02-14 06:10:00,2016-02-14 06:26:23.204621210,4,-74.02843627334292,40.869295257108824,-73.9875302051957,40.86040648668567,N,983
demo_003278,1,2016-06-27 17:44:00,2016-06-27 18:04:40.760378294,6,-74.02150927983082,40.76329714267799,-74.06211218754835,40.74918237432989,N,1240
demo_003279,1,2016-05-11 08:48:00,2016-05-11 09:09:59.121487506,3,-74.00458166365638,40.76483487344714,-74.02690024751566,40.732734696200524,N,1319
demo_003280,2,2016-01-16 15:44:00,2016-01-16 16:10:50.890216625,3,-73.97647412413386,40.69813361826494,-74.05122797872926,40.65354027721124,N,1610
demo_003281,1,2016-05-15 19:45:00,2016-05-15 19:55:08.298437861,5,-73.99050062455885,40.73897923854438,-73.98520489565851,40.72754129608239,N,608
demo_003282,2,2016-06-23 12:16:00,2016-06-23 12:26:05.502873136,1,-74.03556794295339,40.798158218862994,-74.01290460453333,40.791033396049215,N,605
demo_003283,1,2016-01-18 14:26:00,2016-01-18 14:53:07.156424760,2,-74.03583740154417,40.711259010237406,-74.12,40.714095011290155,N,1627
demo_003284,2,2016-03-15 12:42:00,2016-03-15 12:52:49.974446791,1,-74.0794334798708,40.68248549889943,-74.07284345700512,40.697490420602115,N,649
demo_003285,2,2016-03-25 06:45:00,2016-03-25 06:56:43.349613761,3,-74.1,40.75913104149157,-74.07885263784688,40.76421034206893,N,703
demo_003286,1,2016-01-24 13:58:00,2016-01-24 14:06:43.080739930,1,-73.99093018203297,40.805976057761626,-73.97177686616112,40.7990394559683,N,523
demo_003287,2,2016-02-06 02:25:00,2016-02-06 02:42:21.915197981,2,-73.88058963311857,40.75948334300437,-73.92244477231979,40.734774932478395,N,1041
demo_003288,1,2016-02-01 06:37:00,2016-02-01 06:53:47.432499891,3,-73.90414492142939,40.74623563890808,-73.87708572237116,40.76991650454062,N,1007
demo_003289,1,2016-02-03 08:49:00,2016-02-03 08:53:40.542510982,4,-74.02902041354554,40.69295292217907,-74.02869475613704,40.690203722312255,N,280
demo_003290,1,2016-03-13 15:14:00,2016-03-13 15:26:24.902181706,3,-73.97825435161742,40.77382889429458,-73.95756803495534,40.762116569829395,N,744
demo_003291,1,2016-03-24 11:44:00,2016-03-24 11:51:39.896092897,5,-74.05090607795226,40.78114462881091,-74.0553111041319,40.77611036318575,N,459
demo_003292,2,2016-02-12 20:05:00,2016-02-12 20:16:20.798772764,5,-74.04404492888861,40.695639362531466,-74.03070862104167,40.67585526515289,N,680
demo_003293,1,2016-02-22 02:20:00,2016-02-22 02:37:54.776591212,1,-74.03888626689337,40.7977086357044,-74.00006301389195,40.7833804397723,N,1074
demo_003294,1,2016-02-04 14:27:00,2016-02-04 14:38:06.890569428,5,-73.99514744079988,40.78479934340623,-74.00228821269347,40.76961296894739,N,666
demo_003295,1,2016-05-23 06:58:00,2016-05-23 07:04:35.876778960,1,-73.99321068245953,40.79763105798916,-73.98326701414815,40.789872947703145,N,395
demo_003296,1,2016-02-08 02:46:00,2016-02-08 03:05:04.349785961,2,-73.9736284113137,40.77842337821417,-73.92988650697971,40.79612876204826,N,1144
demo_003297,1,2016-06-12 08:51:00,2016-06-12 09:00:30.401467592,5,-73.95515526246331,40.780878894808396,-73.95981831823165,40.791870920658994,N,570
demo_003298,2,2016-04-06 23:51:00,2016-04-07 00:12:35.612377606,4,-74.00015964155278,40.77622523145456,-74.0395485073424,40.81798714145114,N,1295
demo_003299,1,2016-05-24 11:45:00,2016-05-24 12:01:56.092834307,2,-73.98337091132018,40.788396531252545,-73.95970940197472,40.82111321673957,N,1016
demo_003300,1,2016-04-24 13:13:00,2016-04-24 13:39:32.600507448,1,-74.03422156280106,40.69434347808067,-73.98400084642974,40.747166865958,N,1592
demo_003301,1,2016-02-17 21:15:00,2016-02-17 21:33:51.053408034,2,-74.04550236609157,40.70546291982325,-74.00039494314295,40.72056019877436,N,1131
demo_003302,1,2016-04-18 05:53:00,2016-04-18 06:05:27.841645242,5,-74.05245375557217,40.73223972349336,-74.02742918375067,40.746903564497444,N,747
demo_003303,1,2016-02-19 08:15:00,2016-02-19 08:49:24.322376159,4,-73.95578384894922,40.75345629399146,-74.03782936439244,40.74029606799526,N,2064
demo_003304,1,2016-01-22 08:10:00,2016-01-22 08:26:37.641877991,1,-74.00020585316398,40.77158479231579,-74.02245999860885,40.79388719454817,N,997
demo_003305,2,2016-02-15 20:25:00,2016-02-15 20:36:22.926384503,3,-74.0692004118271,40.76936385786301,-74.08966142889516,40.75164870075185,N,682
demo_003306,2,2016-02-19 14:46:00,2016-02-19 15:04:49.481053334,2,-73.98783900287076,40.79709870340096,-73.98626860915677,40.75739640424266,N,1129
demo_003307,2,2016-01-25 07:21:00,2016-01-25 07:56:18.510676645,1,-74.04119695993037,40.79819733545032,-73.98210769072494,40.839408067041006,N,2118
demo_003308,1,2016-01-05 05:59:00,2016-01-05 06:17:22.596847378,1,-73.91028295314622,40.72746652120972,-73.94810191032073,40.69373861815464,N,1102
demo_003309,2,2016-06-18 21:12:00,2016-06-18 21:37:22.076353376,5,-74.01104697747141,40.76635016385177,-73.93256990437054,40.77819916217085,N,1522
demo_003310,2,2016-04-02 09:58:00,2016-04-02 10:13:54.142996001,1,-73.95433223063814,40.72832589582974,-73.96771370935274,40.70455694876324,N,954
demo_003311,1,2016-03-13 08:50:00,2016-03-13 09:10:22.249488056,2,-73.93599666376768,40.75141135365763,-73.96283820973925,40.78183137947301,N,1222
demo_003312,2,2016-06-16 09:23:00,2016-06-16 09:45:32.851804793,6,-74.02797178036506,40.7692626979167,-73.99838961543415,40.80336234753251,N,1352
demo_003313,1,2016-02-10 10:39:00,2016-02-10 10:54:13.842746968,5,-73.98157787971003,40.63869507732349,-73.94922723037119,40.652982878123915,N,913
demo_003314,2,2016-03-13 12:24:00,2016-03-13 12:39:22.820266290,4,-73.96009394443753,40.842393541387395,-73.9373458025517,40.876045388543254,N,922
demo_003315,1,2016-06-01 09:37:00,2016-06-01 09:51:50.776482909,5,-73.97980042224154,40.77782430370891,-74.00673136357975,40.77802240475635,N,890
demo_003316,1,2016-04-23 18:22:00,2016-04-23 18:56:05.395143274,1,-73.96875046583106,40.737150385360536,-73.9511794813602,40.79747310174284,N,2045
demo_003317,1,2016-03-12 20:31:00,2016-03-12 20:48:14.871952418,2,-74.04483332271016,40.82545794143306,-74.08100784374669,40.845604402737365,N,1034
demo_003318,1,2016-02-16 01:10:00,2016-02-16 01:24:57.231073742,3,-73.96006837011285,40.74583990903299,-73.98797197535215,40.721525016923145,N,897
demo_003319,1,2016-01-07 07:42:00,2016-01-07 07:48:12.785252702,5,-74.00687738873778,40.762638178503984,-74.01019784448143,40.764517559640076,N,372
demo_003320,1,2016-01-16 07:25:00,2016-01-16 07:39:58.578522870,1,-73.96927469495222,40.74095094663608,-73.99797342094875,40.73683339192828,N,898
demo_003321,2,2016-01-30 03:35:00,2016-01-30 03:49:04.772323587,4,-73.94360050195019,40.81581971431052,-73.90675431327443,40.809058264732705,N,844
demo_003322,1,2016-05-21 14:11:00,2016-05-21 14:30:46.554964846,1,-73.95490361716168,40.7543255352793,-73.97513948077851,40.70958277612602,N,1186
demo_003323,1,2016-04-25 01:33:00,2016-04-25 01:41:43.120545000,6,-73.96930761235298,40.76323194352589,-73.97702357999282,40.77367728622586,N,523
demo_003324,1,2016-03-19 00:34:00,2016-03-19 00:52:25.854700435,2,-73.9561042266717,40.80013237535589,-73.98691116653029,40.7627170449245,N,1105
demo_003325,1,2016-05-20 22:09:00,2016-05-20 22:38:55.981833089,5,-73.954021502575,40.77847988101114,-73.91770515917524,40.710293884437036,N,1795
demo_003326,1,2016-01-29 22:34:00,2016-01-29 22:44:50.784681608,4,-73.91770244773772,40.75609781772031,-73.94101689183996,40.74680944940998,N,650
demo_003327,1,2016-02-07 23:14:00,2016-02-07 23:31:27.130010492,3,-73.98653228147582,40.796863684032516,-73.94656189287976,40.77645455539093,N,1047
demo_003328,1,2016-03-11 16:35:00,2016-03-11 16:55:58.993374844,5,-73.97762193529509,40.84684691302998,-73.94022290981022,40.82358541368882,N,1258
demo_003329,1,2016-06-14 03:08:00,2016-06-14 03:39:50.571224339,4,-73.94305699359607,40.76910936570798,-73.95866492687915,40.68532577504811,N,1910
demo_003330,2,2016-04-20 13:28:00,2016-04-20 13:38:35.474659547,3,-74.00706744243936,40.762086603075545,-74.00602906915023,40.73911384542481,N,635
demo_003331,2,2016-06-02 04:18:00,2016-06-02 04:27:00.766708311,4,-74.0450870362705,40.76397194792667,-74.06166685045038,40.75928361756701,N,540
demo_003332,1,2016-02-14 16:03:00,2016-02-14 16:18:15.827251290,2,-73.96280464214378,40.8038650325291,-73.94370437230978,40.786742876146505,N,915
demo_003333,1,2016-06-01 17:00:00,2016-06-01 17:09:08.078478551,5,-73.99427106580772,40.73702807927385,-74.00107756170424,40.74748635853269,N,548
demo_003334,1,2016-01-14 01:06:00,2016-01-14 01:23:08.249997959,5,-74.03933873352804,40.748258885410095,-74.05395055676009,40.78586072291893,N,1028
demo_003335,1,2016-02-10 23:29:00,2016-02-10 23:36:49.939744158,3,-73.9624756131779,40.70418949678057,-73.9608593424645,40.718131417667465,N,469
demo_003336,2,2016-04-04 03:28:00,2016-04-04 03:50:23.039438723,4,-73.92059901432368,40.7165646248076,-73.9759765660471,40.744277270748356,N,1343
demo_003337,2,2016-01-10 02:18:00,2016-01-10 02:33:34.691799459,5,-74.058338414583,40.739876999905576,-74.06099310315118,40.76982342052609,N,934
demo_003338,1,2016-06-03 11:41:00,2016-06-03 11:55:50.026372264,4,-73.93899537521526,40.75604220520789,-73.91625895626038,40.72853296449709,N,890
demo_003339,1,2016-06-05 03:16:00,2016-06-05 03:23:57.545839444,2,-74.09916803820856,40.819917916401955,-74.09433613489942,40.831774013104486,N,477
demo_003340,2,2016-04-07 11:08:00,2016-04-07 11:23:07.452187432,2,-74.00301289835816,40.77675974817239,-73.9697049185578,40.80362899671326,N,907
demo_003341,1,2016-02-25 01:03:00,2016-02-25 01:13:23.290137914,6,-73.90217678394909,40.72607725214336,-73.91538221702422,40.71430631923605,N,623
demo_003342,2,2016-01-18 19:31:00,2016-01-18 19:46:06.085016412,5,-73.99977458218308,40.73252068301226,-74.0158497571145,40.711173763461446,N,906
demo_003343,2,2016-04-21 09:43:00,2016-04-21 10:04:13.282459704,2,-73.98095277218806,40.80611620391308,-74.02005893732722,40.82043717831192,N,1273
demo_003344,2,2016-04-06 18:44:00,2016-04-06 19:06:50.878785881,5,-73.95067102096519,40.797431362202026,-73.96487209258939,40.75742738266376,N,1370
demo_003345,1,2016-05-16 19:03:00,2016-05-16 19:34:54.248940984,1,-74.06224130813273,40.75898524685785,-73.99343506625897,40.729609123115054,N,1914
demo_003346,1,2016-04-18 10:57:00,2016-04-18 11:06:29.921173836,5,-73.98175573396222,40.742511573706146,-73.97211171618069,40.724509152321396,N,569
demo_003347,2,2016-01-24 02:13:00,2016-01-24 02:22:49.034038734,2,-73.98211041176174,40.79737264924967,-74.00260417931467,40.8095365330042,N,589
demo_003348,2,2016-01-22 22:01:00,2016-01-22 22:18:59.962709085,2,-73.9011955562038,40.723233550564636,-73.93641052403615,40.729144188646636,N,1079
demo_003349,2,2016-05-20 13:13:00,2016-05-20 13:33:46.515326012,6,-74.0406083373949,40.77172106393201,-74.09655691279671,40.79959507767992,N,1246
demo_003350,1,2016-01-29 14:59:00,2016-01-29 15:15:01.497345873,1,-74.00216926924026,40.83754306468127,-74.03123304416951,40.812652573213455,N,961
demo_003351,1,2016-06-17 22:22:00,2016-06-17 22:36:09.345079940,5,-74.02677601058706,40.765187448878805,-74.00020423778821,40.73884967865458,N,849
demo_003352,2,2016-01-20 01:41:00,2016-01-20 01:50:23.847065350,3,-74.03154853116611,40.73085366822585,-74.04649464322958,40.744999291382086,N,563
demo_003353,1,2016-05-11 02:34:00,2016-05-11 02:52:27.542832165,3,-73.9342668772821,40.77236290459351,-73.96780288846709,40.750798898182616,N,1107
demo_003354,1,2016-06-24 12:59:00,2016-06-24 13:12:10.616630803,3,-73.98380068240996,40.74154969483447,-74.01348711485116,40.72525508911612,N,790
demo_003355,1,2016-03-20 10:04:00,2016-03-20 10:25:54.689901981,6,-74.0100005238392,40.70920594546863,-73.9872686958413,40.659073294808834,N,1314
demo_003356,1,2016-01-11 05:00:00,2016-01-11 05:07:21.537652832,4,-74.00830306555142,40.782536260940525,-74.01114727318978,40.79038910297869,N,441
demo_003357,2,2016-06-06 19:14:00,2016-06-06 19:42:31.009026355,2,-74.01034521846255,40.79712420401924,-74.0322973729599,40.83873904675828,N,1711
demo_003358,2,2016-02-03 17:09:00,2016-02-03 17:25:32.638253267,1,-74.00632114298334,40.747118266477464,-74.01711473591774,40.71932746573735,N,992
demo_003359,1,2016-04-04 22:37:00,2016-04-04 23:04:18.244415190,2,-74.04190004049302,40.74479675140663,-73.96469413109885,40.77238274892308,N,1638
demo_003360,1,2016-06-26 05:11:00,2016-06-26 05:28:00.937024351,1,-73.99664282941544,40.72434521131074,-73.95395602181824,40.72274144962401,N,1020
demo_003361,2,2016-05-14 01:24:00,2016-05-14 01:49:17.589013064,1,-74.00116430112435,40.75275225398364,-73.9497624145859,40.705086058746566,N,1517
demo_003362,1,2016-01-09 08:05:00,2016-01-09 08:33:54.521570840,6,-74.01910085178815,40.73831710659769,-74.08042448988519,40.714159481495734,N,1734
demo_003363,1,2016-05-27 16:35:00,2016-05-27 16:52:00.227128015,3,-73.97802291846628,40.72261385596539,-73.98331149819057,40.69678923797969,N,1020
demo_003364,2,2016-01-30 00:33:00,2016-01-30 00:42:26.480569114,6,-73.97420497339468,40.82422590906399,-73.99677259186495,40.81567965886519,N,566
demo_003365,2,2016-05-14 21:12:00,2016-05-14 21:20:49.835096120,4,-74.01004912464313,40.77432724858623,-73.99101471778894,40.78565413437429,N,529
demo_003366,2,2016-04-21 18:31:00,2016-04-21 19:02:49.240705376,2,-73.99148603678448,40.77803382878103,-73.95439279603865,40.82795474538654,N,1909
demo_003367,2,2016-02-21 19:31:00,2016-02-21 19:52:35.878478824,1,-73.88786193228947,40.78891898491264,-73.87643701483726,40.75027804844984,N,1295
demo_003368,2,2016-03-17 05:59:00,2016-03-17 06:11:20.871030874,5,-73.88958050336291,40.784986267586596,-73.92011695485598,40.771897277869755,N,740
demo_003369,1,2016-01-22 05:05:00,2016-01-22 05:18:06.344815636,1,-74.03243405855584,40.74354115165212,-74.05556952538574,40.71934966862353,N,786
demo_003370,2,2016-06-26 14:54:00,2016-06-26 15:10:22.987657170,1,-74.02615014049648,40.767539341804,-74.00443016018184,40.73330389634379,N,982
demo_003371,1,2016-02-12 21:37:00,2016-02-12 21:47:13.554959482,3,-74.03267314746464,40.74858393305088,-74.0074705864023,40.751161020589336,N,613
demo_003372,2,2016-02-25 13:29:00,2016-02-25 13:33:15.263418272,2,-73.93743257270125,40.77334622686718,-73.93249923966594,40.773386186629224,N,255
demo_003373,2,2016-03-31 12:25:00,2016-03-31 12:46:04.033359044,2,-74.00293381848091,40.76995918100854,-73.99839113630227,40.7209865176373,N,1264
demo_003374,2,2016-05-01 00:41:00,2016-05-01 00:47:33.765589680,4,-73.97421465903817,40.744606890869754,-73.97246037028627,40.74509695512428,N,393
demo_003375,2,2016-03-31 22:47:00,2016-03-31 23:01:10.518600629,4,-73.89513647000236,40.71147454469774,-73.8857180904812,40.678928852889136,N,850
demo_003376,2,2016-03-31 22:12:00,2016-03-31 22:21:21.625318745,3,-73.98547091574397,40.763118296993795,-73.96041228161296,40.76343764541044,N,561
demo_003377,1,2016-04-14 21:01:00,2016-04-14 21:17:40.180847577,4,-73.95321880752093,40.75085056792675,-73.93116300776765,40.78512697324331,N,1000
demo_003378,1,2016-06-03 09:14:00,2016-06-03 09:22:45.518053113,5,-73.96158106628148,40.6918369713302,-73.96075557609556,40.70433980627925,N,525
demo_003379,2,2016-03-12 02:50:00,2016-03-12 02:55:39.296599860,1,-74.01146978082632,40.77576816191111,-74.01318651043277,40.7805611234601,N,339
demo_003380,2,2016-05-29 18:48:00,2016-05-29 19:00:44.539157659,3,-73.93733772207162,40.7917869739285,-73.94039316288907,40.77751029847861,N,764
demo_003381,2,2016-05-21 15:22:00,2016-05-21 15:31:57.431582016,1,-74.02323653640951,40.846492476632314,-74.0505481089565,40.84829790320512,N,597
demo_003382,1,2016-06-21 23:32:00,2016-06-21 23:47:24.349419046,6,-73.92470540961001,40.74430808738378,-73.95246139483662,40.75951595138446,N,924
demo_003383,2,2016-06-13 08:49:00,2016-06-13 09:01:46.796327606,4,-74.01143529343442,40.739145083620784,-73.9923968238163,40.75167757487661,N,766
demo_003384,1,2016-05-23 16:08:00,2016-05-23 16:20:53.917224305,5,-74.00650854742412,40.71917026393463,-74.03145895844793,40.71649135731166,N,773
demo_003385,2,2016-02-14 09:51:00,2016-02-14 10:05:10.405908481,5,-74.0339819520632,40.76530246672705,-74.00549426668624,40.7711716274734,N,850
demo_003386,1,2016-05-19 08:57:00,2016-05-19 09:19:16.638000235,1,-74.02659167348675,40.765081136319544,-74.028388668373,40.729533967178405,N,1336
demo_003387,2,2016-05-12 13:46:00,2016-05-12 13:59:56.993298992,3,-74.00420439450478,40.729604628282466,-73.97551856045955,40.709777535363465,N,836
demo_003388,1,2016-02-22 02:38:00,2016-02-22 02:50:08.024648660,6,-74.09441068510597,40.75187745412987,-74.07211712698155,40.77098156744861,N,728
demo_003389,1,2016-05-02 00:50:00,2016-05-02 01:03:53.170107885,4,-73.9954999553529,40.68874670165888,-73.96599740798588,40.71148159134598,N,833
demo_003390,1,2016-02-15 12:49:00,2016-02-15 12:57:39.141974347,4,-74.00785884067587,40.790423186174166,-74.02453164215343,40.79295034812683,N,519
demo_003391,1,2016-04-04 03:45:00,2016-04-04 04:05:02.487151889,6,-73.94944950056247,40.73102622591148,-73.9351380197957,40.77095830073934,N,1202
demo_003392,1,2016-05-23 09:57:00,2016-05-23 10:12:12.883356305,5,-73.96596586677394,40.75678702770055,-73.94013978713976,40.770503551945005,N,912
demo_003393,2,2016-02-03 22:27:00,2016-02-03 22:44:58.043043107,5,-74.01684368439946,40.70806573025458,-74.07114011887845,40.70177128727228,N,1078
demo_003394,1,2016-03-01 15:38:00,2016-03-01 15:59:27.144760606,5,-74.00563478417416,40.737617624018846,-73.94607551350995,40.704684299686754,N,1287
demo_003395,2,2016-05-23 03:24:00,2016-05-23 03:51:54.990135715,3,-73.99555781173343,40.74821430962689,-73.91624945511944,40.78706010737767,N,1674
demo_003396,1,2016-03-22 16:22:00,2016-03-22 16:46:38.520840760,6,-73.91813195504858,40.75760482035637,-73.88497686474116,40.77840339169954,N,1478
demo_003397,2,2016-06-21 21:54:00,2016-06-21 22:14:39.027329102,6,-74.02200371062054,40.77479063804329,-73.99379788394599,40.823345046462414,N,1239
demo_003398,2,2016-01-02 10:23:00,2016-01-02 10:47:38.753658642,1,-74.01738922992278,40.80836762792202,-73.9967826790117,40.86687250922062,N,1478
demo_003399,1,2016-05-09 22:19:00,2016-05-09 22:34:23.547656758,4,-74.03578628682277,40.78364488299693,-74.04710645378181,40.748897494713795,N,923
demo_003400,2,2016-05-26 13:20:00,2016-05-26 13:34:25.512949128,2,-74.05169177657463,40.79167575901012,-74.05554773396902,40.756998747918686,N,865
demo_003401,1,2016-06-14 05:09:00,2016-06-14 05:39:41.905499454,4,-73.97118483693686,40.80861364384801,-73.93743066559924,40.73130724620865,N,1841
demo_003402,2,2016-01-29 05:10:00,2016-01-29 05:29:55.013294205,5,-73.9758693501017,40.7779397758533,-74.00993195192203,40.8027355535531,N,1195
demo_003403,1,2016-06-26 03:40:00,2016-06-26 03:55:31.314762146,5,-73.9272757166224,40.75671524815334,-73.96440080858193,40.77444028071551,N,931
demo_003404,1,2016-03-11 14:38:00,2016-03-11 14:45:55.201203745,5,-73.93813659465229,40.79331891671893,-73.95204311625828,40.795958949722326,N,475
demo_003405,1,2016-03-04 08:51:00,2016-03-04 09:12:01.285831189,3,-73.87712974784607,40.795555325008664,-73.85416088672473,40.762449727770495,N,1261
demo_003406,2,2016-03-04 23:56:00,2016-03-05 00:09:16.647005569,1,-73.98832427453935,40.78069980432881,-74.01863204007896,40.77829589472244,N,796
demo_003407,1,2016-04-24 21:07:00,2016-04-24 21:16:01.952433830,6,-73.99672383037083,40.70708803410374,-74.00461339271293,40.71207508246895,N,541
demo_003408,2,2016-04-28 16:08:00,2016-04-28 16:24:35.700600919,1,-74.043510185531,40.72854889464169,-74.04724383167283,40.749682487647426,N,995
demo_003409,1,2016-03-26 07:23:00,2016-03-26 07:41:49.407875709,2,-73.95365398246356,40.74838010635894,-73.98906940581577,40.7557507530495,N,1129
demo_003410,1,2016-01-13 18:52:00,2016-01-13 19:27:28.103809902,5,-73.97966595913492,40.78528673572576,-74.06505783622242,40.803209370690524,N,2128
demo_003411,1,2016-06-26 14:14:00,2016-06-26 14:26:11.503705151,3,-73.95569301627452,40.75725287533253,-73.99162095515418,40.75390134184485,N,731
demo_003412,1,2016-02-09 23:28:00,2016-02-09 23:41:34.298910030,3,-74.03626058986573,40.797790402170776,-74.02712956175965,40.82969041330676,N,814
demo_003413,1,2016-01-17 21:14:00,2016-01-17 21:24:14.639957494,1,-73.9691778114938,40.80403328200605,-73.95216279010408,40.82108999409702,N,614
demo_003414,2,2016-04-17 12:41:00,2016-04-17 12:56:56.338324847,2,-73.97576601719207,40.799970966403706,-73.95846331275692,40.767923773494786,N,956
demo_003415,1,2016-03-15 05:27:00,2016-03-15 05:43:43.059523291,5,-73.97874342320479,40.800193919756815,-73.95740838938528,40.83770286968353,N,1003
demo_003416,2,2016-04-20 19:15:00,2016-04-20 19:38:30.434009451,4,-74.01574696586857,40.721705213336946,-74.03767078738738,40.754795644450255,N,1410
demo_003417,2,2016-06-06 14:19:00,2016-06-06 14:33:33.714398401,2,-73.9314803908151,40.77489224248095,-73.96090171018965,40.787460060381385,N,873
demo_003418,2,2016-01-18 12:26:00,2016-01-18 12:36:04.365782058,3,-73.892736158946,40.73673648356656,-73.87960912877621,40.74431586160122,N,604
demo_003419,2,2016-02-21 03:06:00,2016-02-21 03:23:48.024910952,3,-74.03496548118339,40.70028267840243,-74.04237673364169,40.74506519076215,N,1068
demo_003420,2,2016-04-02 23:35:00,2016-04-02 23:56:01.987544514,6,-73.95258002091832,40.74793851037805,-73.9208322691292,40.703839062988706,N,1261
demo_003421,1,2016-05-21 19:15:00,2016-05-21 19:35:59.580910891,6,-74.1,40.804365793796954,-74.08665192524818,40.83787885594656,N,1259
demo_003422,1,2016-04-18 02:46:00,2016-04-18 03:03:57.219328500,3,-73.95491255227329,40.77412597035415,-73.90997883257414,40.76126838949264,N,1077
demo_003423,2,2016-03-09 21:37:00,2016-03-09 21:50:31.012659645,2,-74.06915695774438,40.82862332800621,-74.08545072839578,40.85819311905929,N,811
demo_003424,1,2016-04-19 19:27:00,2016-04-19 19:44:49.868503395,4,-74.00862353065547,40.76420305508439,-73.97125983190169,40.76745320295795,N,1069
demo_003425,1,2016-06-25 09:30:00,2016-06-25 10:03:22.559850262,1,-74.04408610977895,40.84367309637575,-73.97287245337911,40.81011409374373,N,2002
demo_003426,2,2016-03-27 09:49:00,2016-03-27 10:01:00.056851600,4,-73.99470251727273,40.7642132428931,-73.99282152761646,40.75080720802214,N,720
demo_003427,2,2016-06-08 00:50:00,2016-06-08 01:02:47.000017011,4,-73.94725428357344,40.758786810365386,-73.92977854988051,40.78637349534087,N,767
demo_003428,2,2016-05-20 09:24:00,2016-05-20 09:44:05.435186028,6,-74.06857909686772,40.71322134692275,-74.10114758697217,40.707545734127116,N,1205
demo_003429,2,2016-02-24 05:42:00,2016-02-24 05:56:24.833016711,3,-74.00117658602821,40.79686969591025,-73.96988460762233,40.780089589712865,N,864
demo_003430,1,2016-02-14 21:51:00,2016-02-14 22:06:25.107208868,4,-74.00810159459672,40.74042562048709,-73.96858455866338,40.72346497492662,N,925
demo_003431,1,2016-05-18 15:14:00,2016-05-18 15:24:36.519815792,1,-73.91385280922576,40.7353533326207,-73.9311586706681,40.75269401302101,N,636
demo_003432,2,2016-02-07 08:18:00,2016-02-07 08:47:53.041991213,5,-73.96557075464673,40.80284306973169,-73.94505516965911,40.85011021554547,N,1793
demo_003433,1,2016-03-01 15:13:00,2016-03-01 15:35:15.846668414,2,-74.0379747700973,40.79853779340786,-74.02815822423774,40.74073394240068,N,1335
demo_003434,2,2016-02-12 08:54:00,2016-02-12 09:33:18.336330958,5,-74.00620824705636,40.79762179785238,-73.9925307618967,40.87324027793065,N,2358
demo_003435,2,2016-04-19 03:29:00,2016-04-19 03:41:03.191672746,2,-73.91497530927265,40.74532331030808,-73.88655461834587,40.750824458490435,N,723
demo_003436,1,2016-02-22 22:41:00,2016-02-22 22:51:49.615661604,3,-73.95285356074517,40.75621584471432,-73.93469207793018,40.77188189636739,N,649
demo_003437,2,2016-04-28 12:38:00,2016-04-28 12:46:31.050921931,2,-74.02632050580824,40.755905096080646,-74.0311850797243,40.744126028907665,N,511
demo_003438,1,2016-06-17 06:31:00,2016-06-17 06:42:33.507504427,6,-73.99701817422724,40.78538813632353,-73.96785280178717,40.7852932279524,N,693
demo_003439,1,2016-05-29 07:51:00,2016-05-29 08:10:16.359962391,5,-73.99557991167836,40.8123747633973,-73.956664948545,40.81757261472484,N,1156
demo_003440,1,2016-06-19 15:09:00,2016-06-19 15:23:35.967257153,5,-74.00920918672202,40.770885129431946,-74.02860599191271,40.74255953763885,N,875
demo_003441,2,2016-01-05 09:37:00,2016-01-05 09:51:02.705113096,2,-74.06195954703448,40.82712118798751,-74.06202251648111,40.80536778915455,N,842
demo_003442,1,2016-03-22 23:34:00,2016-03-22 23:56:54.195025855,5,-74.01549297719255,40.78940180463116,-74.07739722537528,40.82138512823523,N,1374
demo_003443,2,2016-02-09 15:04:00,2016-02-09 15:24:02.644182384,3,-73.92248603123606,40.749782021205995,-73.90206009957247,40.707868656381294,N,1202
demo_003444,1,2016-06-14 05:11:00,2016-06-14 05:27:47.867567958,5,-74.00215150191775,40.787004899214516,-73.9593423867485,40.798912955003985,N,1007
demo_003445,2,2016-05-08 03:29:00,2016-05-08 03:37:30.225397568,2,-73.98964641337074,40.81770790975481,-73.99865174633285,40.80770395320184,N,510
demo_003446,2,2016-02-27 15:21:00,2016-02-27 15:32:21.693934888,4,-73.97867634589159,40.82794011441695,-73.97400608036737,40.80200102138111,N,681
demo_003447,1,2016-04-11 10:25:00,2016-04-11 10:47:08.859377986,6,-73.88518363723796,40.79954119706097,-73.892890487961,40.85278335706414,N,1328
demo_003448,2,2016-04-18 23:28:00,2016-04-18 23:40:01.130305956,1,-73.98460063528624,40.75889860587803,-73.9980370031219,40.73312703672397,N,721
demo_003449,1,2016-03-30 05:00:00,2016-03-30 05:15:46.144765361,5,-73.93577245908874,40.750415736108046,-73.9276464640491,40.719902982115215,N,946
demo_003450,2,2016-03-26 09:12:00,2016-03-26 09:27:25.035444845,5,-74.0119181077423,40.778162432624654,-74.03936659660828,40.7731141696296,N,925
demo_003451,1,2016-01-10 22:30:00,2016-01-10 22:40:23.577660780,3,-73.99667296672261,40.81658910733449,-74.00490765949813,40.79583802421373,N,623
demo_003452,2,2016-03-22 10:38:00,2016-03-22 10:50:48.564754529,6,-73.98443512746003,40.77318191927751,-74.01609440994373,40.77335419701637,N,768
demo_003453,2,2016-03-03 16:33:00,2016-03-03 16:44:52.195918401,5,-74.01983598238323,40.77390861551541,-73.99921830187849,40.778104396524995,N,712
demo_003454,1,2016-05-27 06:50:00,2016-05-27 06:56:17.120212942,4,-73.99416730012713,40.7597989249011,-73.98579396591776,40.76613469267324,N,377
demo_003455,1,2016-06-04 17:13:00,2016-06-04 17:23:31.413773142,2,-73.9450377078884,40.74652381280791,-73.96013103499688,40.743178759932334,N,631
demo_003456,1,2016-05-15 01:47:00,2016-05-15 01:59:58.338593723,5,-74.02101640524913,40.752325292267464,-74.01971864915234,40.73336692628398,N,778
demo_003457,2,2016-01-06 13:27:00,2016-01-06 13:36:38.938137003,1,-73.98499599360663,40.7627399094836,-73.99272137755881,40.78011179163594,N,578
demo_003458,1,2016-05-31 10:06:00,2016-05-31 10:20:37.856763683,2,-73.95310699017548,40.818133499868395,-73.91307065920545,40.81511779517278,N,877
demo_003459,2,2016-03-12 08:36:00,2016-03-12 08:47:40.714739097,3,-74.02210097219657,40.74961001775142,-74.03753640323359,40.73622835032594,N,700
demo_003460,1,2016-03-15 22:42:00,2016-03-15 22:59:48.445335514,2,-73.93570637933233,40.7598414226569,-73.91347980554221,40.79980125253253,N,1068
demo_003461,1,2016-06-19 03:02:00,2016-06-19 03:12:20.747769598,4,-73.981720243413,40.72771178188577,-74.00640249839878,40.7244363589552,N,620
demo_003462,1,2016-06-05 02:43:00,2016-06-05 02:58:25.984130233,6,-73.99243051535026,40.78308208732656,-73.96393217133696,40.81256572556697,N,925
demo_003463,2,2016-01-10 03:48:00,2016-01-10 04:05:33.278656116,3,-74.075366651261,40.805833771255145,-74.03906095526088,40.8389584093271,N,1053
demo_003464,2,2016-03-05 18:28:00,2016-03-05 18:52:44.390818595,3,-74.00181255989061,40.81485742460849,-73.9638548396498,40.84962459116499,N,1484
demo_003465,2,2016-05-14 22:43:00,2016-05-14 23:03:25.355104615,3,-73.96827834127346,40.765117758364354,-73.9167927500836,40.783779019183356,N,1225
demo_003466,2,2016-04-06 23:49:00,2016-04-06 23:56:47.197271639,5,-73.90645947415389,40.77810239991478,-73.89622389915112,40.77808529549913,N,467
demo_003467,2,2016-02-16 08:53:00,2016-02-16 09:12:47.348276129,5,-73.95944498806497,40.75262573872405,-73.91611685350676,40.75089661307647,N,1187
demo_003468,1,2016-04-04 11:02:00,2016-04-04 11:21:50.125332379,2,-73.93432026956998,40.776480653789314,-73.87747397123877,40.76988941059027,N,1190
demo_003469,1,2016-06-04 23:45:00,2016-06-05 00:12:21.418091388,6,-74.03940970581299,40.76898878033747,-74.07868153854895,40.71048259724712,N,1641
demo_003470,1,2016-02-10 04:36:00,2016-02-10 04:48:11.010095957,4,-73.99070701230438,40.760039253553806,-74.0118203472661,40.779447037309,N,731
demo_003471,1,2016-05-14 07:00:00,2016-05-14 07:22:25.313311447,6,-73.93006641009521,40.7628213792297,-73.98241593492831,40.7694219495221,N,1345
demo_003472,1,2016-05-12 06:10:00,2016-05-12 06:26:27.004464832,6,-74.024948009768,40.77381727991878,-73.98780796540262,40.79610643510642,N,987
demo_003473,2,2016-06-08 10:14:00,2016-06-08 10:33:24.465218249,4,-73.9415649816962,40.74770466478041,-73.9943636110548,40.74454562289066,N,1164
demo_003474,1,2016-02-23 15:06:00,2016-02-23 15:27:50.761328580,5,-73.95200069609298,40.74951261227727,-74.0142951780098,40.76746289165002,N,1310
demo_003475,2,2016-02-08 20:47:00,2016-02-08 21:09:14.855860652,4,-73.97263743581976,40.81775767047851,-74.01104617965109,40.780564979781246,N,1334
demo_003476,1,2016-04-08 13:52:00,2016-04-08 14:16:04.021023374,4,-73.99979161813111,40.852869136909625,-74.06063253849946,40.82129896545956,N,1444
demo_003477,2,2016-04-05 15:11:00,2016-04-05 15:41:43.854511940,4,-74.02938328195576,40.71584715680131,-74.01985775091187,40.64898944360883,N,1843
demo_003478,2,2016-03-14 17:11:00,2016-03-14 17:29:31.355321340,2,-73.90510793176534,40.71391850784684,-73.94306692435386,40.71029107955939,N,1111
demo_003479,1,2016-05-20 06:26:00,2016-05-20 06:46:08.673743483,3,-73.95656618670242,40.72449965102672,-74.01572608862254,40.703641460156696,N,1208
demo_003480,1,2016-05-23 19:53:00,2016-05-23 20:09:55.237452196,5,-73.96967227438961,40.75438490547365,-73.97113784059329,40.729993594844046,N,1015
demo_003481,1,2016-02-14 05:25:00,2016-02-14 05:34:10.478418911,5,-74.0035782386691,40.789352317886305,-74.00297931767346,40.798387932091366,N,550
demo_003482,1,2016-05-23 04:41:00,2016-05-23 05:02:15.168921276,3,-73.98329577666846,40.77869385297169,-74.04873818508047,40.76720515872836,N,1275
demo_003483,1,2016-02-11 12:49:00,2016-02-11 13:08:51.803496039,1,-73.97758772285135,40.76402108978732,-74.00256726392283,40.72532763260362,N,1191
demo_003484,1,2016-03-14 08:58:00,2016-03-14 09:34:39.596505442,1,-73.96700559418699,40.77651274414353,-73.96961795050603,40.84522144700784,N,2199
demo_003485,2,2016-01-05 21:25:00,2016-01-05 21:33:37.885023381,6,-73.95195468701876,40.73377698451801,-73.9644435015902,40.73277769776483,N,517
demo_003486,1,2016-03-02 06:30:00,2016-03-02 06:50:19.350091357,1,-74.02021121866348,40.74945570298866,-74.03174313161033,40.7202103005594,N,1219
demo_003487,2,2016-06-21 12:47:00,2016-06-21 13:02:37.523893782,2,-74.05099686344691,40.75729669080685,-74.00972181919114,40.73921113336166,N,937
demo_003488,2,2016-03-20 15:52:00,2016-03-20 16:15:24.613692145,1,-73.9812073616927,40.70255242813949,-73.90607829396137,40.69787756797624,N,1404
demo_003489,1,2016-05-07 19:16:00,2016-05-07 19:25:31.754106990,2,-74.06362478017961,40.717354142834715,-74.07459022718898,40.71262250185377,N,571
demo_003490,2,2016-01-20 10:14:00,2016-01-20 10:34:27.662177023,6,-73.99956474477472,40.71874518785528,-74.04583059841501,40.75390362322752,N,1227
demo_003491,1,2016-04-24 09:37:00,2016-04-24 09:43:49.707381114,2,-74.00791354235503,40.78474378782894,-74.01612395080652,40.782599178972866,N,409
demo_003492,1,2016-03-07 21:12:00,2016-03-07 21:32:54.785293829,6,-73.96287133135093,40.766587423200036,-73.95607107273125,40.816678043840476,N,1254
demo_003493,1,2016-05-13 22:03:00,2016-05-13 22:12:45.076027267,5,-73.89578313340311,40.77938714200259,-73.89764788247005,40.767711722514264,N,585
demo_003494,2,2016-06-16 01:02:00,2016-06-16 01:11:29.086036507,5,-74.07250657807566,40.69361207535692,-74.0511323889378,40.705125848443934,N,569
demo_003495,1,2016-04-05 16:34:00,2016-04-05 17:08:23.590440670,2,-73.88266167363567,40.706075165988196,-73.8052448498788,40.73366863123505,N,2063
demo_003496,1,2016-01-19 12:12:00,2016-01-19 12:34:26.763951602,6,-73.99548838216036,40.78121254040898,-74.05544761215818,40.81348165263619,N,1346
demo_003497,1,2016-03-26 16:53:00,2016-03-26 17:16:48.183480334,4,-73.96934860930223,40.66074656254169,-73.98709639764841,40.69616711241227,N,1428
demo_003498,1,2016-01-23 03:49:00,2016-01-23 04:06:56.765852998,5,-74.04866744709307,40.800862027516,-73.99472743588541,40.79351771051223,N,1076
demo_003499,1,2016-03-21 21:58:00,2016-03-21 22:06:02.901001995,3,-73.94014077933981,40.69418389997671,-73.95841237394912,40.69403568994928,N,482
demo_003500,2,2016-01-12 00:09:00,2016-01-12 00:39:09.630405549,4,-73.98313373586417,40.78751707121738,-73.95550146316907,40.72057266192016,N,1809
demo_003501,2,2016-04-25 06:41:00,2016-04-25 06:51:12.638087999,4,-73.98776603350348,40.72689953813351,-73.9656845090963,40.721607267091294,N,612
demo_003502,2,2016-02-25 21:08:00,2016-02-25 21:26:19.291135570,4,-74.07218233017063,40.79471163003101,-74.02889153518215,40.82417549283512,N,1099
demo_003503,1,2016-02-06 06:37:00,2016-02-06 07:00:36.664146639,4,-73.98167914337687,40.87028563198708,-73.91471225233128,40.894500216943186,N,1416
demo_003504,2,2016-01-04 02:45:00,2016-01-04 02:52:51.888554275,5,-73.94693772542826,40.67843878294576,-73.93528018067974,40.67610363067849,N,471
demo_003505,2,2016-06-08 20:24:00,2016-06-08 20:50:06.108576541,6,-73.99563253859674,40.782338200175126,-74.05673658108644,40.82821496513424,N,1566
demo_003506,2,2016-05-30 16:41:00,2016-05-30 16:54:37.100325728,6,-73.93216102944601,40.69471430502422,-73.95667528061526,40.68434616234691,N,817
demo_003507,2,2016-05-26 02:46:00,2016-05-26 03:11:52.096380018,2,-73.93401971726489,40.772936912277615,-73.85750786693411,40.75360113702908,N,1552
demo_003508,2,2016-01-11 11:09:00,2016-01-11 11:29:28.591606045,6,-74.01384929222334,40.75076297427569,-74.06334621555182,40.73812260742458,N,1228
demo_003509,1,2016-03-03 22:06:00,2016-03-03 22:21:38.675535049,3,-73.91321987635412,40.76254238128617,-73.89583164643246,40.73223582561559,N,938
demo_003510,1,2016-06-23 20:13:00,2016-06-23 20:38:48.317593637,2,-73.98296172660537,40.726090980328514,-74.07096954944775,40.74289564618451,N,1548
demo_003511,2,2016-04-14 03:35:00,2016-04-14 03:56:07.646229591,2,-73.98276146371455,40.78531893883238,-74.03005441508068,40.79310794774582,N,1267
demo_003512,1,2016-01-24 03:06:00,2016-01-24 03:20:26.830363457,5,-73.98054584498287,40.70730747567104,-73.94950304013388,40.72377692072311,N,866
demo_003513,1,2016-01-26 09:14:00,2016-01-26 09:22:34.163745302,3,-73.98188079120764,40.801457304201456,-73.9806221589961,40.79026928309931,N,514
demo_003514,1,2016-02-17 08:38:00,2016-02-17 08:48:17.326954090,5,-74.1,40.743676239268645,-74.11317546388858,40.742108268826485,N,617
demo_003515,1,2016-06-24 00:32:00,2016-06-24 00:58:56.029056193,6,-73.99334778791854,40.708905826290895,-74.02185024877096,40.65008852075886,N,1616
demo_003516,2,2016-01-31 12:43:00,2016-01-31 13:05:06.945984724,4,-74.04637759122481,40.81382278881693,-74.11625658011204,40.82398087870233,N,1326
demo_003517,1,2016-06-11 12:29:00,2016-06-11 12:37:58.923966860,2,-73.91181489340029,40.75564300715168,-73.88754568738236,40.75831172643829,N,538
demo_003518,2,2016-05-02 01:01:00,2016-05-02 01:15:41.131170468,1,-73.91362626537254,40.82476725896547,-73.92353642331055,40.79505301210515,N,881
demo_003519,1,2016-06-14 22:35:00,2016-06-14 22:51:36.369670356,6,-73.9466627750395,40.80074746452597,-73.99992805614748,40.79792171115963,N,996
demo_003520,1,2016-05-28 16:22:00,2016-05-28 16:30:19.167643862,2,-73.99573103468025,40.73006490033248,-73.99467441479739,40.72310296917659,N,499
demo_003521,2,2016-02-29 18:56:00,2016-02-29 19:23:30.504248212,1,-74.03036067214717,40.75502535696722,-74.01001699160781,40.80266177921242,N,1650
demo_003522,1,2016-05-29 00:30:00,2016-05-29 00:44:27.401173621,3,-74.0145911450574,40.762236327888225,-74.02161472421179,40.733585899748775,N,867
demo_003523,2,2016-01-31 10:39:00,2016-01-31 10:45:50.001389719,5,-73.89758111421082,40.81142061199953,-73.89352137029489,40.82036911882893,N,410
demo_003524,2,2016-02-22 08:59:00,2016-02-22 09:17:43.359220097,1,-74.0161488823934,40.77331311996785,-74.01481444385134,40.743862374445534,N,1123
demo_003525,2,2016-02-08 02:51:00,2016-02-08 03:04:29.630845867,5,-74.09100179094737,40.76417024173838,-74.11573960924936,40.74910765874848,N,809
demo_003526,2,2016-01-24 23:17:00,2016-01-24 23:25:05.112144046,3,-73.93864255211815,40.75100421445156,-73.93674346565265,40.75847832620125,N,485
demo_003527,2,2016-01-17 04:48:00,2016-01-17 04:58:04.921077564,6,-73.9174773598872,40.75623050374509,-73.89174476729086,40.750523702991785,N,604
demo_003528,2,2016-02-03 17:33:00,2016-02-03 17:49:58.909643252,3,-73.91033529407751,40.80366072299874,-73.87412276551112,40.80349896988098,N,1018
demo_003529,2,2016-01-22 14:52:00,2016-01-22 15:03:26.223011509,4,-73.93827433980879,40.758129687277915,-73.91059881295816,40.76711318420018,N,686
demo_003530,1,2016-03-09 11:26:00,2016-03-09 11:37:52.967464946,3,-73.93093161452444,40.744175095504566,-73.9545600456177,40.730845477082205,N,712
demo_003531,2,2016-01-13 20:02:00,2016-01-13 20:17:58.429589563,5,-73.98261796666759,40.73824224920352,-73.96035052736265,40.76211420564354,N,958
demo_003532,1,2016-01-12 00:42:00,2016-01-12 00:50:54.973313473,1,-74.07843330305712,40.73861821961574,-74.06214197810034,40.73037026654832,N,534
demo_003533,2,2016-06-27 04:02:00,2016-06-27 04:13:06.021174788,1,-73.9837453531325,40.70892664013851,-74.0085851608681,40.70629264267659,N,666
demo_003534,1,2016-01-16 18:50:00,2016-01-16 19:01:28.308065296,4,-73.95702922524113,40.73173686420858,-73.97328017105501,40.74149226862245,N,688
demo_003535,2,2016-01-14 07:55:00,2016-01-14 08:07:34.835638064,3,-73.99108715254548,40.81044470964776,-73.96729789395282,40.816573715079215,N,754
demo_003536,2,2016-01-06 10:03:00,2016-01-06 10:19:21.407210973,2,-73.99313762534328,40.75076902588014,-73.94494583999506,40.768163179842794,N,981
demo_003537,1,2016-01-24 20:34:00,2016-01-24 20:53:51.453510906,5,-74.02838531175583,40.782654408399466,-74.09179382818515,40.79121244723955,N,1191
demo_003538,2,2016-04-05 00:36:00,2016-04-05 00:54:07.861987308,5,-74.03007824344724,40.67124352187347,-73.97267610010431,40.683907349735485,N,1087
demo_003539,2,2016-05-28 21:44:00,2016-05-28 21:57:46.212228618,1,-73.90228331683552,40.77789089581381,-73.86153772817873,40.769105837931356,N,826
demo_003540,1,2016-05-12 06:44:00,2016-05-12 06:58:20.832886409,2,-73.9006544133554,40.75235265534708,-73.89368526584958,40.72349583569877,N,860
demo_003541,1,2016-04-14 10:38:00,2016-04-14 10:55:46.207078594,5,-73.98511912090608,40.741149599198835,-73.99354420272361,40.70260334882451,N,1066
demo_003542,1,2016-01-16 07:18:00,2016-01-16 07:45:54.384120837,3,-73.97233143777082,40.764333598509744,-73.95866626704814,40.719224424523404,N,1674
demo_003543,1,2016-05-19 09:28:00,2016-05-19 09:55:02.847020974,2,-74.02913861256667,40.74064611611658,-74.05155840018973,40.78823973749527,N,1622
demo_003544,2,2016-01-07 16:55:00,2016-01-07 17:29:06.906205846,4,-73.95608413175272,40.68366437780391,-73.96230345745086,40.623919495709764,N,2046
demo_003545,2,2016-04-23 13:32:00,2016-04-23 13:51:26.751494029,3,-73.90581578727736,40.79027867794102,-73.95744173057773,40.8225092124134,N,1166
demo_003546,2,2016-03-14 16:18:00,2016-03-14 16:46:03.205363492,1,-74.05381538509751,40.76650561464719,-74.1147686885949,40.74434215134215,N,1683
demo_003547,2,2016-06-07 18:59:00,2016-06-07 19:36:23.783869529,4,-73.9641252515134,40.74701201408383,-73.88249451929869,40.779045920331065,N,2243
demo_003548,2,2016-02-25 08:32:00,2016-02-25 09:04:02.950136924,5,-73.96074399908098,40.724183511977465,-73.95853636643669,40.66471493122375,N,1922
demo_003549,2,2016-04-24 22:10:00,2016-04-24 22:16:52.207629215,1,-73.96125770682998,40.706554986936254,-73.9541285910949,40.700207451585406,N,412
demo_003550,2,2016-03-20 04:46:00,2016-03-20 05:03:26.276965703,2,-73.91107320494682,40.76583624474738,-73.9121488527057,40.80509490362907,N,1046
demo_003551,1,2016-04-03 23:34:00,2016-04-03 23:46:16.346292267,4,-73.8933791804523,40.81447043360789,-73.92235127113413,40.83372709182173,N,736
demo_003552,1,2016-06-17 23:36:00,2016-06-17 23:44:52.628357863,5,-73.99550676550427,40.76511082668594,-74.00625393934598,40.75600465924729,N,532
demo_003553,1,2016-05-08 07:04:00,2016-05-08 07:32:49.312473029,6,-73.95470718475296,40.70960334378675,-73.95151558046408,40.65714295664549,N,1729
demo_003554,2,2016-03-15 14:52:00,2016-03-15 15:09:13.991960574,4,-73.98120948324232,40.76587908544634,-73.98809182295665,40.73017189534827,N,1033
demo_003555,1,2016-03-21 12:44:00,2016-03-21 13:03:25.808165248,1,-74.01344518818229,40.75613299632137,-74.0397722836516,40.79363996792847,N,1165
demo_003556,2,2016-05-06 19:44:00,2016-05-06 19:55:50.172604467,3,-73.97281336294036,40.7882415269126,-73.95603125517752,40.77883901447875,N,710
demo_003557,2,2016-03-03 06:59:00,2016-03-03 07:06:19.832621330,2,-73.95478252121748,40.77923566120941,-73.9481897570021,40.77729641041725,N,439
demo_003558,1,2016-01-31 05:08:00,2016-01-31 05:15:33.477265195,6,-73.97523820915623,40.653496211306155,-73.9614864371452,40.661151659133125,N,453
demo_003559,2,2016-03-25 04:15:00,2016-03-25 04:31:42.753255794,1,-74.02465315442687,40.777083477154996,-73.99997658600618,40.74190682650163,N,1002
demo_003560,2,2016-01-13 06:43:00,2016-01-13 06:49:41.626633277,3,-74.00586022879351,40.72287822066736,-74.01182856572395,40.73387505552304,N,401
demo_003561,2,2016-01-31 13:09:00,2016-01-31 13:17:55.605707658,4,-74.00551583390786,40.708239494049295,-74.01142691181772,40.69690987607123,N,535
demo_003562,1,2016-03-16 17:27:00,2016-03-16 17:50:23.177004163,2,-74.02290997797188,40.75140343063693,-73.97102413829306,40.759333405847464,N,1403
demo_003563,2,2016-05-23 09:11:00,2016-05-23 09:29:05.391834442,5,-73.97089071882775,40.77238398881605,-74.00393125113956,40.756776613961556,N,1085
demo_003564,1,2016-05-20 15:43:00,2016-05-20 16:08:35.631717256,1,-73.9661849556668,40.70057428863996,-74.03176206685465,40.65810015501831,N,1535
demo_003565,1,2016-02-16 22:14:00,2016-02-16 22:23:55.032342919,6,-73.94092170796007,40.78266017459702,-73.92147785338805,40.77112111623809,N,595
demo_003566,1,2016-03-16 22:43:00,2016-03-16 22:54:05.899630911,3,-74.02359300566722,40.78471685966361,-74.04562025898782,40.80201785532552,N,665
demo_003567,1,2016-01-28 15:15:00,2016-01-28 15:28:07.717790693,3,-74.0109865408803,40.75964416687049,-74.04869382438557,40.77028378927557,N,787
demo_003568,2,2016-05-15 22:39:00,2016-05-15 22:54:08.857497140,6,-73.9150443746631,40.727633172942056,-73.88406104406486,40.72846830636009,N,908
demo_003569,2,2016-02-14 08:14:00,2016-02-14 08:30:31.336401254,1,-73.99240231388328,40.72372176985338,-73.99746920731485,40.747971329884656,N,991
demo_003570,1,2016-05-23 21:57:00,2016-05-23 22:12:10.528281951,3,-73.98364410368367,40.79390762460531,-74.0278688457008,40.788410586266615,N,910
demo_003571,1,2016-05-31 13:44:00,2016-05-31 14:04:49.222292799,1,-73.9928796674628,40.705107205972645,-73.92515655329747,40.70662666645106,N,1249
demo_003572,2,2016-05-04 00:50:00,2016-05-04 01:09:23.018331228,4,-73.93401361315753,40.79525646612868,-73.99038763241144,40.78230276037694,N,1163
demo_003573,2,2016-02-29 10:28:00,2016-02-29 10:42:36.496364887,2,-73.93226860936782,40.75221802943044,-73.93530235309959,40.778046714802784,N,876
demo_003574,1,2016-06-20 12:34:00,2016-06-20 12:55:08.073669066,5,-73.9349056354735,40.754645792512505,-74.00103032259315,40.76251706330099,N,1268
demo_003575,1,2016-05-03 11:44:00,2016-05-03 11:58:06.164662157,4,-73.98380445748892,40.69821693031054,-73.9743314193041,40.683179061335856,N,846
demo_003576,2,2016-04-26 06:01:00,2016-04-26 06:20:28.145192505,4,-74.024259618987,40.7528649179455,-74.04669842349436,40.71266111478925,N,1168
demo_003577,2,2016-06-03 03:41:00,2016-06-03 03:56:51.046600279,6,-73.89836541150083,40.7794754930604,-73.8696907929643,40.809309447482654,N,951
demo_003578,2,2016-06-07 15:56:00,2016-06-07 16:05:40.132871781,6,-73.946466096037,40.711225646925186,-73.94707461955774,40.6911358905432,N,580
demo_003579,2,2016-01-14 23:51:00,2016-01-15 00:08:46.925307394,2,-74.00554965416266,40.77545225535382,-73.95827838189743,40.77739799287104,N,1066
demo_003580,2,2016-06-07 16:17:00,2016-06-07 16:51:13.190675237,4,-73.9209281518875,40.76111542887877,-73.93596813899663,40.82463562032367,N,2053
demo_003581,1,2016-05-17 16:54:00,2016-05-17 17:22:09.870875409,5,-74.00910240118665,40.73546855351587,-74.06526145365176,40.75710931114267,N,1689
demo_003582,1,2016-02-07 04:10:00,2016-02-07 04:29:12.322109457,1,-73.92151834685652,40.7879135580272,-73.91320528500057,40.831414596925526,N,1152
demo_003583,1,2016-02-25 09:06:00,2016-02-25 09:16:34.395393097,3,-73.9184771934777,40.68092101308575,-73.92731670529378,40.666391643147136,N,634
demo_003584,2,2016-05-15 11:30:00,2016-05-15 11:53:12.853157203,4,-74.02646672472565,40.770133826206035,-74.09014082057386,40.799050188920184,N,1392
demo_003585,2,2016-02-08 23:48:00,2016-02-09 00:02:05.872636973,6,-73.95882087636406,40.814680230532566,-73.99575918602706,40.815400293342265,N,845
demo_003586,1,2016-03-22 10:25:00,2016-03-22 10:35:59.479608393,1,-73.94980141832174,40.808398009868526,-73.97560105391342,40.81828046672928,N,659
demo_003587,1,2016-05-04 00:03:00,2016-05-04 00:29:24.711626006,6,-73.86732908601861,40.77164323521885,-73.8128906673546,40.82620596147092,N,1584
demo_003588,2,2016-04-27 02:06:00,2016-04-27 02:16:29.191498030,2,-74.01840355029353,40.74744117283542,-73.99364294730857,40.73991773558338,N,629
demo_003589,2,2016-06-12 18:19:00,2016-06-12 18:29:13.899780996,6,-73.92053555253527,40.73574691052084,-73.93270628323302,40.7362667807701,N,613
demo_003590,1,2016-01-21 01:50:00,2016-01-21 02:02:42.981059486,4,-73.98421942918849,40.74739759721331,-73.96773898864296,40.72301080162259,N,762
demo_003591,2,2016-02-23 02:28:00,2016-02-23 02:50:26.508174531,3,-74.04086138826112,40.77703325367713,-74.11224248405622,40.80102190468665,N,1346
demo_003592,1,2016-06-26 06:40:00,2016-06-26 06:51:12.744422619,1,-73.99039942264254,40.729746466808926,-74.01017113653272,40.71460954055519,N,672
demo_003593,1,2016-04-12 09:21:00,2016-04-12 09:37:57.192723674,3,-73.98488908575051,40.784509833631766,-73.97085424748522,40.81212301485888,N,1017
demo_003594,1,2016-02-14 18:24:00,2016-02-14 18:49:59.216277281,5,-74.0326500586902,40.83266061813012,-74.02686188796635,40.78811296060301,N,1559
demo_003595,1,2016-02-22 04:05:00,2016-02-22 04:14:58.988234152,2,-73.97095218715168,40.75583408677054,-73.98982965225831,40.77064731471005,N,598
demo_003596,2,2016-03-02 01:23:00,2016-03-02 01:32:37.400223017,5,-73.94189858350256,40.710946181885085,-73.94323936812715,40.69356646262138,N,577
demo_003597,1,2016-04-09 18:30:00,2016-04-09 18:43:33.568853397,2,-73.97428097056721,40.71093393387893,-73.96244717290229,40.73065791014084,N,813
demo_003598,2,2016-02-21 05:13:00,2016-02-21 05:19:44.949276956,1,-74.0093829840221,40.785179794309904,-74.00971046712799,40.78481369664284,N,404
demo_003599,1,2016-04-21 22:26:00,2016-04-21 22:39:32.876647726,4,-73.99168124307832,40.75590888373639,-73.96154610458599,40.74145473303494,N,812
demo_003600,1,2016-03-21 03:33:00,2016-03-21 03:40:34.622524634,5,-73.98520445105571,40.78868908136224,-73.97404987720964,40.77825197170659,N,454
demo_003601,1,2016-04-19 20:38:00,2016-04-19 20:51:07.966125449,6,-73.97522052676335,40.73932280127943,-73.95732711029831,40.71636231717785,N,787
demo_003602,1,2016-01-28 22:07:00,2016-01-28 22:26:53.465064498,4,-73.9350576156992,40.787071824163895,-73.87508319811114,40.80969209355756,N,1193
demo_003603,1,2016-04-22 05:43:00,2016-04-22 05:58:44.011200600,4,-73.97276271109763,40.752459528929265,-73.94379998944385,40.72414632049478,N,944
demo_003604,2,2016-06-15 10:53:00,2016-06-15 11:14:30.717763966,5,-74.04812134828833,40.73236235806367,-73.987187802665,40.72515123481788,N,1290
demo_003605,1,2016-01-25 07:32:00,2016-01-25 07:46:14.887135882,3,-74.0103044482395,40.74396505324192,-74.03382145105721,40.75328652189389,N,854
demo_003606,1,2016-02-28 22:33:00,2016-02-28 22:56:22.136368415,1,-73.97752905270966,40.716103097560186,-74.03326353825925,40.7596674497473,N,1402
demo_003607,2,2016-05-04 20:05:00,2016-05-04 20:09:09.672843171,2,-73.93441439817707,40.827627584550356,-73.93932422585195,40.827376522326276,N,249
demo_003608,2,2016-04-21 03:11:00,2016-04-21 03:18:45.053502397,3,-73.92659691013085,40.75462663652546,-73.93449278278956,40.74807885068892,N,465
demo_003609,1,2016-05-01 10:55:00,2016-05-01 11:15:13.416497321,4,-73.90513915962856,40.780557993103876,-73.85405966429494,40.78794613446201,N,1213
demo_003610,1,2016-04-10 17:19:00,2016-04-10 17:53:24.413903347,2,-73.97912235210893,40.739209580349524,-74.01867390725192,40.683226046526315,N,2064
demo_003611,1,2016-05-02 20:46:00,2016-05-02 21:02:39.136023950,2,-73.95065108710239,40.721182526230706,-73.95341185071848,40.68881909231206,N,999
demo_003612,1,2016-04-19 16:33:00,2016-04-19 16:44:42.704910454,6,-74.05045076904813,40.74981418211787,-74.03626949123662,40.739679286648155,N,702
demo_003613,1,2016-01-14 07:59:00,2016-01-14 08:13:07.253731297,1,-73.96565532920773,40.796541738668274,-73.96215174156828,40.77729157159849,N,847
demo_003614,2,2016-05-15 05:32:00,2016-05-15 05:49:27.853821948,5,-74.03338688456574,40.73977438730106,-74.0393904222191,40.69655188849149,N,1047
demo_003615,2,2016-03-21 10:20:00,2016-03-21 10:32:08.260498132,1,-73.98781426380896,40.727531380954474,-73.97526436794674,40.750691404536,N,728
demo_003616,2,2016-01-10 06:16:00,2016-01-10 06:29:40.660992514,2,-73.84865727250076,40.76344124855292,-73.81088885541884,40.77045468025097,N,820
demo_003617,1,2016-03-14 15:01:00,2016-03-14 15:17:14.845241287,6,-73.97134005937143,40.77546579102513,-73.91758896787863,40.77925295270175,N,974
demo_003618,2,2016-03-19 07:58:00,2016-03-19 08:10:23.552644843,6,-74.02387159486311,40.81549968590986,-74.02272334260215,40.796761924828694,N,743
demo_003619,1,2016-01-16 14:35:00,2016-01-16 14:45:41.346277866,3,-73.9666494947319,40.77038126674304,-73.99520409610771,40.77252487678896,N,641
demo_003620,1,2016-06-28 07:06:00,2016-06-28 07:29:49.421906867,1,-74.00826838339653,40.7805397437486,-73.95455969010325,40.794429879153505,N,1429
demo_003621,2,2016-02-10 00:37:00,2016-02-10 00:50:33.627830571,6,-74.02823348509209,40.78317463329221,-74.06595065572783,40.77602243983682,N,813
demo_003622,1,2016-02-29 12:26:00,2016-02-29 12:47:25.290441849,6,-73.89035872099743,40.71764446163236,-73.82768846148839,40.72964791209185,N,1285
demo_003623,2,2016-03-20 08:57:00,2016-03-20 09:22:11.409554585,3,-73.936993458818,40.72428337753357,-73.88994872104584,40.70278974452429,N,1511
demo_003624,1,2016-05-29 20:25:00,2016-05-29 20:44:26.548736909,1,-73.9694508518752,40.7200636298638,-73.91732189417519,40.722695733314524,N,1166
demo_003625,2,2016-05-13 17:21:00,2016-05-13 17:43:40.707954048,5,-74.00263204806114,40.711374898550794,-73.97864336810208,40.7422223521898,N,1360
demo_003626,2,2016-05-18 18:33:00,2016-05-18 19:08:40.264892534,5,-73.99898552673375,40.78584109562047,-74.07292267813857,40.81910562761702,N,2140
demo_003627,2,2016-02-12 16:06:00,2016-02-12 16:34:05.723759980,5,-73.91558831599201,40.76815175320824,-73.95195754507965,40.803996650941876,N,1685
demo_003628,2,2016-06-01 04:16:00,2016-06-01 04:23:15.225545113,5,-73.9712040108051,40.760782362208204,-73.96046292308084,40.76849270942489,N,435
demo_003629,1,2016-05-29 08:31:00,2016-05-29 08:42:16.609350755,6,-74.1,40.667254921960925,-74.12,40.668108498742086,N,676
demo_003630,2,2016-03-24 11:52:00,2016-03-24 12:04:15.575868793,4,-73.87605776679536,40.829941690051655,-73.88709256253718,40.81782438931535,N,735
demo_003631,1,2016-04-08 05:50:00,2016-04-08 06:10:37.345666566,1,-73.97676219393625,40.72670047985463,-73.95531390760735,40.677898391428656,N,1237
demo_003632,2,2016-01-07 16:26:00,2016-01-07 16:46:12.330686033,5,-73.96954839474193,40.82981344645787,-73.97549749471794,40.793501154655054,N,1212
demo_003633,1,2016-05-16 21:01:00,2016-05-16 21:14:47.355714473,2,-73.93609873339544,40.707276548177205,-73.97876445454679,40.702739063934146,N,827
demo_003634,2,2016-06-21 23:11:00,2016-06-21 23:22:44.072225891,4,-73.96405687277098,40.729565959450525,-73.93305881781113,40.72664217132406,N,704
demo_003635,2,2016-03-26 01:26:00,2016-03-26 01:42:38.550672796,1,-73.95138911220275,40.68090027161217,-73.93336751507236,40.71903029338994,N,998
demo_003636,2,2016-04-07 06:57:00,2016-04-07 07:11:54.695374788,1,-74.00406755603142,40.770674374158,-74.0127824140357,40.80617395065114,N,894
demo_003637,2,2016-03-30 20:31:00,2016-03-30 20:45:02.196523357,3,-74.0403407895785,40.71945601127161,-74.01544647313483,40.700920885451474,N,842
demo_003638,2,2016-01-15 21:01:00,2016-01-15 21:13:01.223860175,4,-73.9723895248337,40.72044499460656,-73.96906287762529,40.742539788913966,N,721
demo_003639,2,2016-04-21 13:11:00,2016-04-21 13:26:09.537258519,1,-73.92057734064764,40.709962002398896,-73.8739796989131,40.6970811430554,N,909
demo_003640,1,2016-05-09 20:38:00,2016-05-09 20:49:54.756907905,5,-74.01415111512723,40.78520742719583,-74.00885883913273,40.803638068456934,N,714
demo_003641,1,2016-06-16 00:49:00,2016-06-16 01:10:58.513988283,4,-74.01776107976688,40.782901227804864,-73.97142361143656,40.80466370646374,N,1318
demo_003642,1,2016-06-16 08:40:00,2016-06-16 09:12:09.952891411,5,-73.93005413328291,40.82142118618776,-73.99563198063105,40.854957692115754,N,1929
demo_003643,2,2016-03-29 12:37:00,2016-03-29 12:47:38.872040894,3,-74.00557603423135,40.73400026826245,-73.98950336841894,40.72069889768331,N,638
demo_003644,2,2016-06-21 14:48:00,2016-06-21 15:00:51.436343621,4,-74.00347519612255,40.76565867798664,-74.01740035900637,40.79304487754053,N,771
demo_003645,2,2016-04-05 03:48:00,2016-04-05 04:10:39.334210449,6,-74.00179149228258,40.71287326809093,-74.0318582768746,40.66230728911566,N,1359
demo_003646,2,2016-04-25 13:37:00,2016-04-25 13:57:11.801939622,2,-73.98792414414457,40.746273634204265,-73.9473766238654,40.78127145760581,N,1211
demo_003647,1,2016-04-18 08:37:00,2016-04-18 08:52:11.995963300,5,-74.05581371431559,40.739840414035164,-74.02469565419992,40.73916496251906,N,911
demo_003648,2,2016-06-28 18:18:00,2016-06-28 18:46:48.607035875,4,-74.00927030506438,40.774255748512346,-74.07949698918262,40.77415509256673,N,1728
demo_003649,1,2016-05-12 18:03:00,2016-05-12 18:34:28.354033388,5,-73.97463343913871,40.79359576322464,-73.94959109190263,40.738584977570994,N,1888
demo_003650,2,2016-01-22 14:25:00,2016-01-22 14:34:00.575157109,4,-73.97495429287213,40.79268733417911,-73.95415911124792,40.78219335522343,N,540
demo_003651,1,2016-01-13 22:23:00,2016-01-13 22:40:48.278273511,5,-73.93289031263392,40.72850157047239,-73.95819781536693,40.765099514261955,N,1068
demo_003652,2,2016-03-14 18:41:00,2016-03-14 18:59:50.921666914,5,-73.90222735000123,40.79294637666181,-73.93146298814494,40.78142542558584,N,1130
demo_003653,1,2016-04-02 19:46:00,2016-04-02 20:11:12.701653496,1,-73.9169382449001,40.75645702020123,-73.97260837776103,40.77572051474756,N,1512
demo_003654,2,2016-04-30 08:27:00,2016-04-30 08:37:34.857495059,1,-73.94384064271667,40.746639108643606,-73.95565425911995,40.74757209709189,N,634
demo_003655,2,2016-03-27 16:28:00,2016-03-27 16:45:39.686777387,1,-73.99169305658452,40.73320209796134,-73.99790512042526,40.76189416473053,N,1059
demo_003656,2,2016-04-02 15:14:00,2016-04-02 15:23:56.551753276,6,-74.01303810814805,40.73840224719735,-73.98514322083551,40.74357277325786,N,596
demo_003657,1,2016-06-14 21:40:00,2016-06-14 21:53:58.221701238,3,-73.98419547053712,40.81898098461687,-73.9747671577796,40.79382207327722,N,838
demo_003658,2,2016-03-01 06:40:00,2016-03-01 06:53:25.741512828,6,-73.95864895536022,40.76875937682729,-73.99574573939587,40.77028354518321,N,805
demo_003659,2,2016-03-29 19:56:00,2016-03-29 20:20:03.364934873,6,-73.94801279907894,40.764111414662544,-73.93965219770587,40.807344271062476,N,1443
demo_003660,1,2016-04-10 07:54:00,2016-04-10 08:04:30.729728031,3,-73.95696114199178,40.74882135995121,-73.96585273167092,40.76225777705819,N,630
demo_003661,1,2016-03-25 07:08:00,2016-03-25 07:23:26.908364829,1,-73.99045289621192,40.84360925140033,-74.02317181369017,40.8404652011034,N,926
demo_003662,2,2016-06-23 06:16:00,2016-06-23 06:44:27.965331375,6,-73.94959119920709,40.803675367109626,-74.00522395273913,40.86458045022623,N,1707
demo_003663,1,2016-06-22 04:42:00,2016-06-22 04:57:58.565756043,3,-73.92826073727124,40.73276282598204,-73.90639262054535,40.764061649951195,N,958
demo_003664,1,2016-04-02 08:40:00,2016-04-02 08:56:16.134222299,2,-73.94539278271697,40.74842347308534,-73.92976888248518,40.770475288801094,N,976
demo_003665,2,2016-03-22 02:29:00,2016-03-22 02:39:44.897758046,5,-73.98644058748235,40.75050144098202,-73.96695367149252,40.759069687543615,N,644
demo_003666,2,2016-04-16 00:20:00,2016-04-16 00:33:12.366609838,3,-74.02252319116278,40.76310551923989,-74.04801174633499,40.78282291277817,N,792
demo_003667,2,2016-02-02 13:25:00,2016-02-02 13:36:26.886962741,2,-74.02359053432247,40.7334570902579,-74.0176027391489,40.75405085623384,N,686
demo_003668,2,2016-03-17 16:14:00,2016-03-17 16:51:23.723472879,3,-74.01565479306164,40.77335857831766,-74.063792538209,40.71442256398775,N,2243
demo_003669,2,2016-02-09 01:04:00,2016-02-09 01:15:56.661964783,6,-73.97343161605963,40.80882308462138,-74.00796201447444,40.819486362367776,N,716
demo_003670,1,2016-01-26 22:17:00,2016-01-26 22:21:25.518425715,2,-73.96160883108999,40.71202301618486,-73.9604282040988,40.7076812579828,N,265
demo_003671,2,2016-01-18 03:12:00,2016-01-18 03:20:08.195402007,6,-74.04865395430748,40.71851486420178,-74.03947159824621,40.705020904827094,N,488
demo_003672,2,2016-04-15 16:07:00,2016-04-15 16:31:52.611142574,4,-74.00767977987636,40.741089450564594,-74.06468840623424,40.7358126440034,N,1492
demo_003673,2,2016-01-01 02:27:00,2016-01-01 02:47:53.365535617,1,-73.97405215406125,40.74271215539623,-74.01106621906185,40.700704240852026,N,1253
demo_003674,2,2016-04-26 07:27:00,2016-04-26 07:54:35.501878785,1,-74.0254855959544,40.82794630561611,-74.0382743452173,40.779221832915105,N,1655
demo_003675,1,2016-03-18 18:00:00,2016-03-18 18:24:55.998388695,4,-73.96547431311232,40.79305982270052,-73.93192615746047,40.82671538797163,N,1495
demo_003676,1,2016-03-06 23:12:00,2016-03-06 23:25:10.335652283,1,-73.99883427309125,40.79105128232414,-74.02729286944157,40.80352954345628,N,790
demo_003677,2,2016-05-18 11:07:00,2016-05-18 11:32:31.873927945,1,-74.01755391222511,40.74874720072703,-74.01263377732728,40.6835958732923,N,1531
demo_003678,1,2016-04-06 23:23:00,2016-04-06 23:33:42.990001037,3,-73.9826057555398,40.747979030762465,-73.9740170131176,40.73241664814462,N,642
demo_003679,1,2016-05-12 00:34:00,2016-05-12 00:45:51.996260946,3,-73.96734738516894,40.707190310518214,-73.97608659906926,40.73096520731992,N,711
demo_003680,1,2016-05-07 16:55:00,2016-05-07 17:04:19.747706741,6,-74.02318380114215,40.785360907981676,-74.01380309980657,40.77780051989122,N,559
demo_003681,2,2016-01-06 18:53:00,2016-01-06 19:19:08.906332306,6,-73.99591755709163,40.77518691116831,-74.04298964525137,40.80880204492087,N,1568
demo_003682,1,2016-02-08 18:55:00,2016-02-08 19:14:48.383403397,6,-73.96395447302118,40.803009907763744,-73.98690702497085,40.83135320634421,N,1188
demo_003683,2,2016-04-12 14:19:00,2016-04-12 14:41:44.930720513,1,-74.01929405824926,40.750620960032535,-73.96909146323785,40.71398975738114,N,1364
demo_003684,1,2016-06-24 14:21:00,2016-06-24 14:38:19.113929433,5,-74.05959905781907,40.75303772988299,-74.00693228624915,40.74916797921407,N,1039
demo_003685,1,2016-01-28 18:30:00,2016-01-28 18:45:16.102383215,6,-74.05414582305603,40.76395159349963,-74.02464359697134,40.751853179029794,N,916
demo_003686,2,2016-01-20 00:00:00,2016-01-20 00:20:03.953031680,4,-74.00381228888256,40.789216415142754,-73.96529856223418,40.75170698119525,N,1203
demo_003687,2,2016-06-18 09:26:00,2016-06-18 09:59:39.392225528,6,-74.04432882243373,40.70654245322659,-74.10823570239512,40.667277046455496,N,2019
demo_003688,1,2016-06-23 00:35:00,2016-06-23 00:50:27.878331112,5,-74.00064748528293,40.78376196468085,-74.0338518412682,40.76199938293232,N,927
demo_003689,2,2016-01-31 03:01:00,2016-01-31 03:10:37.853496738,5,-73.91007757169723,40.757282655323955,-73.92096612663596,40.73997766926711,N,577
demo_003690,1,2016-03-13 07:22:00,2016-03-13 07:56:45.514894784,3,-74.04703692744599,40.720947695621625,-73.9624894600215,40.728594899607195,N,2085
demo_003691,1,2016-04-22 19:04:00,2016-04-22 19:21:09.731473537,3,-73.9977172183165,40.68503879865711,-74.00867515742422,40.7132325624339,N,1029
demo_003692,1,2016-02-05 03:23:00,2016-02-05 03:34:28.461945754,3,-73.88904629505778,40.75322342008426,-73.86297464457097,40.76709183389119,N,688
demo_003693,2,2016-02-28 17:20:00,2016-02-28 17:35:00.939413045,2,-73.96663414626609,40.8086699544146,-73.95339112527716,40.828930004902176,N,900
demo_003694,2,2016-03-12 03:38:00,2016-03-12 03:44:42.096972056,4,-74.0015475479364,40.81661396333595,-73.9890832268108,40.80941528215625,N,402
demo_003695,2,2016-04-25 11:32:00,2016-04-25 11:41:14.384689082,3,-73.99205971855336,40.770438167373456,-73.99288329037716,40.786719172682005,N,554
demo_003696,1,2016-02-25 10:50:00,2016-02-25 11:03:35.930261427,2,-73.9656786871223,40.82667019823448,-74.00767983618022,40.822664073731545,N,815
demo_003697,1,2016-03-15 04:57:00,2016-03-15 05:24:46.655344548,2,-73.90869026312177,40.756497062096514,-74.00323100009376,40.74457730774869,N,1666
demo_003698,2,2016-02-22 02:59:00,2016-02-22 03:22:19.932497565,4,-74.00888841233647,40.7913656243075,-73.96402392546523,40.84258734992768,N,1399
demo_003699,2,2016-05-16 17:39:00,2016-05-16 18:18:01.188925191,1,-74.01909246272997,40.74220691888828,-74.04066988524899,40.6792840680615,N,2341
demo_003700,1,2016-01-28 13:06:00,2016-01-28 13:34:43.288829620,3,-74.0470463929751,40.739989040625055,-74.11239535479909,40.68940982459775,N,1723
demo_003701,2,2016-02-11 12:32:00,2016-02-11 12:40:51.628132635,1,-73.98036067853705,40.73428718090918,-73.96503204280195,40.744620074270784,N,531
demo_003702,1,2016-02-14 23:57:00,2016-02-15 00:07:37.979088195,3,-74.0482559316418,40.685881486850654,-74.03359830232439,40.678726963440276,N,637
demo_003703,1,2016-06-12 01:01:00,2016-06-12 01:18:51.505034031,4,-74.00587021811698,40.803048229098145,-73.97899398721513,40.76424965164364,N,1071
demo_003704,1,2016-06-19 00:08:00,2016-06-19 00:27:21.178991145,4,-74.02589075484997,40.73554286463017,-73.98684070528702,40.70706836894875,N,1161
demo_003705,1,2016-03-31 00:54:00,2016-03-31 01:10:02.088837983,1,-73.93666444203946,40.72994964270857,-73.96882896496425,40.7049906861933,N,962
demo_003706,1,2016-01-29 03:38:00,2016-01-29 03:52:26.003503435,5,-74.00787783743151,40.71670099114356,-74.0385021971649,40.74079407764609,N,866
demo_003707,2,2016-05-16 02:19:00,2016-05-16 02:34:57.601478272,2,-73.96713813523975,40.75084741972123,-73.97829274963367,40.78358250135997,N,957
demo_003708,1,2016-03-29 13:49:00,2016-03-29 14:10:40.963157211,3,-74.05718414007599,40.819722230869594,-74.02842673363406,40.86399042013082,N,1300
demo_003709,2,2016-06-01 22:50:00,2016-06-01 23:17:15.843321708,5,-73.97908218704963,40.831282259778796,-74.05267455183306,40.78837895677914,N,1635
demo_003710,2,2016-03-05 19:10:00,2016-03-05 19:32:51.395881789,1,-74.03914221376374,40.69986965934693,-74.03465499200054,40.66295732396912,N,1371
demo_003711,2,2016-06-28 18:56:00,2016-06-28 19:22:58.463620826,2,-74.00415418249685,40.74559432014083,-73.97152991864003,40.706832405329315,N,1618
demo_003712,2,2016-05-25 06:15:00,2016-05-25 06:33:16.154005247,1,-73.88549588415847,40.721797478046724,-73.85431590851285,40.75659661720251,N,1096
demo_003713,2,2016-02-10 07:26:00,2016-02-10 07:39:23.710478228,2,-73.94305215302415,40.792591820942405,-73.91825249755485,40.803856881211736,N,803
demo_003714,1,2016-05-10 14:21:00,2016-05-10 14:34:37.168836474,1,-73.9907785662274,40.76803077415529,-73.95357354801881,40.77019615299997,N,817
demo_003715,2,2016-02-21 15:22:00,2016-02-21 15:50:08.516112507,1,-73.84104761405976,40.73572007354171,-73.93719900878781,40.74192004827559,N,1688
demo_003716,1,2016-03-03 23:06:00,2016-03-03 23:24:50.000011942,4,-74.0261828610668,40.76054005782069,-73.96971145693178,40.75900704433794,N,1130
demo_003717,1,2016-02-15 01:52:00,2016-02-15 02:05:33.954492699,1,-73.9325652628066,40.741290348250736,-73.92100108943154,40.71101951297076,N,813
demo_003718,1,2016-05-02 19:11:00,2016-05-02 19:34:20.557623995,3,-74.05397035055812,40.81449861330312,-74.00725755604938,40.828354278627316,N,1400
demo_003719,1,2016-02-17 07:36:00,2016-02-17 07:54:33.808812835,2,-73.99597652409416,40.77714358302556,-74.03708873078612,40.77211784337291,N,1113
demo_003720,1,2016-04-24 23:36:00,2016-04-24 23:57:56.879068599,6,-74.04565053875812,40.781443819732075,-74.10703447831872,40.74903513886814,N,1316
demo_003721,2,2016-04-14 20:09:00,2016-04-14 20:30:23.615797615,1,-73.9734225838209,40.66465788826885,-73.9108993648457,40.680163595293514,N,1283
demo_003722,1,2016-05-15 03:27:00,2016-05-15 03:42:19.748587562,3,-73.98248133858895,40.75566239624099,-74.01490960280064,40.744166130061636,N,919
demo_003723,1,2016-06-27 20:01:00,2016-06-27 20:08:29.156065665,3,-73.99884491596326,40.83091238356707,-74.00972462762542,40.837054437711785,N,449
demo_003724,2,2016-01-02 14:06:00,2016-01-02 14:16:54.098135064,5,-73.93585743386932,40.804414517451285,-73.91739652145313,40.801040080096236,N,654
demo_003725,2,2016-06-27 06:00:00,2016-06-27 06:13:49.389675427,1,-74.01051945378512,40.69335186449279,-73.98346842067502,40.71741909134286,N,829
demo_003726,1,2016-01-20 16:24:00,2016-01-20 16:41:11.980649352,6,-73.97029167134868,40.747030095856076,-73.93254710102842,40.752974496160256,N,1031
demo_003727,1,2016-04-04 19:39:00,2016-04-04 19:56:21.224670009,2,-73.94807502768779,40.71594681869285,-73.94025651182912,40.692086913971714,N,1041
demo_003728,1,2016-03-02 08:38:00,2016-03-02 08:56:40.231011606,1,-74.05174495440033,40.8178885546127,-74.0886457772074,40.826582641648244,N,1120
demo_003729,1,2016-04-25 00:35:00,2016-04-25 00:44:54.658532623,5,-74.01867864537535,40.76654973987966,-73.9939465032377,40.77612633544043,N,594
demo_003730,2,2016-05-09 21:54:00,2016-05-09 22:08:23.977597603,4,-73.9825762564708,40.7311271554094,-73.9572867944968,40.74493314570845,N,863
demo_003731,2,2016-06-03 19:04:00,2016-06-03 19:34:34.612609696,4,-73.95664309612573,40.75919552802393,-74.02016931731725,40.787164132901694,N,1834
demo_003732,1,2016-03-13 08:33:00,2016-03-13 08:56:40.982349702,6,-73.92104430053352,40.6667422064826,-73.87139033107566,40.65011067128282,N,1420
demo_003733,1,2016-06-16 22:16:00,2016-06-16 22:45:40.324021453,3,-73.99471459094275,40.72002635437902,-74.08176223738236,40.7380606173929,N,1780
demo_003734,2,2016-02-28 00:55:00,2016-02-28 01:19:10.738661586,6,-73.99924119691924,40.759275530403926,-73.96303664963845,40.71270546498222,N,1450
demo_003735,1,2016-02-06 16:40:00,2016-02-06 16:54:13.098483500,6,-74.02426682135962,40.78759863789587,-74.04646067024164,40.784359047883086,N,853
demo_003736,2,2016-03-09 05:51:00,2016-03-09 06:00:59.936806106,4,-73.97015071585203,40.690054005779096,-73.9454578840071,40.68263818888929,N,599
demo_003737,2,2016-04-05 03:18:00,2016-04-05 03:36:02.253381060,5,-73.99837029081641,40.74465956423042,-73.98051349363094,40.783751385175286,N,1082
demo_003738,1,2016-04-30 06:27:00,2016-04-30 06:32:58.087893205,1,-73.99733145182715,40.793339000848164,-73.99863074103885,40.7891179442658,N,358
demo_003739,2,2016-05-29 21:51:00,2016-05-29 22:00:52.631974112,4,-73.98922498276498,40.70719913364694,-73.97343695038667,40.723614830657574,N,592
demo_003740,1,2016-02-10 11:22:00,2016-02-10 11:40:46.959842394,1,-73.96017673720593,40.76602139921745,-73.96320244014542,40.71845337639989,N,1126
demo_003741,1,2016-02-24 13:49:00,2016-02-24 13:59:48.196772457,3,-74.01036787489306,40.76030910760871,-73.98537959596311,40.75081164256212,N,648
demo_003742,2,2016-06-17 23:05:00,2016-06-17 23:30:46.887829581,5,-74.01974711400091,40.818003311212486,-73.94326260232687,40.79515159479178,N,1546
demo_003743,1,2016-03-20 03:58:00,2016-03-20 04:25:46.703746737,1,-73.96557241162397,40.74994523324109,-74.01251577629618,40.81678403357007,N,1666
demo_003744,1,2016-02-13 11:35:00,2016-02-13 11:46:50.340464618,3,-74.1,40.75199397905688,-74.12,40.7339904666146,N,710
demo_003745,2,2016-06-26 09:52:00,2016-06-26 10:00:21.742448700,3,-74.01216551781478,40.787923591360766,-74.02671411715788,40.78990212632262,N,501
demo_003746,2,2016-03-21 19:33:00,2016-03-21 19:44:36.911837064,2,-74.03680892747333,40.71157779661828,-74.05374983397031,40.71499534327971,N,696
demo_003747,1,2016-06-26 07:24:00,2016-06-26 07:49:30.985461114,4,-73.93085337996425,40.750269087770725,-73.94406826610317,40.707353173915436,N,1530
demo_003748,1,2016-06-14 11:26:00,2016-06-14 11:38:24.826197851,5,-74.00484197431443,40.742049624620584,-74.03726733770189,40.72784666853592,N,744
demo_003749,1,2016-06-12 02:22:00,2016-06-12 02:35:47.099702613,6,-74.01023222518702,40.753138086555325,-73.97969702926497,40.76406678239685,N,827
demo_003750,2,2016-04-14 17:32:00,2016-04-14 17:53:56.701669071,6,-73.9871880118364,40.7876942257137,-74.03553454279225,40.790008727145214,N,1316
demo_003751,1,2016-05-23 17:17:00,2016-05-23 17:51:06.011336611,6,-74.01179175928092,40.777395651977876,-73.99601463058066,40.71528455573366,N,2046
demo_003752,1,2016-06-21 21:35:00,2016-06-21 21:50:23.557167249,2,-74.0031191671169,40.7317961192015,-73.9807728704919,40.71648735019988,N,923
demo_003753,2,2016-02-18 10:38:00,2016-02-18 10:51:22.333251293,1,-73.98063003153096,40.76278447211646,-73.96955372478455,40.79034665697552,N,802
demo_003754,1,2016-01-07 19:04:00,2016-01-07 19:17:15.301389651,2,-74.00399181955278,40.81016545649352,-73.98694180489888,40.82604747553097,N,795
demo_003755,1,2016-02-27 18:04:00,2016-02-27 18:28:37.286848538,6,-74.00431478535224,40.728902200542095,-73.97109043140178,40.76178910104137,N,1477
demo_003756,2,2016-04-24 15:24:00,2016-04-24 15:39:34.129395586,2,-74.030457095317,40.7630808373139,-74.02858231043801,40.73646835920347,N,934
demo_003757,2,2016-04-08 12:15:00,2016-04-08 12:29:29.895415282,5,-74.03692026832343,40.75123937630715,-74.04904764980382,40.78582447375968,N,869
demo_003758,2,2016-01-15 12:07:00,2016-01-15 12:16:58.389839331,3,-73.98227133960843,40.755794824445715,-73.96524837425656,40.75459586114191,N,598
demo_003759,1,2016-04-10 22:33:00,2016-04-10 22:53:02.690631727,5,-73.97120297705963,40.70092698322127,-73.95019015874321,40.74391699074663,N,1202
demo_003760,1,2016-02-01 09:24:00,2016-02-01 09:41:35.191997589,5,-74.04926704897028,40.80737669990093,-74.01812821322763,40.80746591962119,N,1055
demo_003761,2,2016-03-31 23:46:00,2016-04-01 00:15:37.172181560,6,-73.95080263630786,40.73089768346892,-74.01073638290403,40.67561584516563,N,1777
demo_003762,2,2016-04-13 15:01:00,2016-04-13 15:13:16.591352816,1,-73.95061785620788,40.79391251895537,-73.95704145943185,40.816842392380664,N,736
demo_003763,2,2016-04-24 14:24:00,2016-04-24 14:38:56.909488376,2,-73.94113898877747,40.73625181871834,-73.97842687883731,40.724276949413024,N,896
demo_003764,2,2016-03-15 06:14:00,2016-03-15 06:24:03.885229786,1,-73.97150499118668,40.736107337183654,-73.95187122225525,40.72594913767671,N,603
demo_003765,1,2016-03-14 11:57:00,2016-03-14 12:17:54.811131739,3,-73.956331305487,40.8004593137663,-73.93089648449018,40.76122571012741,N,1254
demo_003766,1,2016-05-02 03:26:00,2016-05-02 03:44:04.329228080,3,-73.88667383699398,40.79278596112173,-73.89627828083448,40.83658534759489,N,1084
demo_003767,2,2016-05-14 20:25:00,2016-05-14 20:37:00.798950353,6,-73.99856847203948,40.76530330646374,-74.02409285140803,40.751233574771064,N,720
demo_003768,2,2016-05-25 09:26:00,2016-05-25 09:52:53.375606460,5,-74.03205611754002,40.784640269243226,-74.01116239381761,40.82716623516586,N,1613
demo_003769,1,2016-03-01 00:56:00,2016-03-01 01:05:19.714980332,1,-74.05403269474496,40.74790065269103,-74.05869617583971,40.73625708732802,N,559
demo_003770,1,2016-03-17 08:00:00,2016-03-17 08:27:05.298187694,3,-73.90599467313955,40.75770713302984,-73.85606833996523,40.73265801257181,N,1625
demo_003771,2,2016-02-29 12:31:00,2016-02-29 12:55:14.180018989,5,-73.90540457335857,40.73484314626377,-73.84335121646333,40.77047043396257,N,1454
demo_003772,2,2016-04-04 22:59:00,2016-04-04 23:13:08.897926784,5,-74.02660698838704,40.78964227322551,-73.99158210168483,40.78766223500251,N,848
demo_003773,2,2016-01-23 21:36:00,2016-01-23 21:42:51.845127812,5,-74.01772943657053,40.733730533409144,-74.00958642735885,40.73201408921055,N,411
demo_003774,2,2016-03-18 09:59:00,2016-03-18 10:34:32.833775049,2,-73.9995795966889,40.80998047207283,-73.93568447567252,40.775376571685186,N,2132
demo_003775,1,2016-02-03 23:14:00,2016-02-03 23:21:53.576264421,6,-73.92990844075344,40.74694580410881,-73.92148323058315,40.73458997353201,N,473
demo_003776,1,2016-04-05 19:59:00,2016-04-05 20:12:33.137351787,6,-74.04292859893161,40.75871779974057,-74.05970038509615,40.77029258697861,N,813
demo_003777,2,2016-06-02 02:15:00,2016-06-02 02:31:59.878239121,2,-74.07349787862,40.78455548072291,-74.09713479389526,40.74947762089142,N,1019
demo_003778,1,2016-06-26 08:54:00,2016-06-26 09:09:31.844647468,4,-73.88746184855471,40.75883525474164,-73.9120844032405,40.744279886999,N,931
demo_003779,2,2016-03-21 07:56:00,2016-03-21 08:08:38.011981749,5,-73.97094320208859,40.74757320900002,-73.97116614324531,40.736221155190016,N,758
demo_003780,1,2016-01-11 03:20:00,2016-01-11 03:31:15.404776195,6,-73.96455140123366,40.7569491793267,-73.94834336266798,40.75874308105398,N,675
demo_003781,1,2016-02-11 00:23:00,2016-02-11 00:47:36.115843208,1,-73.994229770234,40.78928364237452,-74.04376026311601,40.829231752806756,N,1476
demo_003782,1,2016-01-19 20:49:00,2016-01-19 20:57:18.402605081,2,-73.96403967843268,40.73480017222522,-73.97975208589756,40.72670143763468,N,498
demo_003783,1,2016-05-16 16:21:00,2016-05-16 16:33:48.053736079,6,-74.05313926475034,40.753581704745436,-74.04568947926218,40.7349381868603,N,768
demo_003784,2,2016-06-26 05:47:00,2016-06-26 06:15:18.484007313,1,-74.02284142550872,40.75836003545682,-74.00031450608809,40.832512042521486,N,1698
demo_003785,2,2016-04-09 17:11:00,2016-04-09 17:23:13.348266646,3,-73.98026789519648,40.78826048184347,-73.98117519151927,40.77656447729834,N,733
demo_003786,2,2016-02-01 19:59:00,2016-02-01 20:06:06.805798211,2,-74.08719009018051,40.7545054119145,-74.07863230549653,40.74935764156293,N,426
demo_003787,1,2016-01-04 19:23:00,2016-01-04 19:43:08.750877589,4,-73.99861329262164,40.82129046830728,-74.04196157686631,40.81162861633912,N,1208
demo_003788,2,2016-06-24 16:42:00,2016-06-24 16:57:40.724375137,3,-74.00138739666505,40.75252114977997,-74.03329993248377,40.745048384050015,N,940
demo_003789,2,2016-02-26 22:40:00,2016-02-26 22:44:17.946090624,6,-73.99862106043777,40.74968107265582,-74.00075122474271,40.75178045395725,N,257
demo_003790,1,2016-01-21 03:53:00,2016-01-21 04:05:10.001174438,1,-74.00979868135194,40.75201387574338,-73.99192939232029,40.7768753806384,N,730
demo_003791,1,2016-02-01 20:38:00,2016-02-01 20:45:46.546536857,4,-74.02981513666435,40.711917549996976,-74.02171952143799,40.72282521852536,N,466
demo_003792,2,2016-02-15 22:42:00,2016-02-15 22:58:30.164551076,4,-74.06699143326219,40.72171456036345,-74.09670028679186,40.750796140574344,N,990
demo_003793,2,2016-04-28 01:22:00,2016-04-28 01:34:39.451053975,4,-73.97848638287746,40.73942665885914,-73.98676605265165,40.76761543307354,N,759
demo_003794,1,2016-06-09 12:30:00,2016-06-09 12:46:46.559355823,1,-73.99850557940583,40.797754044709755,-73.94559123740514,40.803384951561384,N,1006
demo_003795,1,2016-02-19 12:08:00,2016-02-19 12:20:04.126731018,3,-74.04688766959559,40.75684058792233,-74.02783863145471,40.767001011114054,N,724
demo_003796,2,2016-05-03 16:52:00,2016-05-03 17:09:44.285188493,6,-73.98218599642247,40.741037453363454,-73.98787465293995,40.77097334362271,N,1064
demo_003797,1,2016-01-12 16:34:00,2016-01-12 16:57:24.234990809,4,-73.99827275877827,40.80092871609623,-74.03417704543845,40.77092604804016,N,1404
demo_003798,2,2016-01-02 19:38:00,2016-01-02 20:15:42.165636373,1,-74.0057460778248,40.812291199651234,-74.0307140669247,40.879742902111666,N,2262
demo_003799,2,2016-01-10 21:19:00,2016-01-10 21:26:56.002975460,5,-74.08206026990634,40.80193838613177,-74.08182960722814,40.78809858760753,N,476
demo_003800,1,2016-06-15 03:54:00,2016-06-15 04:03:29.685946272,6,-73.95427546194614,40.72814185009677,-73.94461731349514,40.718665797214406,N,569
demo_003801,2,2016-04-14 17:03:00,2016-04-14 17:26:24.378319121,5,-74.04048729680491,40.74066629829323,-74.02069257622635,40.707944971977035,N,1404
demo_003802,2,2016-05-24 22:20:00,2016-05-24 22:34:04.985417392,1,-73.98215283853214,40.821480762461015,-73.96857334307853,40.78956269064624,N,844
demo_003803,1,2016-01-04 21:50:00,2016-01-04 22:02:50.915622884,1,-74.02137207995447,40.76643988922,-74.03433035263387,40.79273880908003,N,770
demo_003804,2,2016-01-05 00:02:00,2016-01-05 00:26:10.464107542,2,-74.00249269328965,40.74863305272864,-74.0203813647684,40.80992827122498,N,1450
demo_003805,2,2016-06-01 18:46:00,2016-06-01 19:16:48.253740842,3,-73.93314683787125,40.783142178646585,-73.8615022269911,40.76782669565476,N,1848
demo_003806,1,2016-01-19 11:16:00,2016-01-19 11:25:49.735825937,6,-73.96107718096384,40.79325546735754,-73.98055353723132,40.80263301361698,N,589
demo_003807,1,2016-01-28 23:18:00,2016-01-28 23:32:19.443909069,3,-73.93414820241698,40.737999265017514,-73.97935783175241,40.74394376310174,N,859
demo_003808,2,2016-04-03 09:50:00,2016-04-03 10:18:35.690820073,6,-73.97013265274202,40.7656803985517,-74.02748776447386,40.79268700173695,N,1715
demo_003809,1,2016-04-19 04:21:00,2016-04-19 04:48:20.645110659,1,-73.96717353870467,40.7904296024226,-73.97953514975421,40.85033489296457,N,1640
demo_003810,1,2016-02-11 04:47:00,2016-02-11 05:08:51.685759665,5,-74.06515125501018,40.717389949891405,-74.03225182128683,40.75845623217691,N,1311
demo_003811,2,2016-03-21 01:03:00,2016-03-21 01:12:45.780972815,5,-73.99928862472399,40.758432091009915,-74.01944679385093,40.751988290423434,N,585
demo_003812,1,2016-05-01 11:26:00,2016-05-01 11:42:41.313169219,6,-73.99512090193319,40.71899636214323,-73.94340789296518,40.73327308830739,N,1001
demo_003813,2,2016-03-20 17:07:00,2016-03-20 17:20:22.885731367,4,-73.92993508308416,40.72357468260756,-73.93018993716402,40.7405322443616,N,802
demo_003814,2,2016-03-09 21:03:00,2016-03-09 21:16:22.645112938,4,-74.00778031975581,40.738291497288195,-73.96894578741967,40.73774905024667,N,802
demo_003815,1,2016-01-13 22:09:00,2016-01-13 22:26:35.215565123,1,-73.97308132209247,40.77469918382578,-73.99960156173093,40.74510890822137,N,1055
demo_003816,2,2016-03-22 08:06:00,2016-03-22 08:25:22.846668623,6,-73.97484091956119,40.74672920799767,-74.00081850503838,40.72516225009647,N,1162
demo_003817,2,2016-05-24 11:53:00,2016-05-24 12:07:02.928823490,4,-73.93290461778737,40.73530536562611,-73.92971801817082,40.7663054872012,N,842
demo_003818,1,2016-04-22 19:35:00,2016-04-22 19:56:17.601705316,5,-73.99101848370377,40.759804409716374,-73.9741290703817,40.79358972560357,N,1277
demo_003819,2,2016-06-09 17:59:00,2016-06-09 18:05:49.259317611,3,-73.9477495873088,40.717856304510676,-73.95401309079861,40.71225198566002,N,409
demo_003820,1,2016-01-23 17:03:00,2016-01-23 17:10:52.540456683,1,-74.06171893103618,40.77300811262419,-74.05148264026235,40.78005660826381,N,472
demo_003821,1,2016-01-02 23:35:00,2016-01-02 23:50:56.154474160,5,-74.05763087448247,40.797598536668545,-74.03703386611171,40.829924659844444,N,956
demo_003822,1,2016-04-08 16:02:00,2016-04-08 16:31:59.947228574,5,-74.0877504955081,40.75522785856542,-74.12,40.70921259902052,N,1799
demo_003823,2,2016-02-02 03:34:00,2016-02-02 03:43:08.184920318,2,-73.949630676119,40.7509072852345,-73.96156348684062,40.73885576960185,N,548
demo_003824,2,2016-04-16 22:02:00,2016-04-16 22:24:34.383540547,5,-73.95468498779951,40.77107041236255,-73.9728388763166,40.82555293966258,N,1354
demo_003825,1,2016-06-11 16:51:00,2016-06-11 17:02:52.172341541,1,-73.94464275917453,40.6870035703409,-73.96109703469126,40.69508487867839,N,712
demo_003826,1,2016-03-01 16:25:00,2016-03-01 16:44:23.023470669,4,-74.01548128260677,40.77678861098093,-74.00124056210863,40.74629977669394,N,1163
demo_003827,2,2016-04-08 21:48:00,2016-04-08 21:56:49.564001920,1,-74.01035964458906,40.86656600313107,-74.02802727483444,40.86973262505756,N,529
demo_003828,2,2016-05-02 16:55:00,2016-05-02 17:27:26.617288996,5,-73.99044714391981,40.75370633226099,-74.06062486118722,40.78128509325224,N,1946
demo_003829,2,2016-01-28 00:10:00,2016-01-28 00:36:56.993453860,3,-73.92003353136735,40.75383062381993,-73.92831168418155,40.68507423451206,N,1616
demo_003830,2,2016-06-10 12:39:00,2016-06-10 12:51:31.844889661,2,-73.908777734257,40.78402624500349,-73.94603194535104,40.78878596206765,N,751
demo_003831,1,2016-02-06 12:03:00,2016-02-06 12:11:53.349530108,5,-73.94927861795713,40.81558664338693,-73.93190699861574,40.80553145041293,N,533
demo_003832,1,2016-05-25 11:44:00,2016-05-25 12:07:26.860916854,5,-73.97010411238384,40.792123874555195,-73.94190471766896,40.7477899251414,N,1406
demo_003833,1,2016-04-28 19:08:00,2016-04-28 19:38:40.985749201,4,-73.9249077786035,40.68255375924958,-74.00102678870431,40.6847657951381,N,1840
demo_003834,2,2016-01-26 08:58:00,2016-01-26 09:15:17.771623635,5,-73.99651291057172,40.7777189593182,-74.02361103302313,40.77403399306067,N,1037
demo_003835,1,2016-05-10 11:12:00,2016-05-10 11:19:19.463033367,1,-74.0025923688717,40.84801755508346,-73.99022431305202,40.84736711827412,N,439
demo_003836,1,2016-02-05 08:46:00,2016-02-05 09:07:20.493768589,5,-73.99080599542762,40.77978543663659,-74.04011662515967,40.770382399889975,N,1280
demo_003837,1,2016-04-17 21:31:00,2016-04-17 21:47:45.920542949,4,-74.02904214662388,40.71758893303549,-74.00164901592257,40.69001281913273,N,1005
demo_003838,1,2016-06-21 17:49:00,2016-06-21 18:15:04.609319855,1,-73.99287542139672,40.767864036854654,-73.95614934267654,40.728584360347504,N,1564
demo_003839,2,2016-06-20 13:36:00,2016-06-20 13:47:28.068409827,3,-74.03528336197027,40.713175946203066,-74.04095390915654,40.69452731781565,N,688
demo_003840,1,2016-06-05 19:45:00,2016-06-05 20:04:26.671958691,4,-73.93887464814952,40.801148129124414,-73.96596155413266,40.82434793620447,N,1166
demo_003841,2,2016-03-29 22:21:00,2016-03-29 22:45:36.013354335,5,-73.96053406740351,40.72454410941903,-74.04140393429515,40.73083700734965,N,1476
demo_003842,1,2016-04-10 17:12:00,2016-04-10 17:26:46.966398624,4,-73.92066969211035,40.76059852721422,-73.89217880679371,40.758730847319164,N,886
demo_003843,2,2016-02-24 01:10:00,2016-02-24 01:34:25.939594333,2,-74.05831772613114,40.727977699930285,-73.98822893187746,40.699903959905356,N,1465
demo_003844,2,2016-06-14 18:32:00,2016-06-14 18:59:10.749604084,2,-73.89942363738851,40.738874317985825,-73.83657584544677,40.72877861479876,N,1630
demo_003845,2,2016-03-26 21:38:00,2016-03-26 21:52:21.341433876,5,-74.0557613936207,40.81001527260512,-74.06258546673287,40.829918526680764,N,861
demo_003846,2,2016-05-18 21:25:00,2016-05-18 21:41:56.174544446,6,-74.03892386337874,40.761621000771285,-74.07716751699887,40.7752501623584,N,1016
demo_003847,1,2016-03-05 17:45:00,2016-03-05 18:02:32.488199625,4,-74.01293696960884,40.7384279134196,-73.98362012168737,40.725543543935736,N,1052
demo_003848,2,2016-05-13 06:37:00,2016-05-13 07:04:10.075793183,5,-73.92615256886135,40.71791702101897,-73.93059297602667,40.647409162929335,N,1630
demo_003849,2,2016-02-10 09:28:00,2016-02-10 09:42:14.834110163,4,-73.97484919262472,40.69249044797602,-73.9581145822972,40.67426956196166,N,854
demo_003850,1,2016-05-12 01:59:00,2016-05-12 02:08:32.208956477,3,-73.99597231627347,40.714205177826706,-73.98537600665807,40.70117242585122,N,572
demo_003851,1,2016-01-09 06:33:00,2016-01-09 06:44:46.778893557,3,-74.02066823455903,40.76191857345056,-74.01741311331273,40.737426713132585,N,706
demo_003852,2,2016-01-19 20:49:00,2016-01-19 21:02:36.318109487,3,-74.04691708177972,40.7923081819053,-74.01091909865784,40.781152435760525,N,816
demo_003853,1,2016-03-04 09:33:00,2016-03-04 09:55:27.825354481,1,-73.93403177043382,40.738387697765226,-73.89673338801775,40.760434551226496,N,1347
demo_003854,2,2016-03-27 18:23:00,2016-03-27 18:36:03.582020005,4,-73.9490612332528,40.812969026025165,-73.96735530221771,40.81196202179534,N,783
demo_003855,1,2016-05-08 01:17:00,2016-05-08 01:33:32.184312043,2,-73.92413973303084,40.732887485222015,-73.95644866952937,40.75960927851545,N,992
demo_003856,2,2016-03-05 15:06:00,2016-03-05 15:36:10.094211711,6,-73.96714318428585,40.74966958969921,-74.0546122386701,40.70894354338678,N,1810
demo_003857,2,2016-01-04 07:39:00,2016-01-04 07:47:44.596735657,6,-74.1,40.7202148147882,-74.11211564760349,40.711978085223414,N,524
demo_003858,2,2016-02-28 13:42:00,2016-02-28 14:07:04.000537447,3,-74.04100623197067,40.79267666070988,-74.07927261251857,40.740323063717064,N,1504
demo_003859,2,2016-03-20 01:15:00,2016-03-20 01:25:40.862989543,4,-73.9640807912369,40.831412871491565,-73.949408899072,40.81989527818597,N,640
demo_003860,2,2016-04-07 20:52:00,2016-04-07 21:07:41.306350392,1,-74.00163726613562,40.69633640636724,-74.01339260885521,40.6681036550742,N,941
demo_003861,1,2016-04-25 22:07:00,2016-04-25 22:28:22.318172692,4,-74.01014788851177,40.745884327597786,-74.01810789127217,40.78047815410035,N,1282
demo_003862,2,2016-02-14 13:54:00,2016-02-14 14:05:35.943318255,6,-74.03464520442003,40.802267294646754,-74.00622639106871,40.81332951880453,N,695
demo_003863,2,2016-04-19 20:56:00,2016-04-19 21:12:31.333351316,4,-73.94235846946634,40.70735690675011,-73.92845455566516,40.73475730313112,N,991
demo_003864,1,2016-04-23 16:27:00,2016-04-23 16:39:13.909171194,6,-73.96447133131636,40.77783393674399,-73.96855548341415,40.76624154546162,N,733
demo_003865,2,2016-05-19 19:07:00,2016-05-19 19:36:33.074083860,1,-73.96244639496913,40.800751527007264,-73.9034214963114,40.773219138385116,N,1773
demo_003866,1,2016-04-03 23:15:00,2016-04-03 23:29:24.902420489,6,-74.01351210119533,40.76073800850249,-73.98767688912368,40.732345807649956,N,864
demo_003867,2,2016-05-25 21:26:00,2016-05-25 21:36:31.362723894,3,-73.97706705084951,40.777259207482906,-73.99162218073056,40.784426068063716,N,631
demo_003868,1,2016-02-09 21:19:00,2016-02-09 21:42:26.527559989,1,-74.04519942167884,40.81963158351447,-74.05819328598717,40.86850594385769,N,1406
demo_003869,1,2016-05-08 02:34:00,2016-05-08 02:44:57.630246298,4,-73.99084225913808,40.826194929393544,-73.96324896986543,40.8373292512781,N,657
demo_003870,1,2016-01-09 06:02:00,2016-01-09 06:10:47.735647982,4,-74.0987568310367,40.755831147543795,-74.09165723159342,40.74571241885303,N,527
demo_003871,1,2016-01-19 12:05:00,2016-01-19 12:19:14.801730346,1,-74.05556522626105,40.73936677527453,-74.09480581612274,40.73426996218612,N,854
demo_003872,1,2016-06-04 15:35:00,2016-06-04 15:47:02.355574946,3,-73.99950403299134,40.72580069611242,-73.9681890835991,40.72495558715512,N,722
demo_003873,1,2016-03-26 12:05:00,2016-03-26 12:29:09.612443265,6,-73.87811968341762,40.79219374526501,-73.83411655641073,40.84691309438982,N,1449
demo_003874,1,2016-04-21 18:03:00,2016-04-21 18:31:04.005785101,2,-74.06603343830412,40.709987855477316,-74.0246848279239,40.74329528675486,N,1684
demo_003875,2,2016-04-18 14:42:00,2016-04-18 14:59:28.667253380,1,-74.0409611266643,40.74915990867031,-73.9869649116113,40.75617880178237,N,1048
demo_003876,1,2016-05-05 01:48:00,2016-05-05 02:14:15.173590177,5,-73.97524513414882,40.76159414198341,-73.90282319961433,40.764556905114176,N,1575
demo_003877,2,2016-02-14 04:50:00,2016-02-14 05:09:21.907388155,5,-73.90537596922934,40.740394912054846,-73.84482740299303,40.74847745359483,N,1161
demo_003878,1,2016-02-02 02:05:00,2016-02-02 02:13:54.843284186,3,-73.97590223763554,40.76779370927567,-73.96397907527395,40.78113915234631,N,534
demo_003879,1,2016-01-08 15:49:00,2016-01-08 15:56:47.665464706,2,-73.95340361664631,40.84775796614025,-73.9606985922815,40.83660162140991,N,467
demo_003880,1,2016-06-04 15:47:00,2016-06-04 16:08:45.501230792,6,-74.00019216878044,40.753744049337875,-74.06422822817552,40.730953917758704,N,1305
demo_003881,1,2016-02-10 05:54:00,2016-02-10 06:07:10.527076961,6,-74.00797797150227,40.74276080304004,-74.00759759691186,40.77063075007502,N,790
demo_003882,1,2016-04-13 12:44:00,2016-04-13 12:54:40.614710150,1,-73.98130170415695,40.79353661385337,-73.96313194209503,40.79413014757881,N,640
demo_003883,2,2016-03-22 21:08:00,2016-03-22 21:20:25.298601096,5,-74.01462302257818,40.766385427545096,-74.01309867088823,40.7920010818121,N,745
demo_003884,2,2016-01-30 05:22:00,2016-01-30 05:50:47.045495550,3,-73.9524078797577,40.8083767519924,-74.01849561471124,40.852823038209365,N,1727
demo_003885,2,2016-03-15 12:10:00,2016-03-15 12:21:21.278822205,2,-74.05728223545255,40.763764066693696,-74.06731398265869,40.77782066451439,N,681
demo_003886,1,2016-01-15 23:25:00,2016-01-15 23:37:15.298324986,3,-73.94495058353449,40.74930518772101,-73.9223639618245,40.7589859966694,N,735
demo_003887,1,2016-02-01 19:12:00,2016-02-01 20:00:53.793661621,3,-73.98323091444638,40.695569628916694,-74.01913794067012,40.781976189390654,N,2933
demo_003888,2,2016-01-26 03:28:00,2016-01-26 03:33:31.733373506,4,-73.99466243908704,40.70130928571659,-73.98886324550374,40.70689882918015,N,331
demo_003889,2,2016-05-28 09:28:00,2016-05-28 09:48:39.392729588,6,-74.05893430520838,40.69375054583505,-74.0438273601776,40.6643057820232,N,1239
demo_003890,1,2016-04-12 03:14:00,2016-04-12 03:30:13.347227696,1,-74.02909049023991,40.77127687081995,-73.989961622804,40.76368378955131,N,973
demo_003891,2,2016-06-15 14:57:00,2016-06-15 15:24:14.014634158,4,-73.931060683709,40.710321268204645,-73.87111949496122,40.75221675542178,N,1634
demo_003892,2,2016-03-19 11:27:00,2016-03-19 11:41:57.442931954,1,-73.9943869549115,40.80194520780718,-74.00761086710288,40.76700268934962,N,897
demo_003893,2,2016-02-06 05:49:00,2016-02-06 06:01:52.900307912,1,-73.97247206903572,40.75905862976996,-73.96604056067304,40.73874222045783,N,772
demo_003894,1,2016-04-19 13:05:00,2016-04-19 13:17:59.525442934,2,-74.02457894059918,40.74945345783144,-74.01705151955967,40.77932698159259,N,779
demo_003895,1,2016-06-16 07:45:00,2016-06-16 07:59:04.102694008,5,-73.98630745863015,40.728465072367854,-73.96357933855155,40.72113131502,N,844
demo_003896,1,2016-04-05 20:48:00,2016-04-05 20:57:36.983597031,3,-74.0467468421654,40.77977905618946,-74.02793773416796,40.7768024199411,N,576
demo_003897,2,2016-01-04 05:09:00,2016-01-04 05:28:07.891597181,3,-73.98050529855705,40.72984257631602,-73.93063010394656,40.75882364245955,N,1147
demo_003898,2,2016-02-24 15:39:00,2016-02-24 16:04:50.013819366,6,-73.96832115962285,40.72351176985756,-74.04991654518058,40.704157598114904,N,1550
demo_003899,2,2016-06-15 11:50:00,2016-06-15 12:07:43.871335216,2,-73.97057233727668,40.79959224722119,-73.95594159953887,40.759939981030094,N,1063
demo_003900,1,2016-04-03 07:16:00,2016-04-03 07:39:56.997362595,5,-74.02566131737206,40.770411740627125,-74.00860193205621,40.732911819413836,N,1436
demo_003901,2,2016-06-20 08:19:00,2016-06-20 08:31:21.560153917,5,-74.00039229428452,40.74977747001131,-74.00862531742307,40.76548554198337,N,741
demo_003902,2,2016-04-01 16:03:00,2016-04-01 16:36:41.220333947,4,-73.96082626343083,40.78045015446568,-74.04006660441817,40.787446720999114,N,2021
demo_003903,1,2016-01-03 04:03:00,2016-01-03 04:13:04.373758546,6,-73.99451469178751,40.75831261555888,-73.99664955566459,40.73961331970034,N,604
demo_003904,2,2016-06-06 03:34:00,2016-06-06 03:55:23.165514003,6,-73.9979287422053,40.77140546026581,-74.02279836889946,40.74011808650402,N,1283
demo_003905,1,2016-05-17 08:14:00,2016-05-17 08:40:21.219819955,1,-73.89934395761185,40.729410323416865,-73.84061551826451,40.72210484903785,N,1581
demo_003906,1,2016-05-08 17:52:00,2016-05-08 18:10:55.596016272,2,-74.02779451034897,40.83046395131188,-74.01465931240499,40.86060991804064,N,1135
demo_003907,1,2016-06-23 15:16:00,2016-06-23 15:29:52.875115077,3,-73.936381168936,40.737713301131336,-73.96422313789829,40.715146216377946,N,832
demo_003908,2,2016-02-05 07:33:00,2016-02-05 08:05:53.344875216,4,-74.03696062985772,40.81246057144325,-74.10880320502555,40.79456810285053,N,1973
demo_003909,1,2016-06-12 01:29:00,2016-06-12 01:52:21.668533276,2,-73.95553485114029,40.75138959027434,-73.93486323226264,40.71924550795599,N,1401
demo_003910,2,2016-02-11 20:56:00,2016-02-11 21:09:16.725739022,4,-73.95313313488442,40.78624839904793,-73.9287679131034,40.776328251042166,N,796
demo_003911,2,2016-06-23 17:28:00,2016-06-23 17:37:20.399431428,6,-74.00796643197756,40.78369782246592,-74.01551862176794,40.792825955215264,N,560
demo_003912,2,2016-02-04 10:58:00,2016-02-04 11:20:33.454240352,1,-74.0397864583788,40.798139811430254,-74.01865781650335,40.855249378670415,N,1353
demo_003913,1,2016-04-09 01:23:00,2016-04-09 01:29:58.194294952,6,-74.07366949417116,40.72857817024926,-74.08585896266737,40.7344582710954,N,418
demo_003914,1,2016-05-22 01:57:00,2016-05-22 02:09:56.982636184,3,-74.01268010790164,40.79564723904476,-73.97532757327076,40.79419793020336,N,776
demo_003915,2,2016-01-15 01:38:00,2016-01-15 01:52:29.184076087,6,-73.96132016084215,40.8226253947819,-73.92657619159019,40.8459246831435,N,869
demo_003916,1,2016-01-13 00:10:00,2016-01-13 00:29:42.216005475,5,-74.03349326706947,40.74894574572654,-74.09085565506858,40.767743565625956,N,1182
demo_003917,2,2016-06-01 23:05:00,2016-06-01 23:23:28.233037013,1,-73.98063731385844,40.75921471234998,-74.02946902839638,40.74361787036208,N,1108
demo_003918,2,2016-01-11 21:02:00,2016-01-11 21:33:06.483203532,6,-74.05143934090599,40.7396793675132,-73.98034448059946,40.80183498949581,N,1866
demo_003919,2,2016-04-20 11:44:00,2016-04-20 11:57:48.105716413,1,-73.99552496864467,40.74587473117352,-73.96289809639373,40.74521638066159,N,828
demo_003920,1,2016-06-17 21:06:00,2016-06-17 21:20:55.359879659,2,-74.03661697568894,40.81789979796264,-74.08080031086494,40.82428193161225,N,895
demo_003921,1,2016-04-20 15:39:00,2016-04-20 15:56:41.525505538,4,-73.98850912258524,40.72285179158545,-74.04347242393004,40.73773820344218,N,1061
demo_003922,2,2016-03-27 13:55:00,2016-03-27 14:02:02.712264219,6,-74.00754857613234,40.72502584123522,-74.00027655383599,40.734364395160775,N,422
demo_003923,1,2016-03-16 02:32:00,2016-03-16 02:52:21.835859586,2,-74.0385664761307,40.814381532774505,-74.07854751484626,40.85556726983412,N,1221
demo_003924,1,2016-04-24 20:52:00,2016-04-24 21:00:52.012758657,4,-74.014649306505,40.779859194906095,-74.02573406508237,40.76393165894959,N,532
demo_003925,1,2016-04-12 22:21:00,2016-04-12 22:31:14.796131603,1,-74.02703705880089,40.83221295871649,-74.02869183043691,40.85336427943551,N,614
demo_003926,2,2016-03-31 07:38:00,2016-03-31 07:43:09.977140070,3,-74.04412661151068,40.7422346476761,-74.04729195512094,40.746677995701496,N,309
demo_003927,2,2016-01-28 15:27:00,2016-01-28 15:43:00.929129954,2,-73.93627643786198,40.762419839803314,-73.8968475979996,40.78895336607127,N,960
demo_003928,2,2016-04-29 06:43:00,2016-04-29 07:03:00.603045847,3,-74.0012078689003,40.73487630696799,-73.9369914005309,40.729071699818846,N,1200
demo_003929,1,2016-05-13 03:48:00,2016-05-13 03:56:46.715584565,5,-74.08410014520831,40.76301554090267,-74.10086227005743,40.75355432628654,N,526
demo_003930,1,2016-05-07 14:15:00,2016-05-07 14:35:15.895760847,5,-74.01304763634177,40.69590661559505,-74.05262070707488,40.71567259975555,N,1215
demo_003931,1,2016-01-14 12:04:00,2016-01-14 12:11:55.363558285,5,-73.94383797287817,40.78197340948293,-73.93022835745374,40.79163922742436,N,475
demo_003932,1,2016-05-06 12:26:00,2016-05-06 12:45:48.920072909,1,-74.01926113849657,40.76932159292223,-73.96215933449108,40.74717364675945,N,1188
demo_003933,1,2016-05-11 08:39:00,2016-05-11 09:01:36.553232354,5,-73.91760152548399,40.75598558681369,-73.93171405595588,40.792317118546876,N,1356
demo_003934,1,2016-02-03 00:21:00,2016-02-03 00:36:42.696008745,4,-74.02354979247328,40.74433724863901,-73.99378723125278,40.76411500176694,N,942
demo_003935,2,2016-06-01 19:35:00,2016-06-01 19:52:16.583816148,1,-73.96234663748825,40.726683610442116,-73.99164638322695,40.72468009729872,N,1036
demo_003936,1,2016-04-04 07:00:00,2016-04-04 07:10:29.958144199,6,-73.9383512636934,40.78346995192115,-73.9376067658099,40.77082771190441,N,629
demo_003937,2,2016-03-26 01:03:00,2016-03-26 01:17:43.589856896,5,-73.96474127124598,40.717011850500384,-74.0054092511265,40.72684338471597,N,883
demo_003938,2,2016-05-10 02:13:00,2016-05-10 02:22:19.866217072,5,-74.04685222885884,40.775916356921726,-74.04647310674207,40.79374945797045,N,559
demo_003939,2,2016-04-01 18:28:00,2016-04-01 18:52:59.441242898,3,-74.02741108596148,40.83060579881833,-74.03148701021652,40.78756577182112,N,1499
demo_003940,2,2016-04-08 01:17:00,2016-04-08 01:29:41.319649836,5,-73.9323468054326,40.80999325210255,-73.91106250396193,40.82013663701067,N,761
demo_003941,1,2016-02-26 04:45:00,2016-02-26 05:05:56.071228226,2,-74.02120751553494,40.70532052200653,-73.9589753592308,40.7229394989717,N,1256
demo_003942,2,2016-06-16 00:25:00,2016-06-16 00:51:09.325722332,5,-73.9410945568744,40.73921416788799,-73.95470589660623,40.675698055688855,N,1569
demo_003943,1,2016-06-23 12:03:00,2016-06-23 12:26:11.350846220,4,-74.00436281248167,40.77275077591944,-74.07435333263878,40.778047896705566,N,1391
demo_003944,1,2016-01-24 11:27:00,2016-01-24 11:38:05.453767291,4,-73.97863532063514,40.7555401327295,-73.98570895675643,40.774294579358184,N,665
demo_003945,2,2016-05-11 23:05:00,2016-05-11 23:15:43.838247602,5,-74.04737482746594,40.70902079986012,-74.03689871064385,40.72470451434526,N,643
demo_003946,1,2016-01-05 04:48:00,2016-01-05 04:59:58.926654742,2,-74.01237204086206,40.771486058301576,-74.00530553777307,40.793152163880656,N,718
demo_003947,1,2016-03-07 10:01:00,2016-03-07 10:07:24.795643449,1,-74.02438878711979,40.75764940867093,-74.02989858547977,40.74880511068643,N,384
demo_003948,1,2016-06-23 14:23:00,2016-06-23 14:43:22.707105744,4,-73.97484801572489,40.825001389301136,-73.92277799279701,40.796923915564896,N,1222
demo_003949,1,2016-02-01 11:10:00,2016-02-01 11:30:38.540204939,5,-73.98080610891279,40.74913699540839,-73.97603860001742,40.700543898450725,N,1238
demo_003950,2,2016-03-08 20:38:00,2016-03-08 20:55:15.670617342,2,-73.96418075466894,40.79888011848643,-73.96784862394813,40.828370145981765,N,1035
demo_003951,2,2016-02-09 12:35:00,2016-02-09 12:47:43.869275608,4,-74.00707351263917,40.71365190589045,-74.03429322707825,40.7326346742229,N,763
demo_003952,2,2016-05-11 01:54:00,2016-05-11 02:16:59.902815170,6,-74.02686035320825,40.72201967457362,-74.0879952272652,40.753568875705994,N,1379
demo_003953,2,2016-03-24 12:08:00,2016-03-24 12:18:50.639923328,4,-73.9767771911505,40.783258168593335,-73.96525407337937,40.76367935190454,N,650
demo_003954,2,2016-04-16 18:16:00,2016-04-16 18:34:01.079775791,1,-74.03133150063532,40.79593057732126,-74.02274187413997,40.81763416073214,N,1081
demo_003955,1,2016-06-18 15:53:00,2016-06-18 16:15:25.337947931,6,-73.93647098631098,40.7244912545874,-73.97354755503346,40.68391886888457,N,1345
demo_003956,1,2016-04-03 18:56:00,2016-04-03 19:11:37.896050681,6,-73.99015350739651,40.75884270922694,-73.99170653998083,40.73536638314177,N,937
demo_003957,2,2016-05-12 03:30:00,2016-05-12 03:34:14.899946633,5,-73.99967607993672,40.709644728926484,-74.00471088011017,40.713046113772194,N,254
demo_003958,1,2016-01-18 14:57:00,2016-01-18 15:11:13.268532784,4,-73.96420209697624,40.75165730607931,-73.98605961533056,40.76956391208462,N,853
demo_003959,1,2016-02-08 17:51:00,2016-02-08 18:17:56.062270531,4,-73.98843640247442,40.78729229749685,-74.01620227743464,40.83262563359007,N,1616
demo_003960,1,2016-06-19 10:26:00,2016-06-19 10:32:55.412854215,4,-74.05961232725758,40.74277645253024,-74.04543446876892,40.73629472276448,N,415
demo_003961,1,2016-06-03 17:18:00,2016-06-03 17:35:11.534527420,3,-74.03276434547253,40.74928378529197,-74.04066775502679,40.725908542803666,N,1031
demo_003962,2,2016-04-28 04:50:00,2016-04-28 05:04:33.213932572,4,-73.9374031083261,40.71845716105964,-73.95808788402607,40.69369414135819,N,873
demo_003963,1,2016-03-09 01:49:00,2016-03-09 02:03:26.500473843,4,-73.981225204347,40.73530745552313,-74.0113837252478,40.71673561500747,N,866
demo_003964,2,2016-02-05 23:08:00,2016-02-05 23:31:26.525723599,5,-74.06067055110636,40.8195338820675,-74.06522002840805,40.87950160557233,N,1406
demo_003965,1,2016-06-02 07:26:00,2016-06-02 07:44:10.485367774,6,-73.96915495699781,40.7605523712101,-73.93679803208737,40.780987957900734,N,1090
demo_003966,2,2016-05-21 08:31:00,2016-05-21 08:48:15.437966887,5,-74.01016664689413,40.72291922816723,-74.00293424429667,40.75295758812702,N,1035
demo_003967,1,2016-02-13 12:08:00,2016-02-13 12:15:37.994093236,6,-74.02435249786289,40.74698298175287,-74.03265176863201,40.740530370899016,N,457
demo_003968,2,2016-04-16 04:04:00,2016-04-16 04:09:42.255770288,3,-74.03651927265352,40.702090033259175,-74.02572210779363,40.70204551883441,N,342
demo_003969,2,2016-04-21 08:36:00,2016-04-21 09:00:31.696253370,5,-73.94000317379066,40.722504410775095,-73.8922496982773,40.741384552435974,N,1471
demo_003970,2,2016-03-26 22:38:00,2016-03-26 22:47:19.797885412,3,-74.07344742674024,40.80561189086663,-74.05628293550895,40.791955324460545,N,559
demo_003971,2,2016-06-15 19:12:00,2016-06-15 19:21:23.357919420,5,-74.02268894334978,40.75301311514647,-74.01358190899472,40.745147802209715,N,563
demo_003972,2,2016-01-23 08:06:00,2016-01-23 08:21:05.327601475,2,-73.979594295534,40.824175556163546,-73.95724576288491,40.80595853962442,N,905
demo_003973,2,2016-02-16 10:06:00,2016-02-16 10:15:38.968977367,5,-73.91397366189935,40.75466282565264,-73.91950414267762,40.7425805227592,N,578
demo_003974,1,2016-01-18 02:31:00,2016-01-18 02:37:15.026290039,1,-73.96007638116423,40.7567407456333,-73.9536340074373,40.75806316817089,N,375
demo_003975,2,2016-05-04 17:26:00,2016-05-04 17:42:35.501405925,5,-74.02307110769898,40.78043129554898,-74.04018454753476,40.758245122142554,N,995
demo_003976,2,2016-04-25 22:07:00,2016-04-25 22:24:09.007929581,2,-73.9161790945652,40.66445943462232,-73.97044846081194,40.67218086705881,N,1029
demo_003977,1,2016-06-26 17:11:00,2016-06-26 17:19:36.087981694,2,-74.04598055298672,40.76517287632788,-74.03398129815317,40.77285658345776,N,516
demo_003978,1,2016-04-07 14:47:00,2016-04-07 14:55:06.119406542,3,-73.97305987255902,40.75628547291787,-73.96092606960377,40.75144575956075,N,486
demo_003979,1,2016-01-28 02:35:00,2016-01-28 02:46:19.352388634,3,-73.96304969094115,40.810011361273034,-73.9731196444806,40.78766994517282,N,679
demo_003980,2,2016-03-22 03:48:00,2016-03-22 04:01:19.956428416,1,-74.02465020124401,40.791763778795726,-73.98839646384295,40.794597781117425,N,799
demo_003981,1,2016-01-16 21:53:00,2016-01-16 22:04:53.413370972,4,-73.95360831266503,40.718320791005866,-73.97886442889518,40.70468836780617,N,713
demo_003982,1,2016-04-30 18:20:00,2016-04-30 18:46:33.969418215,1,-74.00812505580234,40.80147485165197,-74.0701235102176,40.80273289416383,N,1593
demo_003983,2,2016-05-01 08:31:00,2016-05-01 08:53:49.447560043,4,-73.9537185907617,40.748818991604665,-73.97811764536662,40.77846843322456,N,1369
demo_003984,2,2016-06-03 09:03:00,2016-06-03 09:32:02.187161362,3,-74.06778179716638,40.72634413707964,-74.12,40.692514753917834,N,1742
demo_003985,1,2016-03-02 03:39:00,2016-03-02 04:01:54.768109500,4,-73.9699260759397,40.764898613780495,-73.95809480349752,40.82358274487662,N,1374
demo_003986,2,2016-02-25 19:43:00,2016-02-25 19:57:40.000727326,1,-74.00354480027121,40.75090307255177,-74.02986752571091,40.748944935573505,N,880
demo_003987,1,2016-01-13 19:46:00,2016-01-13 20:04:36.736232921,6,-73.93326332976645,40.811846285991,-73.89879920802909,40.82296594638646,N,1116
demo_003988,2,2016-03-15 17:27:00,2016-03-15 17:46:04.091329845,1,-73.98697913283969,40.76992177099719,-73.9532461747501,40.74959751856066,N,1144
demo_003989,2,2016-03-26 13:19:00,2016-03-26 13:35:21.317344798,6,-73.9287846709826,40.765198062231015,-73.96115876424592,40.79603777406864,N,981
demo_003990,2,2016-05-15 19:22:00,2016-05-15 19:36:58.924029405,3,-73.96215742557351,40.78952264789994,-73.99044116578744,40.78613073322477,N,898
demo_003991,1,2016-05-15 16:17:00,2016-05-15 16:28:31.745994536,5,-73.99073788065716,40.79625050663325,-73.97203249281324,40.78560931226867,N,691
demo_003992,1,2016-01-26 05:53:00,2016-01-26 06:07:39.004266907,4,-73.94955488106736,40.785426178300405,-73.91526048871668,40.76988727272597,N,879
demo_003993,2,2016-02-21 07:43:00,2016-02-21 08:15:34.867700653,5,-73.94926736909628,40.80768122154853,-74.01970909050308,40.80043193685222,N,1954
demo_003994,1,2016-04-02 01:33:00,2016-04-02 01:42:31.403403662,4,-73.96376404979789,40.779303884451984,-73.95390556934686,40.79059926217171,N,571
demo_003995,1,2016-03-01 07:24:00,2016-03-01 07:42:40.229762358,5,-74.08815356185814,40.763867801265434,-74.12,40.76853368991246,N,1120
demo_003996,2,2016-01-05 14:21:00,2016-01-05 14:30:00.477269094,4,-74.0292152220844,40.801371022173086,-74.04841328593086,40.80029480937911,N,540
demo_003997,2,2016-06-01 05:25:00,2016-06-01 05:40:43.634380022,5,-73.92271523690724,40.75481863509713,-73.88443724863087,40.735610256812485,N,943
demo_003998,2,2016-05-11 15:05:00,2016-05-11 15:36:44.081660467,4,-74.04151756349458,40.759163628072066,-73.9361756088249,40.73839594427609,N,1904
demo_003999,2,2016-04-03 14:42:00,2016-04-03 14:51:22.644708271,2,-73.94528924824704,40.8182551921054,-73.95364808244226,40.80581158647574,N,562
demo_004000,1,2016-02-27 03:33:00,2016-02-27 03:49:23.122842114,6,-73.95320963044492,40.81476734447843,-73.99685868618786,40.82719478870677,N,983
demo_004001,1,2016-05-31 16:36:00,2016-05-31 16:50:04.193715128,6,-74.0176588562712,40.75771384675769,-74.03563108237573,40.77559486340349,N,844
demo_004002,2,2016-01-07 08:24:00,2016-01-07 08:38:25.938175593,5,-74.07478542322025,40.742125694794304,-74.07247298413884,40.76364588811055,N,865
demo_004003,1,2016-03-21 08:24:00,2016-03-21 08:38:28.955649757,2,-74.01060106690765,40.8092110725073,-74.03405951029151,40.809171466381756,N,868
demo_004004,1,2016-05-24 04:09:00,2016-05-24 04:20:58.678691774,3,-73.89148932303651,40.786014642527036,-73.9238581516958,40.79637081493182,N,718
demo_004005,2,2016-06-20 12:51:00,2016-06-20 12:59:21.484552263,5,-74.02384747814942,40.76904534389691,-74.03878722837595,40.76449717486508,N,501
demo_004006,2,2016-02-15 06:07:00,2016-02-15 06:27:44.888412073,2,-74.02074158050696,40.746734455143354,-74.00689637618908,40.69969240938829,N,1244
demo_004007,2,2016-04-27 03:25:00,2016-04-27 03:32:08.908024199,1,-74.02989120846394,40.76960938025501,-74.0358205213309,40.76377935693745,N,428
demo_004008,2,2016-02-04 03:26:00,2016-02-04 03:37:20.780072740,3,-73.93033469855527,40.75724020390393,-73.96119079655853,40.74710638501927,N,680
demo_004009,1,2016-01-21 20:40:00,2016-01-21 20:54:09.659385925,4,-73.99593120702313,40.73474816371495,-74.01938339451213,40.70669394319536,N,849
demo_004010,1,2016-03-04 13:03:00,2016-03-04 13:15:07.714216338,6,-74.01316578030271,40.762516481500555,-74.02765082954117,40.74719683875523,N,727
demo_004011,1,2016-06-08 07:36:00,2016-06-08 07:54:40.277515476,2,-73.9213936692262,40.76728984159739,-73.95637359314165,40.77093730978324,N,1120
demo_004012,2,2016-05-04 02:32:00,2016-05-04 02:48:02.773957527,2,-73.9589227660429,40.74486117265779,-73.98367284091647,40.714263509444294,N,962
demo_004013,1,2016-03-29 01:37:00,2016-03-29 01:50:02.184079493,5,-74.02636806087696,40.78963389910133,-74.00384080085583,40.770442691373106,N,782
demo_004014,2,2016-02-20 21:46:00,2016-02-20 22:03:14.589342775,6,-74.04006127599779,40.803109133730885,-74.04812250964068,40.84490248815081,N,1034
demo_004015,1,2016-01-26 11:52:00,2016-01-26 12:16:06.321248552,6,-73.9328823515804,40.79194641927794,-73.99425439514835,40.74867334847917,N,1446
demo_004016,2,2016-02-18 17:42:00,2016-02-18 17:58:02.133928981,4,-73.98424453263162,40.748331306517514,-73.94837132816434,40.743385388208125,N,962
demo_004017,2,2016-01-28 11:37:00,2016-01-28 11:51:04.131341729,1,-74.05470788089353,40.7844537526466,-74.04012268720105,40.75296339977097,N,844
demo_004018,2,2016-02-03 16:12:00,2016-02-03 16:36:37.869014682,4,-74.06524020591021,40.760728648911105,-74.11364985964137,40.7404344553698,N,1477
demo_004019,1,2016-05-03 18:08:00,2016-05-03 18:17:14.314238867,1,-74.03522174218399,40.714748890750194,-74.04801000739798,40.70940998555051,N,554
demo_004020,1,2016-01-24 21:15:00,2016-01-24 21:30:31.465247255,5,-74.04077680646463,40.78154552824742,-74.06850026548166,40.75488097293644,N,931
demo_004021,1,2016-01-09 12:38:00,2016-01-09 12:50:05.727505066,6,-74.07707346369057,40.763114607433494,-74.05338176387278,40.778610734048385,N,725
demo_004022,2,2016-04-07 14:54:00,2016-04-07 15:09:40.357481661,4,-74.03447781439918,40.848774180072425,-74.04748564231085,40.88525524680628,N,940
demo_004023,2,2016-02-21 14:05:00,2016-02-21 14:17:10.295123049,2,-74.02635862527397,40.80900448021475,-74.02890569195998,40.83172978988953,N,730
demo_004024,2,2016-03-22 20:24:00,2016-03-22 20:39:31.645511176,2,-74.00582065797731,40.78289025549271,-74.01244246267179,40.810554809671174,N,931
demo_004025,2,2016-01-26 03:52:00,2016-01-26 04:13:06.470656376,5,-73.90881904796925,40.76672096754509,-73.96062375650963,40.729468104211314,N,1266
demo_004026,1,2016-02-07 19:06:00,2016-02-07 19:28:11.216862588,5,-73.99700794724443,40.763730278927035,-73.94781908136592,40.75716736133792,N,1331
demo_004027,1,2016-03-20 09:27:00,2016-03-20 09:42:29.379125424,5,-73.9925408676985,40.722870870872846,-73.96935931569708,40.73549123969139,N,929
demo_004028,2,2016-05-04 04:53:00,2016-05-04 05:09:02.924833417,1,-73.96208350862905,40.697135447048005,-73.9882419346658,40.720657601729094,N,962
demo_004029,2,2016-03-15 14:00:00,2016-03-15 14:20:36.542803152,5,-73.995679313198,40.727460431182145,-73.98896414596317,40.77480096198261,N,1236
demo_004030,1,2016-04-07 12:12:00,2016-04-07 12:28:04.107256182,6,-73.96699311662509,40.75632990436404,-73.93289898960543,40.78519397333802,N,964
demo_004031,2,2016-04-03 22:30:00,2016-04-03 22:40:48.347090147,1,-73.97237233053717,40.68430612526269,-73.97042139509065,40.708511318101884,N,648
demo_004032,1,2016-02-18 09:28:00,2016-02-18 10:11:14.747602429,3,-73.97948351454804,40.738948737270455,-73.92499711801466,40.81005581794502,N,2594
demo_004033,1,2016-02-20 08:01:00,2016-02-20 08:42:03.901587287,5,-73.86050902620114,40.74933354384065,-73.75838424673402,40.75193388904405,N,2463
demo_004034,2,2016-03-17 15:07:00,2016-03-17 15:15:38.475766813,4,-73.943999337018,40.75046007062801,-73.9484135977749,40.742655492795485,N,518
demo_004035,1,2016-01-06 18:25:00,2016-01-06 18:36:23.357349575,6,-74.0336774893118,40.734839674063416,-74.05406603031822,40.73962833746225,N,683
demo_004036,2,2016-05-03 08:54:00,2016-05-03 09:14:24.353926187,5,-73.96834000162148,40.746047016496654,-74.00296932544221,40.72134059209311,N,1224
demo_004037,2,2016-04-20 14:08:00,2016-04-20 14:30:51.268050771,3,-74.0206281562997,40.81833628398434,-74.09810326810803,40.82016239620007,N,1371
demo_004038,2,2016-02-25 02:29:00,2016-02-25 02:52:46.311222041,4,-73.9649187156173,40.78117508485217,-73.92123363881656,40.73455007562018,N,1426
demo_004039,1,2016-03-08 06:27:00,2016-03-08 06:36:46.605371777,5,-74.04688343376988,40.73838947280857,-74.0592557171221,40.72409245882124,N,586
demo_004040,1,2016-02-29 03:59:00,2016-02-29 04:10:40.507203588,5,-74.03485007516377,40.75560782740733,-74.00421262400232,40.75249381259156,N,700
demo_004041,1,2016-04-27 05:46:00,2016-04-27 06:04:38.505534955,2,-73.96952415968795,40.757009033252174,-73.93184833370684,40.7826491861052,N,1118
demo_004042,1,2016-05-16 17:59:00,2016-05-16 18:21:34.480360147,6,-73.94010488988809,40.731121559819094,-73.97793884793568,40.76112100451753,N,1354
demo_004043,2,2016-01-20 13:26:00,2016-01-20 13:43:23.590446290,6,-73.96238100430611,40.73108044237897,-73.9949595011222,40.70506278163069,N,1043
demo_004044,2,2016-03-15 09:32:00,2016-03-15 10:09:28.747839163,2,-73.94656471994591,40.79336834071144,-73.88550067881515,40.84942124342846,N,2248
demo_004045,1,2016-01-03 11:31:00,2016-01-03 11:37:49.076032201,2,-73.96817816485563,40.743307546786916,-73.97063044509841,40.74731363070478,N,409
demo_004046,1,2016-03-22 09:43:00,2016-03-22 09:56:15.287117596,3,-73.97723767554355,40.71968562645392,-74.0003477393427,40.726166840536756,N,795
demo_004047,1,2016-02-14 16:37:00,2016-02-14 17:06:04.315250475,2,-74.00766619734163,40.75649008795757,-74.04424726266328,40.71281236386289,N,1744
demo_004048,1,2016-03-01 10:40:00,2016-03-01 10:49:56.408806162,2,-73.94841491860774,40.76213034135952,-73.95336587092177,40.74538879182628,N,596
demo_004049,1,2016-03-23 04:17:00,2016-03-23 04:38:39.277301087,2,-73.9388804345228,40.688955352153215,-73.88610412978856,40.71730059506459,N,1299
demo_004050,2,2016-02-28 06:29:00,2016-02-28 06:38:17.863164744,5,-73.98784020610984,40.7565738774764,-73.96384987674813,40.76115789596965,N,557
demo_004051,1,2016-03-11 22:23:00,2016-03-11 22:29:47.455744462,6,-73.99026167188003,40.78837929770219,-73.98389998975915,40.79129029531102,N,407
demo_004052,1,2016-05-17 15:48:00,2016-05-17 16:07:33.851883338,1,-73.9133867384725,40.773793028493266,-73.8577885054468,40.77992667709881,N,1173
demo_004053,2,2016-05-25 20:30:00,2016-05-25 20:51:50.068282704,4,-73.98591898009172,40.836042829031825,-73.93706684931776,40.7970763127945,N,1310
demo_004054,1,2016-01-02 01:19:00,2016-01-02 01:25:30.061904834,2,-73.98159413583353,40.80178883188093,-73.96989985845825,40.799180400939086,N,390
demo_004055,1,2016-03-09 00:15:00,2016-03-09 00:45:21.483385448,2,-73.96320983415112,40.80871269086628,-73.86604564613735,40.846737610459314,N,1821
demo_004056,2,2016-06-01 10:32:00,2016-06-01 10:52:30.080555497,4,-73.98940128151794,40.856003007757,-73.99806109196372,40.88534411355277,N,1230
demo_004057,1,2016-04-05 11:30:00,2016-04-05 11:43:58.248465198,1,-74.02191531452344,40.784535469162115,-73.98348431712287,40.78115508422499,N,838
demo_004058,2,2016-02-06 22:48:00,2016-02-06 23:05:13.152855682,1,-73.96799154910144,40.76370745727765,-73.98174643027791,40.80592651148541,N,1033
demo_004059,2,2016-04-16 19:59:00,2016-04-16 20:22:08.267370439,6,-73.986743975451,40.7920809102701,-73.95514428017633,40.75808525058736,N,1388
demo_004060,2,2016-01-27 02:05:00,2016-01-27 02:17:29.132576839,3,-73.90209876095865,40.73842672483118,-73.91079231238342,40.71219088788006,N,749
demo_004061,2,2016-01-04 22:18:00,2016-01-04 22:40:41.807915386,1,-73.94951981523684,40.761769021182324,-73.93337192417974,40.81208682536557,N,1361
demo_004062,2,2016-04-23 20:04:00,2016-04-23 20:28:51.461581228,6,-74.01179670288994,40.73532953249226,-73.92814194604405,40.75093480668659,N,1491
demo_004063,2,2016-04-02 17:22:00,2016-04-02 17:38:07.964929856,4,-73.95219229013644,40.7719294595147,-73.91887747708809,40.76412950127794,N,967
demo_004064,1,2016-05-16 04:05:00,2016-05-16 04:14:21.261976176,5,-73.97114603743711,40.73518318191931,-73.95445659849297,40.73368958063636,N,561
demo_004065,1,2016-03-03 01:40:00,2016-03-03 01:53:37.873620688,4,-73.92607581641245,40.73395750250484,-73.95319041413869,40.71217846245041,N,817
demo_004066,1,2016-06-02 18:30:00,2016-06-02 18:38:29.194643435,3,-74.00860043957731,40.7724715652587,-74.00201243491969,40.7799395655075,N,509
demo_004067,1,2016-03-16 19:55:00,2016-03-16 20:11:01.133844788,5,-73.97650957332382,40.75318009957268,-74.01178966087893,40.75850958762309,N,961
demo_004068,2,2016-05-12 20:14:00,2016-05-12 20:24:50.480879459,3,-73.98945921420916,40.69053676024992,-73.95841504202086,40.69107364741621,N,650
demo_004069,2,2016-01-19 01:14:00,2016-01-19 01:29:59.187532195,5,-73.98236842596238,40.70705550775408,-73.95220270857324,40.67574208994338,N,959
demo_004070,2,2016-01-18 11:41:00,2016-01-18 11:47:51.259590456,6,-74.02483395270518,40.71784567279885,-74.03112119331216,40.72499408779771,N,411
demo_004071,1,2016-05-20 21:47:00,2016-05-20 22:06:34.757273603,6,-73.95908397494391,40.72709598328601,-73.90086035540298,40.712799174610616,N,1174
demo_004072,2,2016-05-30 02:49:00,2016-05-30 03:09:22.450936183,4,-73.96619160758677,40.77250481653176,-73.91289024515882,40.74588343049855,N,1222
demo_004073,1,2016-06-18 15:11:00,2016-06-18 15:28:19.780567449,1,-73.92716493723852,40.76566285964751,-73.9219273062929,40.79986490691902,N,1039
demo_004074,2,2016-02-28 10:22:00,2016-02-28 10:45:33.484686290,1,-73.9854511633394,40.795284778009474,-73.9656582740815,40.85386725467102,N,1413
demo_004075,2,2016-01-05 00:12:00,2016-01-05 00:33:03.544314833,3,-74.00353277787117,40.784348063802966,-74.02412878049911,40.8367988072811,N,1263
demo_004076,1,2016-06-25 09:11:00,2016-06-25 09:25:17.958127502,4,-73.94948175299251,40.795516603466396,-73.9590080714479,40.813069918087976,N,857
demo_004077,2,2016-04-18 05:55:00,2016-04-18 06:09:09.209973632,1,-74.02073919717199,40.779293866701074,-74.05846946716072,40.772123069565936,N,849
demo_004078,2,2016-02-14 11:33:00,2016-02-14 11:42:18.675497634,3,-73.93617569592122,40.76533877581821,-73.95291749056146,40.76343917508788,N,558
demo_004079,2,2016-05-17 11:48:00,2016-05-17 11:56:06.437302612,3,-73.93627211011638,40.79647731098007,-73.93992572036532,40.807428572093556,N,486
demo_004080,2,2016-06-11 16:49:00,2016-06-11 17:14:21.113326104,3,-73.92842244944895,40.790179447710905,-73.98653530308187,40.77883275839445,N,1521
demo_004081,1,2016-02-21 06:22:00,2016-02-21 06:38:24.514053454,4,-73.96805196568943,40.771163337864394,-73.94786347656456,40.8067712094877,N,984
demo_004082,1,2016-05-18 12:58:00,2016-05-18 13:21:44.213301708,2,-74.0068923372169,40.80248751548011,-73.97111784774847,40.74752287313324,N,1424
demo_004083,2,2016-05-21 18:14:00,2016-05-21 18:24:04.889588347,4,-73.98008655231625,40.67589741151238,-73.98036367303808,40.66791282155472,N,604
demo_004084,2,2016-03-31 07:16:00,2016-03-31 08:00:26.909398627,3,-73.96789689972144,40.74783378890508,-74.06230037176678,40.7694627191909,N,2666
demo_004085,1,2016-04-23 19:46:00,2016-04-23 20:02:16.534803740,6,-74.01020637403346,40.74729733370219,-74.01906112078798,40.724478023225636,N,976
demo_004086,2,2016-02-18 12:19:00,2016-02-18 12:35:15.703271700,2,-73.92500976699837,40.798343900711856,-73.97377828443123,40.79185988065005,N,975
demo_004087,2,2016-06-16 05:58:00,2016-06-16 06:08:58.027414581,6,-73.95889621245942,40.81299882489328,-73.9802328785982,40.82902719713184,N,658
demo_004088,2,2016-06-25 23:00:00,2016-06-25 23:23:17.892842530,6,-74.02515003298949,40.70724372204264,-73.97433226246748,40.748236987932664,N,1397
demo_004089,1,2016-06-25 13:56:00,2016-06-25 14:23:21.007205739,2,-73.90027068455903,40.80739085109523,-73.98547724245947,40.77245451747674,N,1641
demo_004090,1,2016-05-12 16:22:00,2016-05-12 16:47:22.052909526,3,-73.98061748261735,40.71699941848908,-74.0091901709884,40.6800614073197,N,1522
demo_004091,2,2016-01-08 14:56:00,2016-01-08 15:10:33.978828932,5,-74.03423463692825,40.71805746640538,-74.00519970051333,40.6925146513337,N,873
demo_004092,1,2016-03-06 23:05:00,2016-03-06 23:22:42.284358248,3,-74.02236143552362,40.749800000418546,-74.04692884970783,40.70828653245483,N,1062
demo_004093,2,2016-03-21 02:07:00,2016-03-21 02:28:45.470117358,5,-73.91804973812756,40.746862773475364,-73.94529479432857,40.70727055517926,N,1305
demo_004094,1,2016-06-21 18:31:00,2016-06-21 19:05:01.977335319,2,-73.90287567877024,40.703455395209915,-73.83174146286898,40.67719354287216,N,2041
demo_004095,2,2016-04-08 10:59:00,2016-04-08 11:13:27.674351845,6,-73.93957317259336,40.780745729072244,-73.92632961382398,40.81405005487488,N,867
demo_004096,1,2016-04-06 12:14:00,2016-04-06 12:28:15.051089821,5,-73.92563111081358,40.781779084865434,-73.89293052642746,40.773353010777576,N,855
demo_004097,2,2016-01-27 09:55:00,2016-01-27 10:04:38.977056838,1,-73.93025230435406,40.79489145586573,-73.91293886422847,40.79573858373196,N,578
demo_004098,2,2016-05-22 20:52:00,2016-05-22 21:06:12.573545934,2,-73.95993877312561,40.742829063457776,-73.95427936441966,40.71703152852541,N,852
demo_004099,1,2016-03-01 12:45:00,2016-03-01 13:01:29.884086286,4,-73.97019311954851,40.756614604975965,-73.92595224769948,40.773720106002706,N,989
demo_004100,2,2016-01-17 12:53:00,2016-01-17 13:20:51.927252989,2,-73.96070615624855,40.75693504922841,-73.89401902509219,40.80758067797989,N,1671
demo_004101,1,2016-06-26 18:38:00,2016-06-26 19:06:30.370073670,3,-73.95187930505855,40.8170798404514,-74.01080239741992,40.79311383358233,N,1710
demo_004102,2,2016-02-04 05:06:00,2016-02-04 05:25:29.980856868,4,-74.01837191029368,40.65880143260784,-74.01960801776023,40.705369638626856,N,1169
demo_004103,1,2016-01-03 22:06:00,2016-01-03 22:12:25.554061537,3,-73.95206185718095,40.724506947785386,-73.9535738133749,40.73434640613092,N,385
demo_004104,1,2016-01-15 00:15:00,2016-01-15 00:25:41.409856735,6,-73.91936224187164,40.758193929497715,-73.93438694510756,40.75864924397851,N,641
demo_004105,2,2016-03-22 10:50:00,2016-03-22 11:04:11.784844519,4,-73.9942867592748,40.72000504177796,-73.95994963724323,40.73080838525074,N,851
demo_004106,2,2016-01-19 12:32:00,2016-01-19 12:39:10.468563876,3,-73.99909615033948,40.74895878749551,-73.99010508145132,40.75950300296762,N,430
demo_004107,1,2016-05-31 16:16:00,2016-05-31 16:53:50.560503460,2,-73.96355541608426,40.75358735622706,-73.89616386582877,40.80372917554177,N,2270
demo_004108,1,2016-04-02 05:46:00,2016-04-02 06:03:42.542344219,2,-74.01423458976836,40.73498098619227,-73.975725265443,40.74902694595146,N,1062
demo_004109,1,2016-02-28 07:15:00,2016-02-28 07:36:37.357302905,1,-74.04425683774824,40.7602564124136,-73.99649225242563,40.774866306034404,N,1297
demo_004110,1,2016-01-01 13:36:00,2016-01-01 13:52:00.072446886,1,-73.93335264319526,40.77998522472153,-73.97532339089479,40.76860472958254,N,960
demo_004111,1,2016-03-27 08:43:00,2016-03-27 09:01:03.575060141,5,-74.00529280670105,40.749730674423915,-74.03350581404165,40.77238575710845,N,1083
demo_004112,2,2016-01-28 05:38:00,2016-01-28 05:52:01.646686821,5,-73.98416981395759,40.742138184311095,-74.00949901487803,40.71630331602327,N,841
demo_004113,2,2016-06-25 01:09:00,2016-06-25 01:24:41.715521796,1,-74.01245562684537,40.75219822791712,-73.9661464687666,40.75514133563577,N,941
demo_004114,2,2016-02-22 09:30:00,2016-02-22 10:14:02.470714413,4,-73.92754603332891,40.75773972786741,-73.96139720334352,40.83558838387349,N,2642
demo_004115,1,2016-03-26 11:28:00,2016-03-26 11:56:11.023996677,2,-73.94660707287721,40.6970888152133,-73.97943477509959,40.62947568738285,N,1691
demo_004116,1,2016-01-04 08:26:00,2016-01-04 08:43:37.906923660,5,-73.99583327935191,40.77415438712865,-74.03508071896093,40.780449356029706,N,1057
demo_004117,2,2016-01-24 13:34:00,2016-01-24 14:05:12.741194322,4,-74.03809538141432,40.74221495696936,-73.94173942875356,40.74954877583309,N,1872
demo_004118,2,2016-02-07 08:20:00,2016-02-07 08:28:29.230937050,5,-74.00061184121861,40.80215372761839,-74.00558995805693,40.79599532347123,N,509
demo_004119,1,2016-01-10 07:26:00,2016-01-10 07:39:15.796374094,4,-73.95934312850227,40.77868687164749,-73.9407970479227,40.773164851598665,N,795
demo_004120,2,2016-05-10 16:17:00,2016-05-10 16:35:30.354568521,2,-73.97651139331641,40.79895232414769,-74.01643299944625,40.801420388023054,N,1110
demo_004121,1,2016-06-19 04:11:00,2016-06-19 04:24:53.945396844,4,-73.98009058799965,40.72261486721998,-73.94651654400245,40.71581077878244,N,833
demo_004122,1,2016-06-26 08:44:00,2016-06-26 09:12:48.893674956,6,-73.97547355582385,40.745001467558446,-74.03755188770734,40.750994920236614,N,1728
demo_004123,2,2016-02-17 20:17:00,2016-02-17 20:31:10.071207665,6,-73.95085416958258,40.714513952938994,-73.9851192656646,40.701348463881935,N,850
demo_004124,1,2016-05-21 23:23:00,2016-05-21 23:46:43.912749074,5,-73.98688366418293,40.733318307687476,-74.01248175066445,40.78792291379365,N,1423
demo_004125,1,2016-03-31 17:33:00,2016-03-31 17:42:02.222444388,3,-73.96474939472932,40.801823689857805,-73.95708889088154,40.795019318788775,N,542
demo_004126,1,2016-01-09 06:06:00,2016-01-09 06:19:23.823576388,4,-74.02941136434853,40.81006217022729,-74.05716924534158,40.825441678233155,N,803
demo_004127,2,2016-01-17 07:49:00,2016-01-17 08:14:47.412910653,1,-73.8700767150361,40.717815334681845,-73.81673678149775,40.69975135998608,N,1547
demo_004128,2,2016-04-08 14:26:00,2016-04-08 14:40:52.473965427,4,-73.99777366936924,40.7419602816089,-73.98016085721432,40.767155143429726,N,892
demo_004129,1,2016-03-17 06:11:00,2016-03-17 06:23:52.532856789,1,-73.97583831464522,40.755333151479164,-73.99997443455817,40.77513678173765,N,772
demo_004130,2,2016-01-02 12:12:00,2016-01-02 12:28:10.634092155,2,-73.95950905138461,40.77849619746335,-73.92459245368721,40.78981622384972,N,970
demo_004131,2,2016-06-16 10:03:00,2016-06-16 10:15:32.325737279,4,-74.00348557305803,40.696406640776225,-74.01725053305259,40.668668586158326,N,752
demo_004132,2,2016-05-11 11:03:00,2016-05-11 11:16:38.232713651,3,-73.98464788425878,40.70189499714651,-74.00531316656217,40.6815801150513,N,818
demo_004133,1,2016-03-31 10:25:00,2016-03-31 10:48:32.432967024,3,-73.98519461264044,40.77513691503554,-73.9538410649781,40.820663585650685,N,1412
demo_004134,2,2016-06-26 15:48:00,2016-06-26 16:14:07.628917048,4,-74.0261317141658,40.689783650087875,-74.11198057432189,40.66916985997969,N,1567
demo_004135,1,2016-06-23 19:18:00,2016-06-23 19:34:09.939589036,6,-73.96526347585072,40.74236209078514,-73.93954487851522,40.75966644938088,N,969
demo_004136,2,2016-06-24 07:28:00,2016-06-24 07:49:55.670222075,6,-74.05921498272164,40.76367321329956,-74.08417330051913,40.73816708738467,N,1315
demo_004137,2,2016-02-16 14:10:00,2016-02-16 14:26:07.651387823,4,-73.90612812009125,40.77254830894766,-73.93113937571908,40.79977465630891,N,967
demo_004138,1,2016-06-07 13:26:00,2016-06-07 13:49:33.422908869,4,-73.94931631017597,40.75303986665597,-73.88078151745368,40.734507138003536,N,1413
demo_004139,2,2016-03-31 19:38:00,2016-03-31 19:56:03.963385294,3,-73.9562394939056,40.74519851483334,-73.97483194091754,40.71919244186976,N,1083
demo_004140,1,2016-05-10 16:28:00,2016-05-10 16:47:02.952972917,6,-74.0631488950595,40.78755998009008,-74.02969188291281,40.76832673321926,N,1142
demo_004141,1,2016-06-03 17:10:00,2016-06-03 17:21:52.291423698,6,-74.02066379029819,40.767982207422804,-74.01089022477741,40.753029537312955,N,712
demo_004142,2,2016-01-30 09:34:00,2016-01-30 09:44:54.101992540,1,-73.92247946956377,40.7353544182317,-73.90907478367653,40.74628059881466,N,654
demo_004143,1,2016-03-21 16:27:00,2016-03-21 16:34:10.856874621,5,-73.79819413713322,40.75932030138388,-73.80696311615716,40.7611936614496,N,430
demo_004144,1,2016-01-24 04:50:00,2016-01-24 05:05:05.791974288,1,-73.93123883907244,40.77141091579297,-73.94183388165443,40.74184170163532,N,905
demo_004145,1,2016-02-20 07:23:00,2016-02-20 07:46:09.818906032,5,-73.9383375465387,40.8181383034508,-73.88485795288304,40.817383734078234,N,1389
demo_004146,2,2016-03-15 10:23:00,2016-03-15 10:39:14.768755705,3,-73.96137615973485,40.78552132839021,-73.92881005729227,40.75464679039335,N,974
demo_004147,2,2016-06-02 23:39:00,2016-06-02 23:52:34.851769913,4,-74.02313737380696,40.800509489958394,-74.040626207358,40.81788553881342,N,814
demo_004148,2,2016-06-04 06:42:00,2016-06-04 06:57:16.228904660,5,-73.94021716625599,40.736628741129515,-73.97682283118012,40.75895511939907,N,916
demo_004149,1,2016-03-11 04:19:00,2016-03-11 04:27:47.853755409,2,-74.03455433016936,40.73965359828108,-74.05501091083768,40.73900702014025,N,527
demo_004150,2,2016-02-29 06:07:00,2016-02-29 06:18:54.670197433,1,-74.03947633243129,40.74976170025155,-74.00512399797951,40.75709634213235,N,714
demo_004151,1,2016-04-05 12:43:00,2016-04-05 13:06:19.934168302,4,-74.04230881964473,40.75297495736767,-74.0010546075314,40.800282308355605,N,1399
demo_004152,1,2016-06-13 03:16:00,2016-06-13 03:24:29.451226006,6,-73.94109248090743,40.7227191264769,-73.92166945483687,40.718463845682315,N,509
demo_004153,2,2016-06-24 18:35:00,2016-06-24 19:02:02.459960736,1,-73.98758363247174,40.802307676929495,-74.04417061506403,40.77681271227812,N,1622
demo_004154,1,2016-02-10 19:37:00,2016-02-10 19:54:46.222504699,3,-73.9804613855043,40.78891730732156,-73.9540791176858,40.80455557869188,N,1066
demo_004155,1,2016-02-03 13:36:00,2016-02-03 13:58:49.663371023,4,-73.98569317716728,40.74730127485445,-73.94006794004117,40.71671962317878,N,1369
demo_004156,1,2016-05-07 05:15:00,2016-05-07 05:20:57.046777755,2,-74.03565724435391,40.78045987271549,-74.02958276525518,40.77477451070712,N,357
demo_004157,2,2016-02-24 06:03:00,2016-02-24 06:26:22.929799905,6,-74.01518289077079,40.765801470705135,-73.94588978382473,40.74962873946088,N,1402
demo_004158,2,2016-02-05 22:58:00,2016-02-05 23:15:49.134040333,4,-74.01291917928141,40.7831939793326,-74.05915315223822,40.76424484383596,N,1069
demo_004159,1,2016-01-06 14:13:00,2016-01-06 14:23:44.638319750,4,-74.04823721512514,40.710949250676606,-74.02426895190949,40.70419688559421,N,644
demo_004160,1,2016-03-13 13:52:00,2016-03-13 14:07:08.733868888,1,-74.00768945428851,40.752901862438094,-74.04339720183472,40.77719892824587,N,908
demo_004161,2,2016-03-11 12:44:00,2016-03-11 13:02:04.070183462,1,-74.03365879053783,40.7559686515233,-73.9966098237416,40.78582170880805,N,1084
demo_004162,1,2016-04-11 08:24:00,2016-04-11 08:43:31.614102627,1,-73.95900459670098,40.779827473486414,-73.93755446675004,40.804835031789864,N,1171
demo_004163,2,2016-02-06 00:47:00,2016-02-06 01:11:34.270596330,1,-73.9552563021215,40.736004683958626,-73.8922088485348,40.74508624436509,N,1474
demo_004164,1,2016-05-08 14:03:00,2016-05-08 14:10:40.881035551,4,-74.0432137605188,40.670502424657116,-74.02572395984402,40.66354407749965,N,460
demo_004165,2,2016-05-02 09:45:00,2016-05-02 10:21:08.124614036,6,-73.99834842939116,40.7201405098811,-74.01248864002328,40.6564792350053,N,2168
demo_004166,2,2016-03-24 05:20:00,2016-03-24 05:29:44.719310472,5,-73.90147730534075,40.75586332050012,-73.91866476277548,40.765790167318606,N,584
demo_004167,2,2016-02-02 15:18:00,2016-02-02 15:42:29.212853809,2,-74.02913433039552,40.76023594789262,-74.03789053383097,40.69869399132413,N,1469
demo_004168,1,2016-04-01 06:03:00,2016-04-01 06:27:12.098123230,2,-73.96580129819922,40.816931184291875,-73.98367663964213,40.765000267827105,N,1452
demo_004169,1,2016-05-01 11:11:00,2016-05-01 11:26:28.147679584,4,-73.98025151296987,40.778396125423036,-73.93310269899021,40.77403109871679,N,928
demo_004170,2,2016-03-08 02:07:00,2016-03-08 02:25:53.946560840,5,-73.93582005989715,40.7608535597731,-73.89117272021049,40.767997145378125,N,1133
demo_004171,1,2016-02-17 10:12:00,2016-02-17 10:28:28.875678451,5,-73.97170399213891,40.756866305312656,-74.0240838527119,40.74468701290927,N,988
demo_004172,1,2016-04-01 04:06:00,2016-04-01 04:23:31.583210181,4,-74.00440829650657,40.79664641837594,-74.00306569149868,40.83810575938798,N,1051
demo_004173,1,2016-03-04 22:32:00,2016-03-04 22:41:48.160142150,2,-73.98199561453372,40.737346134174494,-73.97980841144572,40.749822878927496,N,588
demo_004174,1,2016-03-13 02:12:00,2016-03-13 02:23:36.963076587,3,-73.98133835252209,40.753090067429085,-74.00868368738512,40.74635605394561,N,696
demo_004175,2,2016-03-03 19:04:00,2016-03-03 19:26:14.646283353,5,-73.98912628320272,40.71987596579516,-73.97378753348013,40.75730633431507,N,1334
demo_004176,1,2016-02-24 14:58:00,2016-02-24 15:20:37.670264413,6,-74.04436001548957,40.80766171170434,-73.99323023616559,40.84991977208857,N,1357
demo_004177,1,2016-05-09 00:22:00,2016-05-09 00:35:54.257513063,1,-73.9290610126581,40.77173746279506,-73.89784769821973,40.78557654751887,N,834
demo_004178,2,2016-03-23 20:14:00,2016-03-23 20:31:04.175716088,5,-73.93701048854611,40.73323668463986,-73.88986309493313,40.712304727826414,N,1024
demo_004179,2,2016-03-24 23:19:00,2016-03-24 23:33:46.158364545,5,-74.03198850620915,40.75399407463886,-74.0571348808729,40.73913677300128,N,886
demo_004180,1,2016-04-27 13:19:00,2016-04-27 13:36:02.109177251,2,-73.99853265344827,40.77583777671222,-73.99725488140143,40.7367758314614,N,1022
demo_004181,2,2016-03-06 00:48:00,2016-03-06 00:58:40.473017747,1,-73.99512885512094,40.74922483805472,-74.02192652389526,40.74807958230011,N,640
demo_004182,2,2016-01-19 04:28:00,2016-01-19 04:42:16.496635999,2,-74.03704334602249,40.73929352824006,-74.02866329355217,40.710942409321056,N,856
demo_004183,1,2016-06-02 11:19:00,2016-06-02 11:26:03.998583308,2,-74.0690058320493,40.73510042099055,-74.05747505023055,40.726215402222245,N,423
demo_004184,1,2016-01-11 00:38:00,2016-01-11 00:51:09.619178866,1,-74.01517666933606,40.76986366647344,-73.98158233914702,40.77689987465593,N,789
demo_004185,2,2016-04-12 22:49:00,2016-04-12 23:19:15.619924343,2,-74.00103810531131,40.745468100227626,-73.95506589042667,40.69190796689352,N,1815
demo_004186,1,2016-02-17 20:20:00,2016-02-17 20:36:52.451725126,2,-74.04985550000139,40.742118479283306,-74.02574129926329,40.70799746503323,N,1012
demo_004187,2,2016-02-08 11:44:00,2016-02-08 11:57:10.620700958,6,-73.97703600061615,40.71123783857306,-74.00714194581559,40.69755294109251,N,790
demo_004188,1,2016-01-08 13:15:00,2016-01-08 13:32:15.156089480,1,-73.93267146635077,40.76071742017845,-73.97999751135211,40.75929918122293,N,1035
demo_004189,2,2016-06-11 00:23:00,2016-06-11 00:36:02.431100192,4,-73.94710477342257,40.75165717964229,-73.92890407234788,40.738322128049354,N,782
demo_004190,2,2016-03-18 06:09:00,2016-03-18 06:26:49.017847453,2,-73.99070085439214,40.74674230779753,-73.93818261558201,40.7394383236501,N,1069
demo_004191,1,2016-03-02 16:14:00,2016-03-02 16:27:01.918375551,6,-74.06781852634346,40.76495697371211,-74.06868624204084,40.74588991941672,N,781
demo_004192,1,2016-05-13 10:06:00,2016-05-13 10:30:16.784225306,3,-73.95279339467034,40.78418007919576,-74.00625216934499,40.74504628346693,N,1456
demo_004193,1,2016-01-08 00:23:00,2016-01-08 00:45:17.527879718,4,-73.9784123523921,40.78255479151792,-73.90544589390731,40.76811652052834,N,1337
demo_004194,2,2016-04-11 14:51:00,2016-04-11 15:02:18.365312355,3,-73.96590420008519,40.77734549753149,-73.94877504082955,40.77158994735837,N,678
demo_004195,2,2016-03-30 00:40:00,2016-03-30 00:49:00.157438450,5,-73.89787537398638,40.74957654024775,-73.89188542092467,40.741196007450384,N,540
demo_004196,1,2016-04-09 14:51:00,2016-04-09 15:06:49.490146760,5,-74.02211652332888,40.73815505824206,-74.0629955136141,40.74117354804956,N,949
demo_004197,1,2016-01-23 07:24:00,2016-01-23 07:34:06.789115485,4,-74.1,40.721462952553715,-74.09943243219865,40.73277310595655,N,606
demo_004198,1,2016-06-20 10:58:00,2016-06-20 11:11:40.186423584,3,-74.03240545600144,40.73723952224317,-74.0083645103246,40.755646130369385,N,820
demo_004199,2,2016-02-12 22:10:00,2016-02-12 22:22:16.195801812,3,-73.96312797192795,40.75868775332978,-73.94552224670858,40.74158188077097,N,736
demo_004200,2,2016-05-02 02:54:00,2016-05-02 03:13:53.613425879,2,-73.98378833442133,40.730479985742164,-74.00758438390667,40.68793347203633,N,1193
demo_004201,2,2016-05-14 11:31:00,2016-05-14 11:45:56.996090499,4,-74.03970362583193,40.761361999869116,-74.04170091073544,40.79569510174379,N,896
demo_004202,2,2016-03-02 22:00:00,2016-03-02 22:11:32.996987100,2,-74.04888728224294,40.724209016273086,-74.07044751681423,40.734616055994586,N,692
demo_004203,1,2016-01-24 12:50:00,2016-01-24 13:10:02.057898862,2,-74.00095740571179,40.699865283884755,-73.94271175031041,40.674089400403055,N,1202
demo_004204,1,2016-02-23 09:36:00,2016-02-23 09:51:05.843753066,3,-74.04107426014468,40.78667921423027,-74.00975367089242,40.79417725075557,N,905
demo_004205,1,2016-05-25 05:59:00,2016-05-25 06:16:23.473452513,6,-73.96157149617855,40.7413954891622,-73.97992321657954,40.77023134696044,N,1043
demo_004206,2,2016-06-12 04:03:00,2016-06-12 04:24:46.709241412,3,-74.00351420998818,40.72870382213716,-74.04441064804811,40.77539158831863,N,1306
demo_004207,1,2016-06-17 15:26:00,2016-06-17 15:35:25.692272142,6,-74.01322030479493,40.71971535005459,-74.00349677691683,40.72648182751085,N,565
demo_004208,1,2016-02-10 17:39:00,2016-02-10 17:57:13.837673886,4,-74.01912243813153,40.77280625911557,-74.03637104677163,40.80141736632402,N,1093
demo_004209,2,2016-04-19 04:13:00,2016-04-19 04:28:24.713908838,1,-73.97315947730387,40.80612176990138,-73.98780021053346,40.773462513948886,N,924
demo_004210,1,2016-01-28 04:28:00,2016-01-28 04:42:03.841950006,4,-73.9830825849308,40.74389241486479,-74.02281507960541,40.742923040571675,N,843
demo_004211,1,2016-05-07 20:45:00,2016-05-07 20:57:18.009516539,6,-73.97591192285618,40.750455281886815,-74.01131122821444,40.741409940356895,N,738
demo_004212,2,2016-03-15 20:32:00,2016-03-15 20:40:17.194728296,6,-73.97689417502873,40.79550711439612,-73.97120071968911,40.80475650039214,N,497
demo_004213,1,2016-05-08 10:41:00,2016-05-08 10:58:38.047234074,2,-73.98824879914685,40.69463440034746,-73.99758954482131,40.73813663660424,N,1058
demo_004214,2,2016-05-03 07:44:00,2016-05-03 08:18:57.562312407,2,-74.03149087625562,40.826840402501944,-73.9441128727449,40.83358741614748,N,2097
demo_004215,2,2016-06-27 16:55:00,2016-06-27 17:12:16.627226146,5,-74.0178671057029,40.843543510581426,-73.99706823555952,40.81822586062122,N,1036
demo_004216,1,2016-03-28 22:56:00,2016-03-28 23:13:54.421852508,3,-74.00276037073125,40.6632781864703,-74.04306970208067,40.62916534481344,N,1074
demo_004217,1,2016-03-02 11:26:00,2016-03-02 11:51:29.557808861,5,-73.89206621428602,40.754587386987914,-73.94581348279162,40.79902344868227,N,1529
demo_004218,2,2016-04-04 19:35:00,2016-04-04 19:46:55.418244979,4,-74.04569763441876,40.73283685388457,-74.03176163581573,40.74670927601897,N,715
demo_004219,1,2016-01-30 07:32:00,2016-01-30 07:43:28.639727942,2,-74.00385394264926,40.74873298801834,-74.0177442909647,40.76083118438667,N,688
demo_004220,2,2016-01-21 02:48:00,2016-01-21 03:04:03.354693875,2,-73.98057798229503,40.743356522563445,-73.93397635906237,40.73407577507238,N,963
demo_004221,2,2016-04-03 10:48:00,2016-04-03 10:55:02.754908107,1,-73.99864997389726,40.78641156844678,-73.98878473955116,40.79364383663281,N,422
demo_004222,1,2016-05-28 13:45:00,2016-05-28 14:07:41.247409098,2,-73.9366713706353,40.754060053256126,-74.0060595814746,40.7274121357907,N,1361
demo_004223,2,2016-04-05 23:38:00,2016-04-05 23:51:07.702016175,5,-73.99888240687262,40.726118247503,-74.03456225731723,40.736572603107,N,787
demo_004224,1,2016-05-20 17:54:00,2016-05-20 18:15:25.273696645,2,-73.99555436296178,40.75197351935467,-74.01918923492204,40.72025202566717,N,1285
demo_004225,1,2016-02-02 00:34:00,2016-02-02 00:42:06.483885013,3,-73.94834171688727,40.776017448293686,-73.93287042404438,40.76631666027794,N,486
demo_004226,1,2016-03-21 21:22:00,2016-03-21 21:36:27.426825102,2,-73.90351797516867,40.71656975352822,-73.94036431021337,40.69921163851441,N,867
demo_004227,1,2016-04-20 08:37:00,2016-04-20 09:25:04.723901523,3,-73.92166257317233,40.70038182088605,-73.91631395738378,40.61243289453405,N,2884
demo_004228,2,2016-03-03 13:57:00,2016-03-03 14:12:40.230928729,6,-73.99114942478491,40.827745998029236,-74.03791466852734,40.818383245112834,N,940
demo_004229,2,2016-01-03 13:01:00,2016-01-03 13:13:42.059668380,5,-73.98722813952796,40.735515066210205,-73.98701164986372,40.711245672749705,N,762
demo_004230,2,2016-01-14 05:17:00,2016-01-14 05:25:37.063046012,5,-73.9828976339847,40.75319264545782,-73.96994672452902,40.74751211859277,N,517
demo_004231,1,2016-06-15 23:31:00,2016-06-15 23:46:40.526979800,2,-73.97838502661918,40.74407716079611,-73.92723216551165,40.74412367640912,N,940
demo_004232,2,2016-04-18 22:11:00,2016-04-18 22:31:55.725824845,2,-74.02313066514566,40.77718306964288,-74.01453552531947,40.82491723210338,N,1255
demo_004233,2,2016-02-17 14:57:00,2016-02-17 15:10:09.481848355,1,-73.9428532790515,40.820047647308186,-73.97143900140028,40.82827479023144,N,789
demo_004234,2,2016-02-16 14:05:00,2016-02-16 14:23:11.295393341,6,-73.97570258925248,40.778297684460526,-73.92344741120894,40.78731872555108,N,1091
demo_004235,1,2016-01-08 02:54:00,2016-01-08 03:02:24.137681874,6,-73.98701852849669,40.7048572198361,-73.99342975976397,40.71823879338702,N,504
demo_004236,1,2016-06-19 01:26:00,2016-06-19 01:39:19.390801459,3,-74.04220154194516,40.709555680054706,-74.0151267050616,40.73309450988522,N,799
demo_004237,1,2016-01-20 11:38:00,2016-01-20 11:49:32.110406945,5,-73.98219712061793,40.74403623286356,-74.00364847260889,40.75630177811763,N,692
demo_004238,2,2016-05-16 16:51:00,2016-05-16 16:58:21.969182504,2,-74.07019455364494,40.74861183801634,-74.0670173145487,40.75621808967579,N,441
demo_004239,2,2016-02-13 05:52:00,2016-02-13 06:05:20.223143916,4,-74.01117422048145,40.69773170556587,-74.03921859819168,40.716935372367075,N,800
demo_004240,2,2016-03-01 09:54:00,2016-03-01 10:29:02.588253616,1,-74.01033939679157,40.786676932206106,-73.99906029835434,40.72115780284366,N,2102
demo_004241,2,2016-02-19 07:16:00,2016-02-19 07:48:54.998471029,2,-73.97208521631106,40.71997878047415,-73.94395123298033,40.776383173222676,N,1974
demo_004242,2,2016-05-28 09:55:00,2016-05-28 10:20:26.411054515,3,-73.90040674887746,40.8102655546744,-73.91772472352082,40.853188260481666,N,1526
demo_004243,1,2016-01-06 21:44:00,2016-01-06 21:52:20.913305303,6,-73.95926416404505,40.8217221409022,-73.97854944122359,40.8275848062024,N,500
demo_004244,1,2016-03-04 09:53:00,2016-03-04 10:16:27.317361475,3,-73.9198219067314,40.749311126357874,-73.90733326908516,40.71115995219684,N,1407
demo_004245,2,2016-02-20 06:48:00,2016-02-20 07:07:48.966642647,2,-73.95596545221034,40.77336404241464,-73.98484101115963,40.80604350409195,N,1188
demo_004246,2,2016-02-19 03:10:00,2016-02-19 03:30:23.146521329,1,-73.93437259296405,40.714881847227055,-73.98750062202079,40.69614718175231,N,1223
demo_004247,2,2016-02-04 17:30:00,2016-02-04 17:45:13.860938998,2,-73.90142926911756,40.77982867142677,-73.88906739447351,40.794242378874294,N,913
demo_004248,2,2016-06-13 05:46:00,2016-06-13 06:01:03.224415922,2,-74.0179326574536,40.7405632651798,-74.0217020586353,40.705924813931595,N,903
demo_004249,1,2016-03-09 03:38:00,2016-03-09 04:01:13.967459952,2,-74.02086969953592,40.71994676374441,-74.02537977823634,40.78005975001668,N,1393
demo_004250,2,2016-03-16 06:38:00,2016-03-16 06:54:29.629096153,1,-73.95490350947853,40.747873275411145,-73.93666604496818,40.708933422834214,N,989
demo_004251,1,2016-03-10 07:55:00,2016-03-10 08:07:10.235120943,5,-73.9851655304328,40.74169881970582,-73.96203926809773,40.743561443604364,N,730
demo_004252,1,2016-06-25 10:32:00,2016-06-25 10:54:58.401605196,3,-73.97508407752369,40.74661942089487,-73.98071914372925,40.68932036610306,N,1378
demo_004253,1,2016-03-02 00:30:00,2016-03-02 00:43:59.190367438,2,-73.99619001014483,40.79123879659858,-74.03548343932998,40.790125790389276,N,839
demo_004254,1,2016-03-02 12:05:00,2016-03-02 12:14:53.511773330,4,-74.01183164226612,40.730514234257754,-74.0341821803771,40.71903153371902,N,593
demo_004255,1,2016-02-29 00:37:00,2016-02-29 00:52:44.960119624,2,-73.91206558990513,40.81872580499209,-73.89159185233883,40.84942975662755,N,944
demo_004256,1,2016-02-28 20:29:00,2016-02-28 20:37:00.064101701,5,-74.0344937501219,40.71162291285111,-74.02971965690132,40.70013766819813,N,480
demo_004257,1,2016-01-17 03:38:00,2016-01-17 03:53:38.825642715,4,-73.95411234833414,40.81454005956125,-73.97335392613564,40.8452828962981,N,938
demo_004258,2,2016-04-18 18:28:00,2016-04-18 18:49:15.184799690,6,-73.96140972714213,40.72242212823327,-73.98886325414635,40.69477087290838,N,1275
demo_004259,2,2016-01-05 12:53:00,2016-01-05 13:03:08.460663056,4,-74.05605559839066,40.75796453686122,-74.0344318000317,40.75035157357902,N,608
demo_004260,2,2016-02-10 16:06:00,2016-02-10 16:15:58.407013499,3,-74.02238511484971,40.740843136028275,-74.03014294904439,40.73377150938442,N,598
demo_004261,2,2016-02-06 09:08:00,2016-02-06 09:24:03.602268782,1,-74.01482107524275,40.74596949649618,-73.98847598798572,40.75935037939827,N,963
demo_004262,1,2016-02-22 11:13:00,2016-02-22 11:25:27.514212149,1,-73.95959371490075,40.78604750327245,-73.92881696199039,40.79599361278544,N,747
demo_004263,2,2016-05-16 04:43:00,2016-05-16 04:53:24.563901716,4,-74.00151657976687,40.81049393790301,-74.01246597102686,40.829994017085944,N,624
demo_004264,1,2016-04-17 21:49:00,2016-04-17 22:01:26.769439853,1,-73.98885154129749,40.79966836467345,-73.95561387932823,40.806872790962274,N,746
demo_004265,1,2016-06-27 08:17:00,2016-06-27 08:28:40.658395126,3,-74.05059413106432,40.74383002836804,-74.04574978965815,40.76168552868659,N,700
demo_004266,2,2016-03-04 05:10:00,2016-03-04 05:23:33.164682190,1,-73.8803339727478,40.76444893278416,-73.87096243443237,40.74020660670945,N,813
demo_004267,1,2016-06-16 03:13:00,2016-06-16 03:35:58.671882184,3,-73.98179619715673,40.73062727442161,-74.05840241548565,40.7411248384274,N,1378
demo_004268,2,2016-01-09 02:01:00,2016-01-09 02:20:58.470260925,6,-73.96254495962164,40.723295739059886,-73.99652720506296,40.76671729910092,N,1198
demo_004269,1,2016-03-31 18:13:00,2016-03-31 18:40:43.079889173,1,-74.00932814698544,40.7178794682995,-74.04141244972115,40.67251966358003,N,1663
demo_004270,2,2016-05-23 19:01:00,2016-05-23 19:11:50.371038022,6,-74.01436822971806,40.74268493425556,-74.02552114500219,40.75588814903972,N,650
demo_004271,1,2016-04-05 17:28:00,2016-04-05 17:40:25.242423283,6,-73.89892919052708,40.76673619708553,-73.8949269052592,40.78500925108986,N,745
demo_004272,1,2016-06-16 23:54:00,2016-06-17 00:13:11.123911009,6,-74.0712524723153,40.6910864694087,-74.06581871093886,40.730538501600435,N,1151
demo_004273,2,2016-02-26 14:59:00,2016-02-26 15:09:20.458058657,5,-73.97246088192061,40.75637762040967,-73.96245973878291,40.77598088760851,N,620
demo_004274,2,2016-01-06 23:59:00,2016-01-07 00:11:37.705960104,2,-74.03951767509986,40.81106087935924,-74.06349073579418,40.81376940979752,N,757
demo_004275,1,2016-05-19 07:25:00,2016-05-19 07:41:25.969433286,1,-74.00322505194787,40.7972668874176,-73.97902734821575,40.80887886369637,N,985
demo_004276,2,2016-01-13 05:46:00,2016-01-13 06:09:11.073974145,6,-74.01371425104533,40.73751855732157,-73.95038915552102,40.71767253578842,N,1391
demo_004277,1,2016-05-17 15:44:00,2016-05-17 15:53:27.601956739,3,-74.02936899575387,40.709109448175106,-74.04173536681459,40.69863431022144,N,567
demo_004278,2,2016-05-12 00:21:00,2016-05-12 00:37:10.515110329,3,-73.98340512216322,40.77409406072627,-74.0066335080234,40.738030084054316,N,970
demo_004279,2,2016-05-31 23:15:00,2016-05-31 23:34:56.451322999,1,-74.1,40.67689001124274,-74.12,40.71703980813003,N,1196
demo_004280,1,2016-03-27 04:57:00,2016-03-27 05:03:58.478910367,1,-73.99919698168634,40.796855394055896,-73.99620560775777,40.80900964166757,N,418
demo_004281,2,2016-06-10 04:34:00,2016-06-10 04:46:33.639583460,4,-73.98906304889074,40.75052443897409,-74.00746475772719,40.725789402545324,N,753
demo_004282,1,2016-01-31 13:40:00,2016-01-31 13:58:57.746483573,3,-74.04616744458826,40.82209551122021,-74.10672893904618,40.8294221492121,N,1137
demo_004283,2,2016-03-19 04:23:00,2016-03-19 04:42:54.842474228,5,-73.91690515753477,40.697556208004826,-73.96789147307058,40.728858596174675,N,1194
demo_004284,2,2016-01-22 22:19:00,2016-01-22 22:36:54.814290751,6,-74.01175062686588,40.79013511788228,-73.97604397198451,40.816940510669546,N,1074
demo_004285,1,2016-05-18 00:54:00,2016-05-18 01:13:03.103058686,1,-73.99568679091092,40.75448219071151,-73.95082399950661,40.729435948156016,N,1143
demo_004286,1,2016-05-08 13:39:00,2016-05-08 14:14:22.713594169,6,-74.01164986237616,40.74641323139848,-73.95565372679764,40.66179958336973,N,2122
demo_004287,2,2016-05-25 03:38:00,2016-05-25 03:46:50.129155667,6,-73.98867047541937,40.71005547871758,-73.98074982006209,40.72073090300978,N,530
demo_004288,1,2016-05-17 13:57:00,2016-05-17 14:13:00.231756991,4,-73.92613351579223,40.77885117673491,-73.96081520857061,40.75490569667528,N,960
demo_004289,1,2016-02-25 12:32:00,2016-02-25 12:42:46.736006350,3,-73.87371428882345,40.78166480846719,-73.88904485404395,40.79846765112867,N,646
demo_004290,2,2016-01-13 06:02:00,2016-01-13 06:21:17.179157413,1,-73.95144623583347,40.82047947306881,-74.00364480305777,40.84613677355389,N,1157
demo_004291,1,2016-06-16 06:19:00,2016-06-16 06:39:04.107003634,2,-73.93604028048627,40.79328175920012,-73.98958650012024,40.823349853201535,N,1204
demo_004292,1,2016-03-29 16:58:00,2016-03-29 17:23:28.269706537,5,-73.90776076333353,40.73721366348655,-73.89882656846383,40.78432165660797,N,1528
demo_004293,1,2016-01-17 23:33:00,2016-01-17 23:50:16.797045814,1,-73.97380080154551,40.72286480957339,-73.95493539731626,40.75624644636147,N,1036
demo_004294,1,2016-06-15 20:55:00,2016-06-15 21:21:41.029660445,6,-73.91433871068746,40.71010279982672,-73.84579563623704,40.75734061820389,N,1601
demo_004295,2,2016-06-27 23:14:00,2016-06-27 23:29:48.606406466,1,-73.94934194904243,40.809562852097386,-73.95225022420894,40.84679748136474,N,948
demo_004296,1,2016-03-21 04:33:00,2016-03-21 04:54:05.162310243,5,-73.97852056883097,40.73076390005028,-74.02604478720917,40.77035177454888,N,1265
demo_004297,1,2016-05-18 14:47:00,2016-05-18 14:52:27.576844006,6,-73.96923465344969,40.809808045414,-73.97350186688112,40.80870460565296,N,327
demo_004298,2,2016-01-07 12:48:00,2016-01-07 13:04:30.352177922,2,-74.06696376335155,40.77637752143018,-74.07684983532052,40.741565707786904,N,990
demo_004299,2,2016-01-17 18:55:00,2016-01-17 19:31:15.973052786,3,-73.97185463327992,40.76954660085579,-73.98904774196787,40.836567897726816,N,2175
demo_004300,1,2016-02-19 18:45:00,2016-02-19 18:53:28.677089070,4,-74.05446863842008,40.74725960906039,-74.04243740355845,40.748959338311224,N,508
demo_004301,1,2016-04-28 02:54:00,2016-04-28 03:12:51.939298527,5,-74.0581371118225,40.78112355195508,-74.10064365034121,40.81429866968239,N,1131
demo_004302,2,2016-01-25 00:23:00,2016-01-25 00:33:16.438321321,1,-73.97632045899387,40.75745852330071,-73.97174520884496,40.742601102863055,N,616
demo_004303,2,2016-01-07 03:39:00,2016-01-07 03:53:50.614795549,2,-74.035133536784,40.7450775347986,-74.01232882248382,40.77110344074733,N,890
demo_004304,2,2016-04-30 09:05:00,2016-04-30 09:44:13.400964946,1,-73.98532011880864,40.78236016753269,-73.93562929685052,40.71634615775661,N,2353
demo_004305,1,2016-05-18 15:12:00,2016-05-18 15:21:11.264860423,2,-73.97877044662926,40.75296097617726,-73.967907291913,40.74187900462024,N,551
demo_004306,2,2016-05-13 01:23:00,2016-05-13 01:36:20.786485049,5,-73.97676276796322,40.730058282744146,-73.94025355219505,40.72740118349255,N,800
demo_004307,2,2016-05-23 20:38:00,2016-05-23 20:46:55.629130885,3,-74.02568546331689,40.778993937141124,-74.0412218247276,40.79148437388536,N,535
demo_004308,2,2016-05-24 12:19:00,2016-05-24 12:32:08.206821107,3,-73.94455929278834,40.755760502053,-73.95520945238111,40.78470516832123,N,788
demo_004309,2,2016-04-18 10:24:00,2016-04-18 10:44:24.838460544,3,-73.98901558564097,40.77511185041153,-73.94184093919843,40.74556999152751,N,1224
demo_004310,2,2016-04-03 11:51:00,2016-04-03 12:09:34.254360631,1,-73.9651515943923,40.7421149049576,-74.01315704926603,40.75993404605845,N,1114
demo_004311,2,2016-06-03 05:38:00,2016-06-03 05:53:45.591202508,1,-74.03883978262762,40.71568075433617,-74.05294969320622,40.748800762705365,N,945
demo_004312,1,2016-03-03 15:28:00,2016-03-03 15:54:45.853725420,2,-73.99302474005582,40.818727588688,-73.95352911932041,40.882067201422366,N,1605
demo_004313,2,2016-01-18 14:51:00,2016-01-18 15:00:51.266153344,1,-73.93562174825284,40.812131399376725,-73.94301065826917,40.83121035494034,N,591
demo_004314,1,2016-05-15 08:28:00,2016-05-15 08:38:14.989064501,5,-73.9413420065686,40.788932473644174,-73.9513380776841,40.77652581214418,N,614
demo_004315,2,2016-02-19 15:59:00,2016-02-19 16:14:17.715203315,6,-74.02087817073159,40.7444266260119,-74.03016479481143,40.71008898026998,N,917
demo_004316,2,2016-06-25 04:38:00,2016-06-25 04:59:59.314353378,3,-74.00955011857587,40.747488870939364,-74.00544980645623,40.79687733298172,N,1319
demo_004317,1,2016-03-15 13:14:00,2016-03-15 13:28:25.562577224,4,-74.02949090285287,40.80638146060638,-73.9914779683857,40.82628969286739,N,865
demo_004318,1,2016-06-02 07:44:00,2016-06-02 07:59:46.089172945,1,-74.01453858132174,40.74561594868514,-73.98219047818043,40.745022606632475,N,946
demo_004319,2,2016-01-08 15:25:00,2016-01-08 15:43:11.801607175,1,-74.04795803933179,40.73586053872785,-74.04755703587932,40.69212544478386,N,1091
demo_004320,1,2016-04-28 15:52:00,2016-04-28 16:09:14.081809286,4,-73.99121791425839,40.82352821364728,-73.9529843143962,40.79838624697303,N,1034
demo_004321,2,2016-03-21 16:17:00,2016-03-21 16:29:22.859083975,5,-73.95650877208178,40.75633128114352,-73.94454601836523,40.773376928940415,N,742
demo_004322,2,2016-03-24 06:26:00,2016-03-24 06:37:57.598580388,6,-74.02032737887104,40.819894886497984,-73.99025817299732,40.82944837814939,N,717
demo_004323,1,2016-02-17 17:43:00,2016-02-17 18:16:31.828293176,3,-73.98907728271975,40.709056283125854,-74.025070214313,40.656505331033756,N,2011
demo_004324,1,2016-06-23 19:33:00,2016-06-23 20:00:48.554216465,3,-73.99492242834341,40.77613647089746,-73.93407308267325,40.79321700992301,N,1668
demo_004325,1,2016-03-11 16:36:00,2016-03-11 17:00:03.602400716,5,-73.93751965707808,40.830487890972584,-73.929812200183,40.78814010687064,N,1443
demo_004326,1,2016-06-02 02:04:00,2016-06-02 02:34:19.525344432,1,-74.0125216326562,40.759041276063066,-74.10871245981232,40.795599520915324,N,1819
demo_004327,1,2016-03-17 12:26:00,2016-03-17 12:46:45.891002832,6,-74.01088472484429,40.74875984277063,-73.95280127377286,40.754390852473065,N,1245
demo_004328,1,2016-01-09 16:33:00,2016-01-09 16:41:56.747240308,2,-74.02307095077316,40.71712868288406,-74.02289402818079,40.70461630376783,N,536
demo_004329,1,2016-06-07 07:03:00,2016-06-07 07:23:08.912336319,1,-74.03618792840354,40.79588200690524,-74.05003021704384,40.822616174061224,N,1208
demo_004330,2,2016-02-03 07:40:00,2016-02-03 07:53:07.860084698,5,-73.96118667538488,40.73104551710758,-73.98238558266644,40.74058999789562,N,787
demo_004331,2,2016-02-18 15:52:00,2016-02-18 16:08:21.907531814,6,-73.99107998583487,40.75468170042135,-73.97569742043616,40.79045474585099,N,981
demo_004332,2,2016-06-03 23:58:00,2016-06-04 00:11:20.312225708,3,-73.98253355630796,40.71479242020726,-74.01362716847076,40.71696526176878,N,800
demo_004333,2,2016-06-09 20:58:00,2016-06-09 21:08:48.118715267,1,-73.9276411479712,40.81249131100341,-73.94783287416467,40.816239433896364,N,648
demo_004334,2,2016-06-14 00:22:00,2016-06-14 00:31:34.387667160,1,-73.92505636733324,40.7984209858754,-73.94440710096664,40.79071922419526,N,574
demo_004335,2,2016-03-17 16:11:00,2016-03-17 16:20:34.279200028,2,-74.05908054385256,40.75689453377754,-74.06930919038214,40.763994646632256,N,574
demo_004336,1,2016-05-16 06:07:00,2016-05-16 06:25:57.435519063,4,-73.9558474397107,40.71760478725446,-73.97387972845131,40.76344946100877,N,1137
demo_004337,1,2016-02-29 00:07:00,2016-02-29 00:19:31.352462792,4,-73.974845888343,40.811756746723496,-73.94499739373508,40.79818211413185,N,751
demo_004338,2,2016-05-13 06:29:00,2016-05-13 06:38:38.673064387,5,-74.00577159496157,40.74519238955335,-73.99628441429365,40.76268717858528,N,578
demo_004339,1,2016-03-31 10:51:00,2016-03-31 11:05:41.361930447,5,-73.97025423408374,40.71931783057139,-73.95649794824169,40.695545853830176,N,881
demo_004340,1,2016-01-10 08:27:00,2016-01-10 09:00:45.935427885,2,-74.06268724558494,40.696325869563466,-74.04131616811183,40.640524102386145,N,2025
demo_004341,1,2016-03-16 04:39:00,2016-03-16 04:44:04.747117327,2,-73.91918109457507,40.73539122038372,-73.92243939403086,40.74099260637371,N,304
demo_004342,1,2016-03-25 04:34:00,2016-03-25 04:46:36.280156006,6,-73.96182751563177,40.707087665711455,-73.9975383421511,40.71708861214513,N,756
demo_004343,1,2016-02-16 07:50:00,2016-02-16 08:16:50.227006019,1,-74.02393389851747,40.7362012707217,-73.96075286173928,40.73322988644675,N,1610
demo_004344,2,2016-03-08 09:42:00,2016-03-08 10:11:10.166419327,4,-74.01134345998187,40.784054305679426,-73.97887974706984,40.74366271146857,N,1750
demo_004345,2,2016-03-31 11:34:00,2016-03-31 11:52:01.818383227,2,-74.06164159139963,40.74486099426087,-74.00519264591189,40.75307712327619,N,1081
demo_004346,1,2016-01-09 22:42:00,2016-01-09 22:59:42.188567318,5,-73.99912807624263,40.77044926837398,-73.96291923150898,40.77763973649574,N,1062
demo_004347,2,2016-01-28 07:47:00,2016-01-28 08:02:53.241398043,2,-74.00672293897583,40.73268328691638,-74.02283593811111,40.70868620987688,N,953
demo_004348,2,2016-05-18 00:30:00,2016-05-18 00:55:52.613991967,1,-74.04462996742056,40.76028091732275,-74.12,40.72373664489298,N,1552
demo_004349,1,2016-03-04 08:20:00,2016-03-04 08:39:01.447657630,2,-73.95004839948307,40.82523152877302,-73.99306677437654,40.818417054724954,N,1141
demo_004350,2,2016-04-19 12:13:00,2016-04-19 12:25:12.325639905,1,-73.92754412646374,40.74580298726906,-73.90526585482895,40.763432076932055,N,732
demo_004351,1,2016-04-11 20:12:00,2016-04-11 20:19:22.487323786,2,-73.986231222052,40.77145503031669,-73.98979239922878,40.78270470807507,N,442
demo_004352,1,2016-04-09 05:15:00,2016-04-09 05:29:56.021326407,3,-73.99875410972808,40.703206547038604,-74.01344885479013,40.67942394809708,N,896
demo_004353,2,2016-03-15 09:55:00,2016-03-15 10:30:17.794501761,6,-73.96542569290406,40.811203714284595,-74.05277006546186,40.81490069158019,N,2117
demo_004354,2,2016-03-27 23:55:00,2016-03-28 00:08:06.520501295,2,-73.98588375331228,40.741297767986936,-73.98634320756084,40.76525018093478,N,786
demo_004355,1,2016-05-28 07:18:00,2016-05-28 07:41:35.852295226,5,-74.0336980647304,40.79476867774673,-74.07156031398924,40.76310670359653,N,1415
demo_004356,2,2016-06-22 17:00:00,2016-06-22 17:12:57.103818348,4,-74.01437050939643,40.75368868964844,-74.03972389972324,40.75539388458561,N,777
demo_004357,1,2016-02-16 05:02:00,2016-02-16 05:18:54.876963971,6,-73.99833962030367,40.77940527777573,-73.96858597691227,40.81557558424034,N,1014
demo_004358,2,2016-04-30 12:07:00,2016-04-30 12:28:05.725737553,4,-73.97383160324854,40.78148543495239,-74.00985157164148,40.74706226675945,N,1265
demo_004359,1,2016-06-23 13:24:00,2016-06-23 13:41:02.851078460,1,-73.98457984769556,40.742164588117056,-74.01725897338362,40.77336379797539,N,1022
demo_004360,1,2016-01-02 08:45:00,2016-01-02 09:11:16.772652082,3,-73.97553337790058,40.79621672525167,-73.96903806644121,40.839934786464376,N,1576
demo_004361,1,2016-05-21 05:59:00,2016-05-21 06:09:46.684048864,1,-74.05361725924777,40.73143552976025,-74.0230845860413,40.725435980580635,N,646
demo_004362,1,2016-03-30 10:15:00,2016-03-30 10:22:36.405328163,2,-73.95506520151618,40.78522769770097,-73.96915990785541,40.775966464987526,N,456
demo_004363,2,2016-06-23 04:00:00,2016-06-23 04:19:00.032276389,4,-73.98484628521962,40.744342814704176,-73.93349374604382,40.7722363640177,N,1140
demo_004364,2,2016-04-14 02:06:00,2016-04-14 02:20:46.758123312,6,-73.87012809256325,40.770234528202124,-73.91488151379063,40.765209008076326,N,886
demo_004365,2,2016-05-30 20:44:00,2016-05-30 21:14:16.580753465,4,-74.00244354665794,40.7418302449176,-74.05333549267924,40.67829582399883,N,1816
demo_004366,1,2016-01-30 21:10:00,2016-01-30 21:27:05.716602612,3,-73.97044436772008,40.75974915911473,-74.02431937766006,40.75708170505811,N,1025
demo_004367,2,2016-01-26 13:53:00,2016-01-26 14:12:46.849072750,4,-73.85768513770061,40.72038572044079,-73.91551156945498,40.73308662758204,N,1186
demo_004368,1,2016-06-15 18:49:00,2016-06-15 19:06:38.358139321,2,-73.97626587667236,40.76666449446411,-73.96448666289176,40.786646758510834,N,1058
demo_004369,1,2016-04-04 18:18:00,2016-04-04 18:38:33.194804794,1,-73.98804337426742,40.75954657422359,-74.02226600044604,40.73576958677529,N,1233
demo_004370,1,2016-04-10 12:02:00,2016-04-10 12:17:32.521026365,5,-74.02941148526378,40.739094625607464,-74.0787682179985,40.7318099953817,N,932
demo_004371,2,2016-01-31 14:18:00,2016-01-31 14:30:28.942363430,6,-73.91622801347559,40.75607402117634,-73.90293512914585,40.78245051730845,N,748
demo_004372,1,2016-02-10 19:28:00,2016-02-10 19:43:16.625686863,4,-74.03715957137794,40.76269015666588,-74.00832134772627,40.761070193887726,N,916
demo_004373,2,2016-05-27 06:44:00,2016-05-27 07:03:55.864616428,3,-73.96577955874183,40.73642750313572,-73.92899951484979,40.69515157729878,N,1195
demo_004374,1,2016-02-24 14:22:00,2016-02-24 14:38:22.028831232,3,-74.00630998945887,40.753493449849465,-73.97567503319543,40.78690967610922,N,982
demo_004375,2,2016-04-15 03:34:00,2016-04-15 03:52:09.662195140,3,-73.99352013181601,40.72280568206868,-74.0256537531275,40.7170246844645,N,1089
demo_004376,2,2016-02-26 23:25:00,2016-02-26 23:40:48.566209700,6,-74.04907695208745,40.84010065636364,-74.03941376833171,40.86956356334753,N,948
demo_004377,1,2016-02-17 10:06:00,2016-02-17 10:22:28.501651818,4,-73.92455927502198,40.79506915310729,-73.90716876981324,40.757391822318894,N,988
demo_004378,2,2016-01-30 21:12:00,2016-01-30 21:24:18.977986695,6,-73.99750087876632,40.76755829369711,-74.01412179234444,40.7642916515122,N,738
demo_004379,2,2016-06-16 07:52:00,2016-06-16 08:07:49.786379482,1,-74.03967903465019,40.79902395246169,-74.03391271101353,40.81278682510097,N,949
demo_004380,2,2016-06-18 05:04:00,2016-06-18 05:22:21.657910947,3,-73.92862892313319,40.68872616331607,-73.97243556118185,40.686373252055546,N,1101
demo_004381,2,2016-01-21 17:36:00,2016-01-21 17:56:59.509103671,2,-74.00768615658667,40.66848120917581,-74.02965216274997,40.63654004171314,N,1259
demo_004382,2,2016-03-04 14:02:00,2016-03-04 14:27:36.508548266,1,-73.96994267187212,40.74402481283876,-73.95693011617654,40.67958112355399,N,1536
demo_004383,2,2016-04-11 11:53:00,2016-04-11 12:16:45.921121018,6,-73.94713626280395,40.709750254973926,-73.8943722699018,40.75087841347052,N,1425
demo_004384,1,2016-03-09 23:47:00,2016-03-10 00:00:39.708795081,1,-73.96366845512415,40.74971880664431,-73.92336806865788,40.75641583809565,N,819
demo_004385,1,2016-05-09 18:53:00,2016-05-09 19:15:51.738875328,4,-74.08384859977245,40.76519798242082,-74.06071855305176,40.796701610846185,N,1371
demo_004386,1,2016-02-16 20:11:00,2016-02-16 20:23:45.435288221,2,-73.953708948456,40.790214507441924,-73.95091944709888,40.815288573124654,N,765
demo_004387,1,2016-01-11 14:13:00,2016-01-11 14:23:52.306885405,1,-73.98952761931993,40.71816076055037,-73.99216068727407,40.7342756248556,N,652
demo_004388,2,2016-03-01 15:33:00,2016-03-01 15:49:35.479621560,6,-73.99980629135615,40.771987074015605,-74.05047228974222,40.76331096542663,N,995
demo_004389,2,2016-04-17 14:44:00,2016-04-17 14:56:51.359410779,2,-73.98990837270388,40.75850363926033,-74.01915110139001,40.77172734625259,N,771
demo_004390,1,2016-02-02 12:21:00,2016-02-02 12:38:40.124412259,3,-74.05745147572735,40.77016282584766,-74.08555139563812,40.808841323399676,N,1060
demo_004391,1,2016-05-26 20:41:00,2016-05-26 20:49:32.599170810,2,-73.97635230884022,40.73980798172363,-73.9562357327963,40.74204927678702,N,512
demo_004392,2,2016-01-03 04:54:00,2016-01-03 05:16:36.295990716,5,-74.04639761181691,40.80640972989518,-74.01332443981491,40.85775565809396,N,1356
demo_004393,2,2016-01-13 03:43:00,2016-01-13 04:02:42.461347980,6,-73.99786278693004,40.75437719730496,-73.97208271724662,40.71389280637035,N,1182
demo_004394,2,2016-04-01 14:10:00,2016-04-01 14:33:08.706549325,3,-73.97796810058078,40.82009637782264,-73.93657477524835,40.77670984531855,N,1388
demo_004395,2,2016-04-02 04:53:00,2016-04-02 05:04:57.490758297,5,-73.93666833104055,40.73033639712113,-73.93413931673713,40.757014427913155,N,717
demo_004396,2,2016-02-23 01:54:00,2016-02-23 02:11:22.959735568,3,-74.02188259219369,40.783998956898444,-74.05628514858448,40.76189289761238,N,1042
demo_004397,2,2016-02-16 12:58:00,2016-02-16 13:20:55.347118776,4,-73.91967856826693,40.75591160318039,-73.92142621963916,40.81108170003196,N,1375
demo_004398,2,2016-01-13 13:35:00,2016-01-13 13:53:30.100866394,5,-73.94239160359182,40.74652901541666,-73.96776090175695,40.78263723243995,N,1110
demo_004399,1,2016-04-29 07:50:00,2016-04-29 08:17:33.922273697,6,-74.00432343841207,40.780131036916366,-73.98129833870061,40.82299546759883,N,1653
demo_004400,1,2016-03-09 05:23:00,2016-03-09 05:34:43.081301106,4,-74.03489371698812,40.74752892822837,-74.04746177609653,40.771408708478255,N,703
demo_004401,2,2016-01-22 08:41:00,2016-01-22 08:59:00.005204382,3,-74.04997172820036,40.6648312131995,-74.05342033480356,40.639948455360404,N,1080
demo_004402,1,2016-03-12 23:18:00,2016-03-12 23:37:29.390840209,3,-73.97277107668101,40.6507996156889,-73.94849429864253,40.60599739248525,N,1169
demo_004403,1,2016-06-17 16:03:00,2016-06-17 16:28:26.300811014,6,-74.01817778672934,40.80253477560994,-74.04411608686505,40.842907731678046,N,1526
demo_004404,1,2016-02-17 00:32:00,2016-02-17 00:51:37.131389380,3,-73.93102894376233,40.80105904602579,-73.89728976325856,40.76057070446347,N,1177
demo_004405,2,2016-06-10 01:13:00,2016-06-10 01:39:33.372764784,3,-74.01557857234228,40.82405693311896,-74.06274444466086,40.8668488466876,N,1593
demo_004406,2,2016-02-16 13:46:00,2016-02-16 13:55:46.894121077,5,-74.02553019410234,40.75738651131012,-74.01480091022448,40.775466109836316,N,586
demo_004407,1,2016-02-03 11:24:00,2016-02-03 11:32:21.660537846,6,-73.97448681419401,40.71275778193008,-73.9776682791003,40.710698960276936,N,501
demo_004408,1,2016-02-16 21:58:00,2016-02-16 22:12:48.432765210,3,-74.01587210857217,40.74331456550722,-73.98691514569732,40.75524985298427,N,888
demo_004409,1,2016-02-28 04:30:00,2016-02-28 04:45:45.688054029,6,-73.9846152502984,40.75839985803765,-74.03271833896365,40.77096271329477,N,945
demo_004410,2,2016-01-22 17:01:00,2016-01-22 17:24:01.306641090,6,-73.94063048014736,40.722753662150026,-73.99420816944506,40.717288581658174,N,1381
demo_004411,1,2016-04-15 18:34:00,2016-04-15 18:58:11.591988059,3,-73.97972468007491,40.81570011530409,-73.95347312656978,40.854193670646914,N,1451
demo_004412,2,2016-03-01 00:29:00,2016-03-01 00:46:53.672046131,2,-73.97955659926838,40.83638260078753,-73.9932388742226,40.87395042402372,N,1073
demo_004413,2,2016-05-09 06:01:00,2016-05-09 06:08:35.166480218,2,-73.97576839809912,40.77473982452556,-73.978946471731,40.77894262567472,N,455
demo_004414,1,2016-03-29 09:04:00,2016-03-29 09:18:49.231234446,1,-74.06118945456284,40.75761976886557,-74.08428067519466,40.74141992042466,N,889
demo_004415,2,2016-03-20 16:16:00,2016-03-20 16:39:24.648026822,2,-73.96736730125313,40.7126761557534,-73.93541893795918,40.74793691495231,N,1404
demo_004416,1,2016-03-25 18:41:00,2016-03-25 19:12:27.872197092,1,-73.97780307904733,40.81212518636546,-73.96733051168299,40.757516056101714,N,1887
demo_004417,1,2016-01-29 03:10:00,2016-01-29 03:18:38.108469696,2,-73.94481962028574,40.760670738379716,-73.93639637720375,40.77265583876902,N,518
demo_004418,1,2016-05-08 07:38:00,2016-05-08 07:58:39.283560911,6,-73.95773851394883,40.74787924605563,-73.99867523033494,40.76784777397727,N,1239
demo_004419,1,2016-01-19 17:56:00,2016-01-19 18:13:11.999015909,2,-73.99408768842224,40.77484109310361,-73.97653499406009,40.752475593564604,N,1031
demo_004420,1,2016-05-09 21:00:00,2016-05-09 21:16:24.067722460,3,-73.93854231988202,40.737500096485384,-73.97326977203853,40.7637923046462,N,984
demo_004421,2,2016-06-28 22:59:00,2016-06-28 23:07:51.960326762,3,-73.99816838139257,40.763140631059265,-74.02121773736143,40.76242821280372,N,531
demo_004422,1,2016-05-17 12:28:00,2016-05-17 12:44:28.709820953,4,-73.9738779303165,40.70751366022041,-74.02166509858398,40.69277975692778,N,988
demo_004423,1,2016-03-22 23:07:00,2016-03-22 23:22:51.924829098,4,-73.99900172437157,40.796048051623835,-74.00448067598202,40.82205508179475,N,951
demo_004424,2,2016-02-26 14:32:00,2016-02-26 14:48:07.139590909,4,-73.96422089877845,40.754345613560254,-73.9269643346761,40.725032133985415,N,967
demo_004425,1,2016-06-06 01:20:00,2016-06-06 01:31:11.359318814,1,-74.0019420402187,40.798558030122194,-73.99400771559799,40.82202625020942,N,671
demo_004426,1,2016-02-16 07:03:00,2016-02-16 07:32:14.336437511,2,-73.91086017759763,40.750960233775544,-73.926323909325,40.69743688600242,N,1754
demo_004427,2,2016-03-27 19:51:00,2016-03-27 19:58:39.957160477,6,-73.89421867682485,40.75323301019257,-73.8903985556913,40.76094703025431,N,459
demo_004428,1,2016-05-18 18:10:00,2016-05-18 18:15:38.962716301,6,-73.94567277856163,40.715568890009784,-73.94204628953693,40.71675267682755,N,338
demo_004429,1,2016-06-15 00:35:00,2016-06-15 00:43:45.666607172,1,-73.91564165077637,40.78459149405564,-73.91332924683894,40.77001970835026,N,525
demo_004430,2,2016-06-14 18:31:00,2016-06-14 18:40:32.722542952,4,-74.05426465163866,40.727345601609194,-74.04805794657956,40.7378654730422,N,572
demo_004431,1,2016-01-16 19:07:00,2016-01-16 19:24:35.416877578,1,-74.04896199844737,40.74097521693803,-74.08536180083544,40.7388268234451,N,1055
demo_004432,2,2016-06-10 16:29:00,2016-06-10 16:46:13.935607356,4,-73.9994702254984,40.75803665151289,-73.99574138289734,40.78651343345014,N,1033
demo_004433,1,2016-01-21 12:33:00,2016-01-21 12:58:24.934763986,1,-73.98314460656334,40.76224284642913,-74.04457829948886,40.77736692312683,N,1524
demo_004434,1,2016-04-15 04:56:00,2016-04-15 05:06:36.483243213,5,-73.99391933381449,40.69828660709238,-73.97377250752035,40.71050935137998,N,636
demo_004435,2,2016-06-16 08:00:00,2016-06-16 08:17:31.123025648,6,-74.05889608623349,40.74992179470792,-74.09749230795035,40.75780204720405,N,1051
demo_004436,1,2016-04-27 20:45:00,2016-04-27 21:00:07.549927673,1,-73.93317837321544,40.78583305765253,-73.89196244915988,40.77308456332576,N,907
demo_004437,2,2016-06-19 13:10:00,2016-06-19 13:36:40.138949963,3,-73.88806107949894,40.74475816879167,-73.9736443487271,40.73660947294233,N,1600
demo_004438,1,2016-03-02 23:31:00,2016-03-02 23:51:07.601414944,2,-73.92735555443723,40.75013438860254,-73.86875068144879,40.756836216288505,N,1207
demo_004439,1,2016-02-26 15:34:00,2016-02-26 15:53:13.450973664,2,-73.93615145290461,40.7636842117795,-73.99352417659183,40.759003505627604,N,1153
demo_004440,2,2016-02-28 17:15:00,2016-02-28 17:40:12.323679656,5,-73.97482461776845,40.753591384860854,-74.01682232978824,40.783600611282544,N,1512
demo_004441,1,2016-03-04 22:18:00,2016-03-04 22:23:55.379050446,1,-74.02293488168272,40.72193195741644,-74.01246788535478,40.724455112534116,N,355
demo_004442,1,2016-05-02 21:43:00,2016-05-02 21:53:51.525017702,1,-73.98173623763138,40.75672788567166,-73.96008121317652,40.766878984082936,N,651
demo_004443,1,2016-03-22 10:35:00,2016-03-22 10:51:44.180585759,3,-73.89024853834214,40.79279256095021,-73.9001670282702,40.754920094735034,N,1004
demo_004444,2,2016-05-12 17:41:00,2016-05-12 18:01:02.317124430,2,-74.00083946506281,40.72120884184565,-73.96959825323378,40.74667605919128,N,1202
demo_004445,1,2016-03-15 21:49:00,2016-03-15 22:01:51.384476797,6,-74.00547307615207,40.744893133868,-74.03335247499854,40.729201446838786,N,771
demo_004446,1,2016-02-25 09:22:00,2016-02-25 09:41:45.943505272,3,-73.93517133534033,40.70964290366228,-73.9491605534777,40.68149125694027,N,1185
demo_004447,1,2016-02-04 04:59:00,2016-02-04 05:16:52.467648021,4,-73.93218412771645,40.790948368267166,-73.94275685570334,40.835395390513206,N,1072
demo_004448,1,2016-04-09 04:34:00,2016-04-09 04:45:01.100427183,1,-74.02315558125987,40.754767462760675,-74.04199943629611,40.773603243866354,N,661
demo_004449,1,2016-06-10 16:58:00,2016-06-10 17:30:45.096009907,3,-73.99676680759568,40.728243012823796,-74.06446305769937,40.75462459723387,N,1965
demo_004450,1,2016-06-03 14:44:00,2016-06-03 14:51:06.873298054,2,-74.00758574731556,40.76122929600501,-74.00844909464335,40.77350069294351,N,426
demo_004451,2,2016-02-15 14:17:00,2016-02-15 14:24:09.606504241,3,-73.98186397794225,40.71587399247866,-73.98588922832185,40.713358920989265,N,429
demo_004452,1,2016-03-26 23:22:00,2016-03-26 23:35:34.528609486,2,-73.93533409980718,40.72182765639889,-73.89759770307732,40.71427834818137,N,814
demo_004453,1,2016-05-06 22:46:00,2016-05-06 23:03:59.406977480,1,-74.02118123845077,40.70689532645519,-74.0661892930004,40.72793130146252,N,1079
demo_004454,2,2016-04-20 05:40:00,2016-04-20 05:56:35.984393268,4,-73.93596508344933,40.7206627266855,-73.95834433979176,40.75124074082593,N,995
demo_004455,2,2016-01-13 02:06:00,2016-01-13 02:20:34.716404010,4,-73.98042569379854,40.80550681544,-73.9383035009052,40.803665854246,N,874
demo_004456,2,2016-04-16 09:22:00,2016-04-16 09:55:12.481682426,4,-73.88032135386585,40.73234085840511,-73.8700562437209,40.78829951575203,N,1992
demo_004457,2,2016-01-07 23:24:00,2016-01-07 23:33:18.052235572,3,-73.97065261020332,40.7743178792928,-73.95142432118784,40.76899027845061,N,558
demo_004458,1,2016-01-21 23:16:00,2016-01-21 23:33:25.436591379,4,-73.98936133563332,40.72872945030154,-73.97349115881643,40.691091222289515,N,1045
demo_004459,1,2016-04-27 16:06:00,2016-04-27 16:32:02.346623788,5,-73.95913783727978,40.784583681101715,-73.94311232961958,40.73810256709488,N,1562
demo_004460,1,2016-01-19 11:00:00,2016-01-19 11:29:17.679486612,2,-74.00017158070493,40.722087129967406,-73.93643483088526,40.67651719503466,N,1757
demo_004461,2,2016-03-02 00:32:00,2016-03-02 00:41:06.662759670,2,-74.06578729055083,40.75937297747166,-74.06258336752151,40.748200059072204,N,546
demo_004462,1,2016-04-15 22:00:00,2016-04-15 22:12:15.235859070,5,-73.9958234528422,40.75984979584542,-74.0312204675317,40.75358530927537,N,735
demo_004463,2,2016-04-27 23:35:00,2016-04-27 23:46:16.166785166,1,-73.99653321240811,40.83947318677493,-73.97417530039013,40.85790337699229,N,676
demo_004464,1,2016-03-21 05:33:00,2016-03-21 05:41:35.494778773,3,-74.05665428572475,40.780064885079305,-74.0764835943227,40.77929246812745,N,515
demo_004465,1,2016-01-17 22:10:00,2016-01-17 22:21:21.088975633,4,-73.98828658354076,40.73724835949848,-73.9921343777154,40.7600193774336,N,681
demo_004466,2,2016-05-23 20:07:00,2016-05-23 20:14:19.459944416,4,-74.07801996010743,40.78197671372777,-74.06506362504598,40.783188820208586,N,439
demo_004467,1,2016-06-19 23:21:00,2016-06-19 23:34:07.953733154,5,-74.000645907582,40.832836106466985,-74.02939330861466,40.83320118497241,N,787
demo_004468,2,2016-06-08 23:16:00,2016-06-08 23:28:52.954030684,3,-73.974038180358,40.700962736833056,-73.99189849653169,40.68536983523483,N,772
demo_004469,2,2016-05-14 17:34:00,2016-05-14 17:58:41.982478786,3,-73.98063517202878,40.728513128510095,-73.96398047204131,40.76692301694084,N,1481
demo_004470,1,2016-03-13 09:35:00,2016-03-13 09:58:46.945137545,1,-74.00349812627991,40.74970858543104,-74.02270070027222,40.708358509423434,N,1426
demo_004471,1,2016-06-06 17:28:00,2016-06-06 17:47:46.316865086,5,-73.98884886808766,40.74340191205003,-73.95478038202799,40.75153728989931,N,1186
demo_004472,2,2016-03-28 20:54:00,2016-03-28 21:08:22.115644533,2,-74.0202828996865,40.746353515558454,-74.0547984156117,40.74144895309122,N,862
demo_004473,2,2016-01-25 13:33:00,2016-01-25 13:49:00.351371802,6,-73.98451325662599,40.71235187070424,-74.01914660980039,40.73345924483686,N,960
demo_004474,1,2016-06-02 02:21:00,2016-06-02 02:41:34.001761011,4,-73.98238611170336,40.80713846187425,-73.91567415640192,40.80657606804304,N,1234
demo_004475,2,2016-02-27 15:05:00,2016-02-27 15:23:09.660021781,6,-74.02551124900556,40.70820869905332,-74.07906917446131,40.708442079104955,N,1089
demo_004476,2,2016-06-17 23:11:00,2016-06-17 23:16:16.568783996,6,-73.97295353597708,40.75099255166322,-73.97388861449203,40.74379328186085,N,316
demo_004477,1,2016-03-07 07:14:00,2016-03-07 07:48:19.651846521,3,-73.97323463052138,40.79460407071163,-73.90843269585667,40.83222199362319,N,2059
demo_004478,2,2016-06-05 11:47:00,2016-06-05 11:52:40.328465479,3,-73.99247944611115,40.756943529999894,-73.99348014678762,40.757008488896524,N,340
demo_004479,2,2016-04-06 16:35:00,2016-04-06 17:10:11.209399104,6,-73.8760528833671,40.72372120415841,-73.82891590994986,40.776901786871974,N,2111
demo_004480,2,2016-03-25 03:08:00,2016-03-25 03:17:59.729091255,6,-73.9913316074008,40.71079635202691,-73.96849498714661,40.718147023230856,N,599
demo_004481,2,2016-02-23 10:28:00,2016-02-23 10:34:18.470885744,5,-73.99756554104178,40.74995002813903,-73.99781760699,40.75053754384056,N,378
demo_004482,1,2016-05-30 10:14:00,2016-05-30 10:24:19.697169989,6,-74.00400768991435,40.73150396519524,-74.00858027406555,40.72758013727917,N,619
demo_004483,1,2016-01-11 21:55:00,2016-01-11 22:19:08.513580918,4,-74.02869226503844,40.765183088209604,-74.10286837453344,40.7804177545011,N,1448
demo_004484,1,2016-03-25 09:31:00,2016-03-25 09:45:02.041616526,1,-73.95413461880705,40.708949209829655,-73.96530352690303,40.69306258876116,N,842
demo_004485,1,2016-03-07 09:33:00,2016-03-07 09:40:29.362627479,4,-74.01588111356088,40.78645625079107,-74.0077534658568,40.79039129556512,N,449
demo_004486,1,2016-04-07 19:27:00,2016-04-07 19:33:31.404453969,3,-74.0105576666149,40.76204423331076,-74.00244946477567,40.762263932691674,N,391
demo_004487,1,2016-02-15 19:39:00,2016-02-15 20:16:14.391700755,1,-74.00922087017923,40.76464427380234,-73.92291581367884,40.7734259616825,N,2234
demo_004488,2,2016-04-29 15:02:00,2016-04-29 15:13:39.485414427,4,-74.02932245821319,40.8084376872384,-74.01948892589796,40.81788850604747,N,699
demo_004489,2,2016-03-10 11:10:00,2016-03-10 11:19:59.710416406,4,-74.0637987499645,40.74267715755699,-74.04174366373672,40.753531019321954,N,599
demo_004490,1,2016-02-03 20:43:00,2016-02-03 20:56:25.317780933,5,-74.00583229402217,40.73259641568434,-73.96505858316283,40.73515884383102,N,805
demo_004491,2,2016-02-05 10:51:00,2016-02-05 11:09:23.127836130,5,-73.94569991092794,40.73882827300786,-73.92678236502447,40.7811897473013,N,1103
demo_004492,1,2016-05-05 08:54:00,2016-05-05 09:02:55.339803768,2,-73.97613590875406,40.75126157006669,-73.97914762608984,40.76267092810362,N,535
demo_004493,2,2016-02-17 03:23:00,2016-02-17 03:52:43.562633404,6,-73.91477411284153,40.75481622868231,-73.91761567011041,40.82517785846801,N,1783
demo_004494,1,2016-02-25 07:19:00,2016-02-25 07:29:30.408494814,3,-73.95120696627549,40.72892557921894,-73.96347987315376,40.73027156725021,N,630
demo_004495,2,2016-04-22 20:26:00,2016-04-22 20:38:55.674239027,3,-73.96142158353767,40.68719201614385,-73.9458741975179,40.713082675040134,N,775
demo_004496,1,2016-02-29 08:39:00,2016-02-29 08:52:58.987604888,2,-73.90028079398063,40.73836748496924,-73.90624201921493,40.71876415634312,N,838
demo_004497,2,2016-03-10 20:49:00,2016-03-10 21:05:52.332302729,6,-73.98937155177515,40.770593898320044,-73.96749877810655,40.80841520821345,N,1012
demo_004498,2,2016-02-14 00:08:00,2016-02-14 00:22:51.137625416,3,-73.98216159469227,40.76276904071887,-74.01747965055381,40.743753374425964,N,891
demo_004499,1,2016-03-03 04:03:00,2016-03-03 04:10:23.690753448,2,-73.98551589897471,40.799984406443905,-73.98037620293042,40.81229311292872,N,443
demo_004500,2,2016-05-04 16:48:00,2016-05-04 17:11:49.474817318,6,-73.91552959709674,40.82644202903874,-73.86120724084748,40.819302494596506,N,1429
demo_004501,2,2016-04-06 02:28:00,2016-04-06 02:35:37.904050179,6,-73.98488681075933,40.78457668200105,-73.9927486331664,40.79678089252321,N,457
demo_004502,2,2016-06-28 13:20:00,2016-06-28 13:42:28.418906009,2,-74.01417248183347,40.80638822248429,-73.94966742488963,40.800048724088754,N,1348
demo_004503,1,2016-05-18 22:26:00,2016-05-18 22:37:35.877450162,4,-73.95855460079167,40.78483710022921,-73.95282610013516,40.76352727209334,N,695
demo_004504,2,2016-01-04 00:42:00,2016-01-04 00:49:03.590266397,6,-74.02173169149756,40.81784647395746,-74.02370947822267,40.81051348213292,N,423
demo_004505,1,2016-03-09 04:42:00,2016-03-09 04:59:15.328937459,4,-73.96099378193237,40.8227798772002,-73.95691213435174,40.86440254055202,N,1035
demo_004506,1,2016-02-22 04:09:00,2016-02-22 04:17:38.736425740,3,-73.96637715796362,40.79129078097726,-73.97727697150935,40.803907240226906,N,518
demo_004507,1,2016-04-15 18:05:00,2016-04-15 18:39:31.486559724,4,-73.9935231200513,40.78272330512486,-74.06284258254001,40.74792435431812,N,2071
demo_004508,1,2016-02-17 19:38:00,2016-02-17 20:03:44.843537447,1,-73.9595384792561,40.750816873982195,-73.92873235921829,40.78039220691568,N,1544
demo_004509,1,2016-06-22 21:59:00,2016-06-22 22:24:01.551831165,6,-74.05195054686388,40.75655319516627,-73.97520558612572,40.732482312297435,N,1501
demo_004510,2,2016-02-23 21:18:00,2016-02-23 21:32:27.038235450,4,-73.97766670454037,40.74617569340274,-73.96085168008922,40.766246394180314,N,867
demo_004511,2,2016-04-03 22:57:00,2016-04-03 23:07:35.649225999,1,-74.00582444231,40.77974380638133,-73.98687820866253,40.794679265366426,N,635
demo_004512,2,2016-01-23 02:58:00,2016-01-23 03:07:55.390538454,3,-73.8561981390222,40.73278781869242,-73.86258888301673,40.74942820128121,N,595
demo_004513,1,2016-06-12 18:19:00,2016-06-12 18:53:08.203672931,3,-73.97798787186619,40.7513112826577,-73.93746525340711,40.801347390144244,N,2048
demo_004514,2,2016-06-13 03:11:00,2016-06-13 03:23:36.882372817,6,-74.01183764224025,40.67556905401876,-74.01321214888634,40.653195749046404,N,756
demo_004515,2,2016-05-22 20:39:00,2016-05-22 20:48:17.360138461,6,-74.04702357812239,40.818308146317044,-74.0376708746855,40.834799605265985,N,557
demo_004516,1,2016-03-04 07:02:00,2016-03-04 07:32:23.808398381,2,-73.92625672114426,40.75028338960948,-73.9810392975055,40.78429228214515,N,1823
demo_004517,1,2016-01-11 13:39:00,2016-01-11 13:51:08.107833427,2,-74.00075147237857,40.77394531530678,-74.01927843783713,40.75657508936291,N,728
demo_004518,2,2016-05-07 23:22:00,2016-05-07 23:34:24.537994696,1,-74.02061084301839,40.8090225343149,-74.00775348283204,40.788887187640995,N,744
demo_004519,1,2016-03-18 05:42:00,2016-03-18 05:53:46.731556490,4,-73.96986653536959,40.76851027031044,-73.93811412465915,40.76075620676359,N,706
demo_004520,2,2016-06-27 06:25:00,2016-06-27 06:36:45.976877816,3,-73.95576265258674,40.80855202957327,-73.92303976161222,40.817319821540465,N,705
demo_004521,2,2016-05-05 16:44:00,2016-05-05 17:17:54.457743532,4,-73.95647211800556,40.714539176574704,-74.01174345004169,40.67645631717776,N,2034
demo_004522,2,2016-04-06 22:53:00,2016-04-06 23:15:36.008953190,2,-73.98411123096233,40.84190818063592,-74.03583352309602,40.85679603438909,N,1356
demo_004523,2,2016-06-26 14:35:00,2016-06-26 14:53:35.740205152,5,-73.97783644384009,40.79604885694711,-73.95739164530316,40.75802241491998,N,1115
demo_004524,1,2016-05-24 02:01:00,2016-05-24 02:18:00.825907354,4,-73.97455833159437,40.76532208723704,-74.00069662517454,40.80024201953384,N,1020
demo_004525,1,2016-03-23 12:11:00,2016-03-23 12:26:24.948577632,6,-73.9698621680467,40.807877776641895,-73.93855142683525,40.82174948100033,N,924
demo_004526,2,2016-01-04 09:27:00,2016-01-04 10:02:36.999097252,2,-73.96588016618443,40.71709777899037,-74.0229360535023,40.768752555538036,N,2136
demo_004527,1,2016-01-17 16:49:00,2016-01-17 17:01:03.666653428,2,-73.93574962619125,40.74789847924307,-73.93919397422192,40.765955640779524,N,723
demo_004528,2,2016-03-20 20:51:00,2016-03-20 21:00:39.242549790,4,-73.98246133120884,40.808548763874086,-73.98365961981234,40.80032023169382,N,579
demo_004529,1,2016-04-11 03:52:00,2016-04-11 04:08:38.259893820,5,-74.02175614696236,40.69265289366868,-74.00493979856725,40.6710886110178,N,998
demo_004530,2,2016-01-06 10:15:00,2016-01-06 10:27:53.094677441,2,-73.99149312663968,40.77761602212356,-74.0275837265048,40.78406608069166,N,773
demo_004531,2,2016-01-23 18:45:00,2016-01-23 19:13:24.704689334,4,-73.95107986315692,40.776626165594585,-74.01991660530331,40.775809399705686,N,1704
demo_004532,2,2016-05-06 18:33:00,2016-05-06 18:52:40.459735789,4,-74.06539375812731,40.82692290358878,-74.05939921147322,40.85894865753047,N,1180
demo_004533,1,2016-05-15 06:33:00,2016-05-15 06:45:43.303337853,4,-74.06513384879173,40.70259656030972,-74.04670878925263,40.67752385226814,N,763
demo_004534,2,2016-01-06 08:47:00,2016-01-06 09:19:09.367338859,4,-73.94367757453735,40.81433708699611,-73.9084166508452,40.86890144100856,N,1929
demo_004535,1,2016-04-01 09:09:00,2016-04-01 09:29:07.893025620,2,-73.91659447324169,40.73841852398979,-73.92914378111013,40.7728375014161,N,1207
demo_004536,1,2016-01-15 13:48:00,2016-01-15 13:59:38.509695641,1,-74.04193400157588,40.74235466890309,-74.01478514414035,40.73685953088615,N,698
demo_004537,2,2016-05-10 05:13:00,2016-05-10 05:33:45.812755371,2,-73.98047933281252,40.71522984645641,-73.96347725069143,40.76377101069262,N,1245
demo_004538,1,2016-05-30 03:11:00,2016-05-30 03:30:30.518414315,1,-74.00297953008126,40.71992517868866,-73.95669535236127,40.698780720122116,N,1170
demo_004539,2,2016-06-05 11:38:00,2016-06-05 11:46:49.146510350,4,-73.99673735505087,40.77212328216089,-73.99867593211242,40.777674206488605,N,529
demo_004540,1,2016-04-17 16:06:00,2016-04-17 16:38:25.768053099,4,-73.97125110460595,40.719068382982655,-74.03179758020374,40.68460366459028,N,1945
demo_004541,1,2016-04-23 05:03:00,2016-04-23 05:22:46.929367142,1,-74.04317916030548,40.783909951677856,-74.04554724888216,40.833767321597996,N,1186
demo_004542,1,2016-06-15 18:52:00,2016-06-15 19:16:08.686239444,5,-74.03482478752215,40.734796188356064,-74.03172901132596,40.69031674440288,N,1448
demo_004543,2,2016-04-20 05:44:00,2016-04-20 06:01:27.271419630,5,-73.99855630278145,40.7155438167953,-73.9804195042975,40.67665189099622,N,1047
demo_004544,2,2016-03-21 07:54:00,2016-03-21 08:18:47.367067541,3,-73.99154190190524,40.73952667987741,-74.04518578472715,40.722389425986755,N,1487
demo_004545,1,2016-05-15 19:44:00,2016-05-15 20:04:49.687366181,1,-74.03566797975579,40.76978475171148,-74.04658954827406,40.80548749092773,N,1249
demo_004546,1,2016-04-16 08:25:00,2016-04-16 08:46:25.109787921,1,-73.94946585463448,40.748292635832414,-73.91908222962972,40.77407344775654,N,1285
demo_004547,2,2016-05-31 15:24:00,2016-05-31 15:30:21.573055170,6,-74.00379024379,40.75919735414165,-74.00743323463523,40.76249272110383,N,381
demo_004548,1,2016-04-04 10:42:00,2016-04-04 10:56:03.440352543,2,-74.00398179227301,40.78236726116427,-74.01468249564763,40.80987826886579,N,843
demo_004549,1,2016-06-05 10:18:00,2016-06-05 10:43:20.708678439,6,-73.97228035443965,40.79588475080659,-73.90555893051723,40.79276858023939,N,1520
demo_004550,2,2016-01-09 01:48:00,2016-01-09 02:01:08.935279382,4,-73.99080087242304,40.74714666419937,-74.02825101896214,40.758552241239606,N,788
demo_004551,2,2016-01-07 13:22:00,2016-01-07 13:44:11.350884998,4,-73.94731354341924,40.72145222945484,-73.90415312856979,40.76604883349756,N,1331
demo_004552,1,2016-01-18 19:50:00,2016-01-18 20:07:29.527098237,6,-74.02700401420103,40.76066330676229,-73.99126027344543,40.75400459718578,N,1049
demo_004553,2,2016-04-10 02:44:00,2016-04-10 02:54:49.276985860,6,-74.04788239686786,40.77447273551365,-74.05576322302446,40.75378067475281,N,649
demo_004554,1,2016-05-07 14:46:00,2016-05-07 14:53:46.160592997,2,-73.99894044037093,40.70687461429098,-74.00009160972881,40.71957465057781,N,466
demo_004555,2,2016-02-08 22:17:00,2016-02-08 22:28:52.926182330,6,-73.98228937221792,40.72682870960474,-73.98356542787124,40.74681611590701,N,712
demo_004556,2,2016-01-29 00:49:00,2016-01-29 00:54:16.134410678,1,-74.04083401748439,40.7328284586413,-74.03446584601237,40.735810547544226,N,316
demo_004557,2,2016-06-03 20:41:00,2016-06-03 20:54:40.858042240,5,-74.04744891027651,40.75072622339479,-74.06825785778683,40.77781751886486,N,820
demo_004558,1,2016-05-15 02:19:00,2016-05-15 02:28:06.226690097,3,-73.9767965997948,40.731363813373065,-73.9917817877198,40.72592981669476,N,546
demo_004559,2,2016-04-26 17:04:00,2016-04-26 17:13:41.292428989,4,-74.01910012552918,40.78274642537839,-74.0315329841106,40.786190167637145,N,581
demo_004560,1,2016-03-28 21:44:00,2016-03-28 21:51:19.140695167,6,-74.0503630272653,40.70182033794896,-74.06167844678626,40.71193385977818,N,439
demo_004561,2,2016-03-16 15:21:00,2016-03-16 15:30:41.311481636,3,-73.94155964184587,40.7027098455982,-73.9524361099152,40.71046859362521,N,581
demo_004562,1,2016-01-04 16:40:00,2016-01-04 17:23:15.162893219,1,-74.01343076028172,40.746313891597104,-74.09185962789799,40.78987222558791,N,2595
demo_004563,2,2016-02-03 20:36:00,2016-02-03 20:42:13.303651806,5,-73.93325847782606,40.75185215185511,-73.92984075974853,40.76183017060512,N,373
demo_004564,2,2016-06-10 11:00:00,2016-06-10 11:10:37.965770355,1,-73.98371881440008,40.70708746444997,-74.00218018670546,40.69888210680709,N,637
demo_004565,1,2016-03-02 00:34:00,2016-03-02 00:55:33.775178478,5,-73.97173585120751,40.73676379050734,-74.03707423923903,40.751019296447595,N,1293
demo_004566,1,2016-05-06 19:37:00,2016-05-06 19:55:07.466537723,3,-73.99451748857436,40.74396346639033,-74.00676927409624,40.771202439077626,N,1087
demo_004567,2,2016-05-06 16:19:00,2016-05-06 16:36:13.876177401,3,-74.1,40.74423457185423,-74.11333351173025,40.76513892877524,N,1033
demo_004568,2,2016-02-25 16:42:00,2016-02-25 17:05:08.220426073,2,-74.03615539209741,40.76331585191513,-73.99152183364953,40.78272365633653,N,1388
demo_004569,1,2016-02-06 18:49:00,2016-02-06 19:13:58.501280012,4,-73.99065692568735,40.73484473904518,-74.00952997423238,40.6943973851703,N,1498
demo_004570,1,2016-05-04 12:00:00,2016-05-04 12:26:46.136016082,2,-73.96858718882183,40.80972427050029,-73.94521453252625,40.7424264298456,N,1606
demo_004571,2,2016-01-17 20:16:00,2016-01-17 20:38:55.514085186,2,-74.06553533100747,40.775087162390676,-74.01713691088896,40.80951930493343,N,1375
demo_004572,1,2016-03-30 01:38:00,2016-03-30 01:47:41.442431282,3,-73.98741207685372,40.729751026777556,-74.00939448166947,40.74160017782512,N,581
demo_004573,2,2016-06-08 20:17:00,2016-06-08 20:23:03.342576244,5,-74.03550188392462,40.761307902267866,-74.03716428626979,40.760725312019254,N,363
demo_004574,1,2016-05-08 00:56:00,2016-05-08 01:15:49.224219987,4,-73.97444209257097,40.7623405361512,-73.91393788044913,40.78108698790126,N,1189
demo_004575,2,2016-05-17 13:23:00,2016-05-17 13:44:29.486842507,6,-73.98587303535649,40.80051525160742,-73.97785886992627,40.8525526198704,N,1289
demo_004576,2,2016-01-15 23:42:00,2016-01-15 23:58:18.429158293,2,-73.95154242789067,40.73698661498793,-73.93846118341826,40.77515195646578,N,978
demo_004577,2,2016-02-05 23:06:00,2016-02-05 23:19:04.109632225,1,-73.93699296814157,40.78485685442022,-73.95124685548046,40.81083680988587,N,784
demo_004578,1,2016-02-19 12:25:00,2016-02-19 12:38:17.656473431,2,-73.96434545453266,40.75946490665239,-73.94029867546753,40.73552331456591,N,797
demo_004579,2,2016-02-22 14:47:00,2016-02-22 14:57:36.637064934,1,-73.94628228849632,40.81020482807571,-73.94766977997531,40.78977147639552,N,636
demo_004580,2,2016-02-04 22:25:00,2016-02-04 22:57:36.404560435,4,-74.00076541141657,40.80318120084238,-74.06488901424237,40.738748274445456,N,1956
demo_004581,2,2016-06-23 23:20:00,2016-06-23 23:30:04.504802853,6,-73.85795971649297,40.764894275660744,-73.87039285518237,40.781999139455635,N,604
demo_004582,2,2016-01-30 16:36:00,2016-01-30 17:01:37.839448139,3,-74.03984685934226,40.74882010826444,-74.08125811699995,40.77875304259589,N,1537
demo_004583,2,2016-05-07 11:21:00,2016-05-07 11:35:13.520492564,2,-74.00874901000591,40.775731206838785,-74.00482057625638,40.80786601408595,N,853
demo_004584,1,2016-04-15 14:46:00,2016-04-15 14:59:23.508130230,4,-73.94443886377638,40.751684249050555,-73.97652823217345,40.76992087177503,N,803
demo_004585,1,2016-04-19 21:27:00,2016-04-19 21:35:34.782052339,5,-73.95112754128125,40.816810748709244,-73.93439304498202,40.81265094353711,N,514
demo_004586,1,2016-02-08 15:18:00,2016-02-08 15:25:42.801814972,6,-73.9630674941386,40.7607464527362,-73.96150077440592,40.74551096126463,N,462
demo_004587,2,2016-02-25 08:57:00,2016-02-25 09:19:41.950900553,3,-73.95461066039032,40.74380250786205,-73.99829097551557,40.7215176583676,N,1361
demo_004588,1,2016-04-19 04:04:00,2016-04-19 04:14:50.339926906,3,-74.07876007195728,40.74191347198742,-74.09599890600376,40.737501001059954,N,650
demo_004589,2,2016-02-23 20:13:00,2016-02-23 20:28:02.588487516,4,-73.9134815587458,40.715543754518045,-73.89176186418871,40.68914244566284,N,902
demo_004590,2,2016-05-04 22:34:00,2016-05-04 22:56:49.595806690,2,-73.994175093149,40.77747956948327,-73.9539953368955,40.8248903292385,N,1369
demo_004591,2,2016-01-08 02:44:00,2016-01-08 03:02:07.174600227,1,-73.9289347617978,40.72929960790762,-73.96051950489239,40.69413557597485,N,1087
demo_004592,2,2016-01-14 02:35:00,2016-01-14 02:50:35.216579342,5,-74.07650869605355,40.79643518882657,-74.11491911337649,40.79111475035056,N,935
demo_004593,1,2016-05-11 03:02:00,2016-05-11 03:29:57.670770499,1,-73.97345441734335,40.71274727310995,-73.90516994443281,40.660469375947315,N,1677
demo_004594,2,2016-04-21 00:23:00,2016-04-21 00:29:24.850753548,5,-74.01035760256151,40.76245345071407,-74.01069948068884,40.77046043196912,N,384
demo_004595,1,2016-01-08 18:31:00,2016-01-08 18:34:47.913331164,4,-73.95925459317884,40.79825783154741,-73.95605318044257,40.79819347138397,N,227
demo_004596,2,2016-06-10 19:50:00,2016-06-10 20:04:28.102483949,3,-73.97073182963891,40.682671352738176,-73.99661051656747,40.67303801318991,N,868
demo_004597,2,2016-01-01 20:59:00,2016-01-01 21:12:22.651731280,3,-73.96852784911253,40.828639294032726,-73.96099514111361,40.80345414584991,N,802
demo_004598,2,2016-06-20 23:59:00,2016-06-21 00:17:40.937724138,6,-74.03265237597041,40.74311501809807,-73.9726240272915,40.74318148765893,N,1120
demo_004599,2,2016-05-11 07:25:00,2016-05-11 07:37:20.069454548,5,-73.98756361043684,40.762938338375676,-73.97866082602684,40.748237894345294,N,740
demo_004600,2,2016-06-26 20:45:00,2016-06-26 20:58:12.907846694,1,-73.99310751715682,40.778000722893076,-73.95583380343693,40.774305289880175,N,792
demo_004601,1,2016-06-19 19:08:00,2016-06-19 19:38:02.953050381,6,-73.96271104812317,40.783414516964044,-73.9616966131444,40.83626512701583,N,1802
demo_004602,1,2016-02-26 08:42:00,2016-02-26 08:59:29.321470317,1,-73.94048163520549,40.767585937839094,-73.97638474687733,40.772234722668195,N,1049
demo_004603,2,2016-05-16 04:05:00,2016-05-16 04:16:02.820160096,5,-73.9782285835096,40.79290846042973,-74.00214186693486,40.80729587504503,N,662
demo_004604,2,2016-02-07 23:08:00,2016-02-07 23:22:28.444873942,3,-74.04242775297749,40.77616747495227,-74.08155082911316,40.7636269260089,N,868
demo_004605,1,2016-03-25 21:29:00,2016-03-25 21:40:17.065016731,3,-73.9801589535695,40.81963083990113,-73.97253642314396,40.79845108113991,N,677
demo_004606,2,2016-02-13 05:16:00,2016-02-13 05:30:44.668035863,4,-73.86750156972158,40.776281463999915,-73.82466546194384,40.7756616057368,N,884
demo_004607,2,2016-03-28 11:42:00,2016-03-28 12:11:29.712574346,3,-73.91092976028555,40.82676224319591,-73.90529437731027,40.894368245326916,N,1769
demo_004608,2,2016-06-06 00:30:00,2016-06-06 00:37:39.822071215,1,-74.1,40.78953775940832,-74.11077236365206,40.78177721164618,N,459
demo_004609,2,2016-03-19 12:06:00,2016-03-19 12:19:59.364922299,1,-73.98214955808373,40.69479874559811,-74.0097869494138,40.70455756628896,N,839
demo_004610,1,2016-01-17 15:08:00,2016-01-17 15:19:13.639663747,5,-73.94305462136352,40.849388593743576,-73.93061401616393,40.827021833836135,N,673
demo_004611,2,2016-02-28 10:27:00,2016-02-28 10:58:38.677986548,5,-73.99320471556555,40.7378979562033,-74.03653933741333,40.66350561116645,N,1898
demo_004612,2,2016-05-21 13:46:00,2016-05-21 14:03:29.933837753,3,-74.00570409140647,40.810344040532065,-74.04539762914568,40.78901859456991,N,1049
demo_004613,2,2016-04-03 21:48:00,2016-04-03 22:13:43.417435493,3,-73.99701338967876,40.758937770509185,-73.96550767531133,40.82321692774774,N,1543
demo_004614,2,2016-04-10 20:00:00,2016-04-10 20:10:42.718221364,3,-73.96015147315543,40.79513815901609,-73.96987220033735,40.81121369697366,N,642
demo_004615,2,2016-03-18 14:34:00,2016-03-18 14:51:40.605538531,6,-74.03668114884688,40.7339032381197,-74.04709204560247,40.778208191548146,N,1060
demo_004616,2,2016-02-22 16:48:00,2016-02-22 16:56:27.203096215,1,-73.93150901067757,40.77990105900814,-73.93742632124852,40.770512558664976,N,507
demo_004617,1,2016-04-17 16:05:00,2016-04-17 16:41:05.533970548,4,-73.9875196846264,40.7491383309112,-73.9621141972903,40.68550389110977,N,2165
demo_004618,2,2016-04-23 22:56:00,2016-04-23 23:13:04.077206035,2,-74.02707609233502,40.81326510890565,-74.02128349877917,40.78332996581216,N,1024
demo_004619,2,2016-06-10 15:52:00,2016-06-10 16:04:17.679150198,2,-73.93440424273706,40.7733533858596,-73.96041209319537,40.78407305440779,N,737
demo_004620,2,2016-04-21 04:48:00,2016-04-21 04:58:00.987846987,1,-74.05453089073002,40.790757992445556,-74.07927911832321,40.79717356669084,N,600
demo_004621,1,2016-06-28 02:26:00,2016-06-28 02:33:25.240418321,3,-74.00998445436507,40.682257309498446,-74.01681333274472,40.68197586699083,N,445
demo_004622,1,2016-05-28 18:48:00,2016-05-28 18:58:53.747510796,1,-74.01072537793783,40.7550049562074,-74.00014768694355,40.74068823287162,N,653
demo_004623,1,2016-01-15 04:10:00,2016-01-15 04:21:12.785907433,5,-73.88852261277937,40.772369307227045,-73.8897654608018,40.79774163077073,N,672
demo_004624,1,2016-03-11 14:10:00,2016-03-11 14:19:11.325648614,2,-74.01582593458878,40.765826521725394,-74.02018309110484,40.75229016152737,N,551
demo_004625,1,2016-03-10 05:49:00,2016-03-10 05:55:19.868047068,6,-74.0819734349225,40.79164050248013,-74.0803535103554,40.799951557974524,N,379
demo_004626,2,2016-01-01 13:02:00,2016-01-01 13:07:57.063086518,1,-74.01118168018756,40.74519335142019,-74.01244953436586,40.75046721187607,N,357
demo_004627,2,2016-02-02 12:39:00,2016-02-02 12:49:38.086786267,3,-73.96450023436678,40.75970754867622,-73.99181363595652,40.74975798270544,N,638
demo_004628,1,2016-05-17 04:39:00,2016-05-17 04:57:30.526007172,3,-73.94971619540374,40.79934293675453,-73.91096941347188,40.77554794337646,N,1110
demo_004629,2,2016-03-04 09:09:00,2016-03-04 09:22:59.245473084,5,-73.88255571379507,40.678245884879416,-73.89943661472678,40.6667079725379,N,839
demo_004630,2,2016-01-27 14:50:00,2016-01-27 15:09:46.162854057,2,-73.92168960930563,40.77862726755735,-73.9171668900317,40.829215055690184,N,1186
demo_004631,2,2016-02-21 17:53:00,2016-02-21 18:26:05.571358198,2,-73.97654348327382,40.74631403109023,-74.04865521688515,40.776350123398416,N,1985
demo_004632,2,2016-02-19 10:43:00,2016-02-19 10:58:41.800842559,3,-74.02511369604086,40.72606886564063,-74.03264479612291,40.75361936138524,N,941
demo_004633,2,2016-02-01 10:00:00,2016-02-01 10:15:31.327960946,6,-73.91191876558936,40.76977904784966,-73.95040438630882,40.74854452776674,N,931
demo_004634,2,2016-01-19 05:08:00,2016-01-19 05:26:33.972478668,5,-74.00158535976468,40.800960795388306,-74.03585112170416,40.7621431850182,N,1113
demo_004635,2,2016-05-17 12:48:00,2016-05-17 13:15:50.836950353,4,-74.01461707562966,40.79437003410195,-73.92984056748583,40.82397537792743,N,1670
demo_004636,2,2016-05-28 09:56:00,2016-05-28 10:11:45.018109847,6,-74.00376832109693,40.75327104391827,-73.99503491457484,40.777699759950416,N,945
demo_004637,2,2016-03-30 07:58:00,2016-03-30 08:16:43.260869946,5,-74.04135297075035,40.78865093373164,-73.99844219451865,40.792356656102065,N,1123
demo_004638,1,2016-04-20 18:48:00,2016-04-20 19:07:00.548267053,5,-74.0059259041027,40.788382376445604,-73.97599027868647,40.77837779948085,N,1140
demo_004639,2,2016-06-14 11:08:00,2016-06-14 11:26:30.760653235,3,-73.99548987484903,40.75494200553274,-73.9610763739791,40.71541549986839,N,1110
demo_004640,1,2016-05-31 16:18:00,2016-05-31 16:33:24.403140672,3,-73.95212045273846,40.733742180680416,-73.95908796089421,40.75716199267863,N,924
demo_004641,1,2016-01-06 20:47:00,2016-01-06 21:10:00.733835112,6,-74.00246397507955,40.73576680891072,-73.94623990466265,40.7677924570148,N,1380
demo_004642,2,2016-06-20 12:46:00,2016-06-20 13:01:44.693524016,6,-74.04203566588274,40.78732486721039,-74.01240161043256,40.768989371641126,N,944
demo_004643,2,2016-01-13 01:20:00,2016-01-13 01:31:43.933887326,5,-74.05716974698655,40.756524861520056,-74.05572302367347,40.73593467230008,N,703
demo_004644,2,2016-01-05 18:47:00,2016-01-05 19:08:51.788569729,1,-73.97556936136147,40.72138362230943,-73.96635422450545,40.75489229428467,N,1311
demo_004645,1,2016-03-13 14:08:00,2016-03-13 14:18:58.460967217,1,-73.98173183659388,40.69902980075718,-73.98651747117007,40.681699460259054,N,658
demo_004646,2,2016-05-14 06:05:00,2016-05-14 06:25:07.112440016,3,-74.00994407200459,40.78711410082337,-74.00811570053426,40.8351487264355,N,1207
demo_004647,1,2016-01-15 10:47:00,2016-01-15 10:51:18.839835984,4,-74.00603554072214,40.73886275522076,-74.00756156645018,40.735918357758386,N,258
demo_004648,2,2016-02-22 17:42:00,2016-02-22 17:52:36.980596636,4,-73.96751808802404,40.76956357144796,-73.95416441093076,40.75912640536256,N,636
demo_004649,1,2016-02-17 06:59:00,2016-02-17 07:17:26.607125418,2,-73.92242541858398,40.80138974174742,-73.86152633553462,40.802607657780186,N,1106
demo_004650,2,2016-03-12 12:41:00,2016-03-12 12:56:24.399222225,5,-74.02010650628648,40.71218764331013,-74.06228900038003,40.7017485864823,N,924
demo_004651,1,2016-06-26 11:38:00,2016-06-26 11:55:31.992215949,6,-73.9809993723703,40.756420191682054,-73.9410169556475,40.78682792611344,N,1051
demo_004652,1,2016-02-29 15:42:00,2016-02-29 15:54:29.566423601,2,-73.94187783181977,40.75202570488234,-73.95476603874967,40.77594257865088,N,749
demo_004653,2,2016-02-07 14:42:00,2016-02-07 15:00:38.744298165,5,-74.01992514305887,40.77129100064698,-73.9754869328696,40.80066987055125,N,1118
demo_004654,2,2016-01-23 00:23:00,2016-01-23 00:30:49.753610008,1,-73.98570344515535,40.80137059994472,-73.99737403286085,40.80635263294346,N,469
demo_004655,1,2016-02-05 15:52:00,2016-02-05 16:01:22.380047855,3,-73.98670980213895,40.711469186486816,-73.97226342346003,40.69914761503249,N,562
demo_004656,1,2016-01-24 23:09:00,2016-01-24 23:14:23.513911596,6,-74.04400828557696,40.7779429282047,-74.0495678342848,40.77769820000415,N,323
demo_004657,2,2016-04-13 06:07:00,2016-04-13 06:25:40.608090972,2,-73.97741755423554,40.794103332124784,-74.03798827855378,40.78260951875239,N,1120
demo_004658,2,2016-03-16 16:35:00,2016-03-16 17:07:38.605276055,5,-73.9835804894628,40.751476802761516,-73.92271629879251,40.79107490861745,N,1958
demo_004659,1,2016-03-30 15:21:00,2016-03-30 15:35:46.701231401,6,-73.96002120876818,40.75318935524874,-73.99301758524145,40.78025074579131,N,886
demo_004660,1,2016-05-29 18:52:00,2016-05-29 18:58:23.332062125,3,-74.03840989135973,40.77264572791447,-74.03547399121926,40.770174605109325,N,383
demo_004661,2,2016-04-14 11:29:00,2016-04-14 11:45:11.172654957,6,-73.98455133266324,40.770068597726144,-74.02138609517937,40.74505377389332,N,971
demo_004662,1,2016-01-28 22:19:00,2016-01-28 22:40:46.391389105,4,-73.92282196713549,40.77838234125785,-73.96961702493755,40.81998501283935,N,1306
demo_004663,1,2016-03-08 19:29:00,2016-03-08 19:36:25.190180091,4,-73.89151250756395,40.777644818424044,-73.89868540195306,40.78133529008374,N,445
demo_004664,2,2016-02-26 06:20:00,2016-02-26 06:29:26.298616463,1,-73.92739418289628,40.72363096930346,-73.94816707706873,40.72011644787815,N,566
demo_004665,2,2016-05-28 19:36:00,2016-05-28 20:05:16.182002335,5,-74.03796821775425,40.79265932741968,-74.07887674349998,40.83449995085209,N,1756
demo_004666,1,2016-02-25 06:20:00,2016-02-25 06:29:03.405158780,2,-73.96470262930804,40.79883741067666,-73.96594277082349,40.78506879271546,N,543
demo_004667,1,2016-01-25 22:40:00,2016-01-25 22:57:14.646510540,2,-74.00674159587325,40.76451290127916,-74.05860833118167,40.75590187494326,N,1034
demo_004668,1,2016-05-12 11:32:00,2016-05-12 11:37:25.976725873,6,-73.97222447330915,40.70570456427077,-73.96783289036465,40.69947407266462,N,325
demo_004669,2,2016-03-18 02:39:00,2016-03-18 02:53:53.072863606,3,-74.01974975175996,40.75398390029,-74.02420619042488,40.71843653265567,N,893
demo_004670,2,2016-01-18 06:07:00,2016-01-18 06:25:13.651521222,3,-74.06210630488336,40.764804205692926,-74.12,40.773329060559426,N,1093
demo_004671,2,2016-05-04 03:46:00,2016-05-04 04:00:57.384593407,6,-74.0005032757415,40.717938991677464,-74.01881212234824,40.697355683571146,N,897
demo_004672,1,2016-02-07 21:24:00,2016-02-07 21:34:36.607020065,2,-73.95248287865255,40.74539516777481,-73.9360885282946,40.72998568100241,N,636
demo_004673,2,2016-06-05 06:46:00,2016-06-05 07:01:57.864195191,5,-73.97204001100368,40.70867207143545,-74.00926411697716,40.68965231349161,N,957
demo_004674,2,2016-05-29 20:13:00,2016-05-29 20:23:33.538687075,4,-73.96686734630386,40.77925522787453,-73.94895461949861,40.76340433238532,N,633
demo_004675,2,2016-03-07 12:32:00,2016-03-07 12:44:14.443142533,1,-73.97526423546593,40.76380843602158,-73.96012046311895,40.74115774549315,N,734
demo_004676,2,2016-04-10 00:10:00,2016-04-10 00:22:30.917065323,4,-73.96679626363195,40.70039758923151,-74.00241651357527,40.70707237202725,N,750
demo_004677,1,2016-04-12 04:39:00,2016-04-12 04:45:07.011077566,3,-73.9611719708411,40.77030127015537,-73.9616018514568,40.766100256658255,N,367
demo_004678,1,2016-04-27 14:48:00,2016-04-27 14:58:59.453030333,5,-73.99736066430296,40.75602218684134,-73.9684859763858,40.75731840657296,N,659
demo_004679,1,2016-01-13 10:41:00,2016-01-13 11:08:24.123158640,3,-73.98126992473611,40.77607449989641,-74.01194470280223,40.839626777960895,N,1644
demo_004680,1,2016-02-28 11:20:00,2016-02-28 11:24:56.455474993,2,-73.90655337313086,40.74429636481856,-73.91375674264621,40.74009621292888,N,296
demo_004681,1,2016-01-31 15:46:00,2016-01-31 16:02:27.986687147,2,-73.97860860369495,40.729948220973995,-73.93835023456562,40.74628180677438,N,987
demo_004682,1,2016-05-05 13:11:00,2016-05-05 13:24:06.803558360,4,-73.98308464265958,40.731020438073976,-74.01310176492615,40.750426677256044,N,786
demo_004683,1,2016-01-13 10:40:00,2016-01-13 10:47:21.774249791,6,-73.9803701971748,40.73916404242081,-73.96429965717174,40.737466913562976,N,441
demo_004684,2,2016-04-03 01:16:00,2016-04-03 01:31:11.945460826,3,-73.99480588332423,40.75865887838034,-74.03257757211446,40.766051454932054,N,911
demo_004685,1,2016-05-11 00:26:00,2016-05-11 00:33:04.701696771,1,-74.00459101836744,40.76317854628987,-74.01022468497926,40.76373739742696,N,424
demo_004686,2,2016-06-19 16:59:00,2016-06-19 17:09:23.352561375,5,-73.97560946640355,40.75132480427672,-73.95997403139347,40.75679388096093,N,623
demo_004687,2,2016-02-21 20:25:00,2016-02-21 20:52:21.215925962,2,-74.00775718408816,40.74318381578512,-74.09191562173595,40.727347862472726,N,1641
demo_004688,1,2016-01-02 10:26:00,2016-01-02 10:35:54.461256123,3,-73.99154817182648,40.74570088561981,-74.01024947966563,40.732357180261154,N,594
demo_004689,2,2016-05-10 06:34:00,2016-05-10 06:41:21.965878289,6,-74.02057316179368,40.84577036749275,-74.00554654434215,40.84622726833139,N,441
demo_004690,2,2016-01-01 06:40:00,2016-01-01 07:04:00.259488266,1,-73.98013946879595,40.731024619697564,-73.972234924974,40.67778322131359,N,1440
demo_004691,2,2016-01-12 22:50:00,2016-01-12 23:06:56.054976221,1,-73.95871122751208,40.738470979700885,-73.97699447097438,40.77886494502455,N,1016
demo_004692,2,2016-06-27 06:55:00,2016-06-27 07:18:02.180671997,2,-73.99453616869599,40.873284893792885,-74.03319653889133,40.92,N,1382
demo_004693,2,2016-06-04 06:12:00,2016-06-04 06:21:35.684163477,3,-74.07537702966002,40.77273546558612,-74.05338075878322,40.77733492260409,N,575
demo_004694,1,2016-05-07 08:34:00,2016-05-07 08:47:51.432496988,6,-73.9584332805175,40.70970067669337,-73.96971751633076,40.72766834447915,N,831
demo_004695,2,2016-05-30 09:29:00,2016-05-30 09:48:45.327437736,4,-73.97959172707581,40.78749405213921,-73.9605045750188,40.816682609230575,N,1185
demo_004696,2,2016-01-14 13:31:00,2016-01-14 13:47:38.144028481,5,-74.0296954152506,40.726148638877966,-74.01638760550749,40.69038255590935,N,998
demo_004697,1,2016-01-17 00:10:00,2016-01-17 00:23:03.173534263,3,-73.95020283909545,40.78981715277318,-73.96586247909035,40.81488065729586,N,783
demo_004698,1,2016-02-24 03:34:00,2016-02-24 03:48:26.939324009,3,-74.04792913403222,40.75061632022203,-74.0103894730274,40.7391024457723,N,866
demo_004699,2,2016-01-05 06:37:00,2016-01-05 07:02:54.896315257,3,-73.9379566573104,40.742607145267876,-73.95875637366166,40.80445669947293,N,1554
demo_004700,1,2016-06-08 21:30:00,2016-06-08 21:44:15.659161991,1,-73.98758149788412,40.81432077390897,-73.94591560878881,40.809237765519,N,855
demo_004701,1,2016-01-11 03:10:00,2016-01-11 03:28:04.906766996,4,-74.08709892839198,40.777824047343074,-74.04085368982281,40.80234496736871,N,1084
demo_004702,1,2016-04-07 22:15:00,2016-04-07 22:28:35.622405635,2,-73.97697516857315,40.79205463031072,-73.940221154966,40.787237481191,N,815
demo_004703,1,2016-06-02 15:40:00,2016-06-02 16:05:19.915184709,6,-74.00327865656409,40.7732221887832,-74.00959829693191,40.832532893204124,N,1519
demo_004704,2,2016-05-12 07:08:00,2016-05-12 07:43:57.688318969,5,-74.01005821813204,40.742444441667246,-73.92091044807917,40.728610985807194,N,2157
demo_004705,2,2016-02-12 05:55:00,2016-02-12 06:08:41.245440203,6,-74.01819765926552,40.77939740470904,-74.0128831031974,40.810854801966876,N,821
demo_004706,1,2016-03-25 15:50:00,2016-03-25 16:03:12.399996343,2,-73.9907247105887,40.800322538743956,-73.98228773382907,40.817242841570156,N,792
demo_004707,1,2016-04-08 16:32:00,2016-04-08 16:41:44.964622411,1,-74.00683349065253,40.76271583152312,-74.00760563773586,40.77363220048805,N,584
demo_004708,2,2016-05-18 05:25:00,2016-05-18 05:39:36.966381743,3,-74.06855106094348,40.82105749115213,-74.10809288764045,40.82724069098034,N,876
demo_004709,1,2016-03-17 17:22:00,2016-03-17 17:49:27.526922007,4,-73.92775694509953,40.787767052112066,-73.88242938179107,40.76975771413425,N,1647
demo_004710,1,2016-02-21 07:21:00,2016-02-21 07:59:47.096557414,4,-73.99599609451828,40.76541938924201,-74.01603021455651,40.695595868860295,N,2327
demo_004711,1,2016-05-23 04:40:00,2016-05-23 04:56:07.807978907,4,-74.01793707571453,40.76680202858562,-73.98575068980323,40.795810615514085,N,967
demo_004712,2,2016-06-08 13:35:00,2016-06-08 13:48:45.114654641,5,-74.03577906571454,40.76280329951387,-73.99519470692339,40.749604643534575,N,825
demo_004713,2,2016-03-29 00:02:00,2016-03-29 00:17:34.801403603,2,-73.95031705696462,40.71420664250418,-73.92920080864539,40.7457858463836,N,934
demo_004714,1,2016-01-06 01:02:00,2016-01-06 01:12:55.019543050,2,-74.04342943860934,40.754847473146704,-74.06764836326577,40.76434331288043,N,655
demo_004715,1,2016-03-31 02:51:00,2016-03-31 03:07:24.338359333,2,-73.9789705714164,40.76574152698694,-73.99090831035933,40.798148460074486,N,984
demo_004716,2,2016-06-09 01:44:00,2016-06-09 02:13:59.521289200,3,-74.01126420508432,40.74343702075567,-74.10496187140816,40.76508811879863,N,1799
demo_004717,2,2016-06-27 00:52:00,2016-06-27 01:18:54.579504501,4,-74.0086438847253,40.76981869565466,-74.01272025269813,40.70327192578173,N,1614
demo_004718,1,2016-03-13 04:28:00,2016-03-13 04:42:34.836965808,5,-74.03466017889392,40.758745762162434,-74.00656532232442,40.77534794380113,N,874
demo_004719,1,2016-01-28 00:33:00,2016-01-28 00:40:58.919406264,3,-74.01291437446348,40.78507921618846,-74.02122705223134,40.77579997807687,N,478
demo_004720,1,2016-04-12 23:44:00,2016-04-12 23:58:32.833613102,3,-73.9846034423822,40.781208933337304,-74.0052562526112,40.81266423539355,N,872
demo_004721,2,2016-05-29 12:38:00,2016-05-29 12:47:38.966101219,6,-73.9744109498143,40.76385036506547,-73.98483209215813,40.77981296743417,N,578
demo_004722,1,2016-06-19 02:25:00,2016-06-19 02:40:44.441792420,3,-74.02035166165773,40.710147548804436,-73.97781385269656,40.726427712829505,N,944
demo_004723,2,2016-01-10 07:33:00,2016-01-10 07:40:44.160973471,1,-73.98909204810968,40.820675295853846,-73.99099484722096,40.81332474036972,N,464
demo_004724,1,2016-02-22 07:10:00,2016-02-22 07:42:08.769960719,3,-73.94501955060633,40.75303381505001,-73.87999248443204,40.7283934478631,N,1928
demo_004725,1,2016-03-26 23:26:00,2016-03-26 23:36:18.496988227,1,-74.0598182850627,40.75516897412067,-74.07979395773367,40.743481026228466,N,618
demo_004726,1,2016-01-18 16:27:00,2016-01-18 16:54:30.638907293,3,-73.98528210381163,40.746011770295524,-73.97767899133203,40.697414679234186,N,1650
demo_004727,2,2016-06-08 12:57:00,2016-06-08 13:12:54.493531989,6,-74.0277852775431,40.740905592037706,-74.04295434494004,40.724966311204945,N,954
demo_004728,1,2016-01-21 04:34:00,2016-01-21 04:59:42.805956460,5,-74.03237078774524,40.81204203168002,-73.95976376326371,40.77250973599246,N,1542
demo_004729,1,2016-04-29 17:43:00,2016-04-29 18:06:10.852857480,6,-73.97325448191509,40.80651155121352,-73.96696479601927,40.767692549512056,N,1390
demo_004730,1,2016-06-14 08:28:00,2016-06-14 08:58:35.931296017,2,-74.00953631609003,40.77355376912522,-73.93505365128799,40.77669869800033,N,1835
demo_004731,1,2016-05-03 08:07:00,2016-05-03 08:20:16.149259742,3,-74.03975614068058,40.754237494594925,-74.05446060510216,40.768656815961535,N,796
demo_004732,1,2016-05-17 09:03:00,2016-05-17 09:28:24.364282871,6,-73.92540725635685,40.77966912947549,-73.87194198520191,40.77881070551076,N,1524
demo_004733,1,2016-02-17 09:31:00,2016-02-17 09:42:38.472412231,5,-73.94359597185506,40.76058289436193,-73.93946585382548,40.74711555093379,N,698
demo_004734,2,2016-05-28 22:40:00,2016-05-28 22:55:36.741144253,2,-74.07195376803617,40.7513421978587,-74.04267082222707,40.725762177478245,N,936
demo_004735,1,2016-03-16 08:14:00,2016-03-16 08:34:04.090098293,6,-74.0513492657601,40.76983370725272,-74.09403914998691,40.76126949645887,N,1204
demo_004736,2,2016-01-12 00:54:00,2016-01-12 01:07:36.383422154,1,-73.95829443179066,40.74255947885691,-73.94609994356834,40.720359456743765,N,816
demo_004737,2,2016-03-06 23:37:00,2016-03-06 23:51:32.745254800,2,-73.99781932248669,40.766829249240125,-74.03523853781637,40.76513281920285,N,872
demo_004738,1,2016-03-03 23:18:00,2016-03-03 23:35:52.409925444,4,-73.91747414100402,40.76514773239676,-73.90847576697935,40.72406637449663,N,1072
demo_004739,2,2016-04-03 20:38:00,2016-04-03 21:01:40.530897380,4,-73.95726486206566,40.77910276074403,-74.01040851392199,40.798038335355585,N,1420
demo_004740,1,2016-02-17 16:03:00,2016-02-17 16:13:47.846102586,5,-73.97152405142657,40.736330206488354,-73.97481695711157,40.72102036619231,N,647
demo_004741,2,2016-03-24 04:49:00,2016-03-24 05:07:47.410530135,5,-74.03098382113214,40.78285477235068,-73.9926373998327,40.79301370865831,N,1127
demo_004742,2,2016-03-18 00:49:00,2016-03-18 01:04:00.605918504,2,-73.9628851867311,40.72627909774673,-73.9437208009663,40.750234091628776,N,900
demo_004743,1,2016-02-28 20:12:00,2016-02-28 20:26:16.697459119,3,-74.04240937796376,40.73796016719326,-74.08559762969945,40.746812681005395,N,856
demo_004744,2,2016-05-05 07:42:00,2016-05-05 08:11:43.749538949,5,-73.92626399599655,40.7394876229299,-73.99270751939585,40.76106404624905,N,1783
demo_004745,2,2016-02-24 23:40:00,2016-02-25 00:03:26.668562094,6,-73.96600376349417,40.720478187966926,-73.94861070317805,40.664678927869865,N,1406
demo_004746,1,2016-05-17 20:10:00,2016-05-17 20:27:31.334368132,6,-74.0221173759541,40.7935481799185,-73.96677541811655,40.780241049998494,N,1051
demo_004747,2,2016-02-15 03:41:00,2016-02-15 03:59:12.624110792,6,-73.94878951573405,40.72408316333336,-73.98252762702451,40.753866233336666,N,1092
demo_004748,2,2016-06-04 16:15:00,2016-06-04 16:46:28.828925453,5,-73.88413137998886,40.73353792819077,-73.81072223725269,40.74728712572531,N,1888
demo_004749,1,2016-03-06 17:00:00,2016-03-06 17:29:14.127673250,3,-73.99479276949143,40.801939269867034,-73.99502003457734,40.85184777803693,N,1754
demo_004750,1,2016-01-08 07:48:00,2016-01-08 08:26:20.630239223,5,-73.96023140646389,40.73802960543512,-74.02878568014249,40.78404787839423,N,2300
demo_004751,2,2016-01-27 23:44:00,2016-01-28 00:01:48.112799872,1,-74.0044323193861,40.75141500602017,-74.05906313187107,40.759503993650334,N,1068
demo_004752,1,2016-05-25 03:01:00,2016-05-25 03:11:35.372757841,6,-73.98115915020718,40.722578984967924,-73.95421092997918,40.71577556225804,N,635
demo_004753,2,2016-06-05 23:29:00,2016-06-05 23:40:22.423502158,6,-74.05282555520141,40.787153292266794,-74.04829067377219,40.761275447013986,N,682
demo_004754,2,2016-02-08 03:45:00,2016-02-08 04:07:29.337442143,4,-73.98502382810776,40.78763576854669,-73.93314609430499,40.77478893727724,N,1349
demo_004755,2,2016-04-18 09:09:00,2016-04-18 09:30:01.808988632,4,-73.98303902015762,40.783863106644326,-74.02497338699206,40.77284044011511,N,1261
demo_004756,2,2016-04-13 09:10:00,2016-04-13 09:20:54.917771614,4,-73.90404510004198,40.77681354398679,-73.89989778210625,40.760795815792484,N,654
demo_004757,2,2016-01-25 01:57:00,2016-01-25 02:09:12.401767768,1,-74.06577514007165,40.76057561888568,-74.06553850292306,40.73578049969667,N,732
demo_004758,2,2016-03-22 08:37:00,2016-03-22 08:48:06.182670975,2,-73.99763975565985,40.73964681665717,-74.00264526396685,40.750489384520264,N,666
demo_004759,1,2016-05-04 21:28:00,2016-05-04 21:47:43.809771862,5,-73.9270347251976,40.72947607426669,-73.94042597820024,40.775285345576535,N,1183
demo_004760,1,2016-06-23 01:59:00,2016-06-23 02:10:55.094740607,1,-73.99587971731094,40.80314669343666,-74.00857419545478,40.828344626178875,N,715
demo_004761,2,2016-06-01 13:55:00,2016-06-01 14:03:22.193658376,5,-73.99271036898432,40.784768149510434,-73.9865977651345,40.77606280793714,N,502
demo_004762,1,2016-01-18 14:38:00,2016-01-18 14:50:26.481769615,2,-74.0224966561197,40.73373435204799,-74.01190632014536,40.76111313093321,N,746
demo_004763,2,2016-02-12 18:09:00,2016-02-12 18:19:52.931846017,1,-74.02696724211182,40.759394111887815,-74.01812719235821,40.76875368529247,N,652
demo_004764,2,2016-03-19 14:35:00,2016-03-19 14:50:11.711624888,4,-74.06716341946249,40.74749597174553,-74.02495385665074,40.74639695427023,N,911
demo_004765,2,2016-01-28 02:35:00,2016-01-28 02:49:37.402988085,2,-74.01331468614399,40.7185126253003,-74.05535943407409,40.71572831170782,N,877
demo_004766,1,2016-04-12 17:22:00,2016-04-12 17:49:09.927739653,3,-74.02952097748005,40.76421779818175,-74.09292990118772,40.75881941445606,N,1629
demo_004767,1,2016-01-02 13:13:00,2016-01-02 13:27:26.095359798,6,-73.97968825248543,40.74345775675163,-73.94409447558185,40.76103654206554,N,866
demo_004768,2,2016-01-21 10:24:00,2016-01-21 10:37:16.891756315,5,-74.02044506910907,40.72466121667966,-74.05346844554089,40.72843230890112,N,796
demo_004769,1,2016-01-09 12:07:00,2016-01-09 12:17:23.593926781,6,-74.00658159432719,40.70623036060504,-74.01986324797872,40.68656294507046,N,623
demo_004770,1,2016-02-23 04:30:00,2016-02-23 04:42:18.953887776,3,-74.0053492426876,40.7032668774928,-74.0267727300835,40.68229187054709,N,738
demo_004771,1,2016-05-17 04:55:00,2016-05-17 05:07:39.504437310,3,-73.98716743320307,40.74500008553069,-74.00934036447629,40.7532594930253,N,759
demo_004772,1,2016-02-01 21:48:00,2016-02-01 22:09:42.819825455,5,-74.00878350153822,40.75502167603513,-74.0598227428761,40.76659525885857,N,1302
demo_004773,1,2016-06-26 16:38:00,2016-06-26 16:50:09.409692747,1,-74.03278037404716,40.72736447164432,-74.05271383961788,40.718909890247765,N,729
demo_004774,1,2016-02-18 12:25:00,2016-02-18 12:40:52.884684306,6,-73.98114051002234,40.780775879968004,-73.95841392109256,40.75021172815386,N,952
demo_004775,2,2016-01-09 01:52:00,2016-01-09 02:06:22.580999569,3,-73.9369632552681,40.7557058710376,-73.93710085565445,40.7894819291989,N,862
demo_004776,2,2016-03-01 09:19:00,2016-03-01 09:37:15.739990441,3,-73.97921902118941,40.77819098587096,-73.96156127169166,40.80623331032819,N,1095
demo_004777,2,2016-05-14 15:39:00,2016-05-14 16:00:05.436082776,4,-74.01244191972074,40.75159812234343,-74.02980478963131,40.69793895681715,N,1265
demo_004778,2,2016-01-20 04:44:00,2016-01-20 05:01:16.920338467,1,-73.9905415882292,40.730450882767755,-73.95894197855183,40.766619621697224,N,1036
demo_004779,2,2016-01-13 22:26:00,2016-01-13 22:34:27.850409696,2,-74.07727847466604,40.761994114989854,-74.09507114030306,40.75635176846186,N,507
demo_004780,1,2016-06-01 21:09:00,2016-06-01 21:33:06.711178534,1,-73.99127312372924,40.71380639207936,-74.06507262924765,40.7189360432401,N,1446
demo_004781,1,2016-04-16 14:00:00,2016-04-16 14:14:35.930925582,4,-74.00301594660907,40.776880348222285,-73.99193411385664,40.80761237084371,N,875
demo_004782,2,2016-03-02 18:49:00,2016-03-02 19:18:53.290962335,5,-74.0270057161103,40.72519977777204,-74.00014724919428,40.76981832501102,N,1793
demo_004783,2,2016-05-16 02:14:00,2016-05-16 02:27:46.354467283,1,-74.01884442585494,40.790138138428674,-74.0384177912896,40.817215501124906,N,826
demo_004784,1,2016-05-31 23:29:00,2016-05-31 23:45:37.919342822,1,-74.00346055256928,40.746154048881536,-73.96148833320999,40.7526618723532,N,997
demo_004785,1,2016-03-05 15:45:00,2016-03-05 16:08:58.347737391,5,-73.9403393775797,40.79518867307085,-73.97011360414938,40.75804637454067,N,1438
demo_004786,1,2016-04-11 00:18:00,2016-04-11 00:41:39.988752770,3,-73.93585728124489,40.71870818839941,-73.91238184279453,40.66399992915182,N,1419
demo_004787,1,2016-01-02 23:14:00,2016-01-02 23:33:58.557961936,6,-74.0267656322701,40.734278060474495,-73.9656984742946,40.75798835182815,N,1198
demo_004788,2,2016-02-25 02:29:00,2016-02-25 02:43:44.694009522,4,-74.00831348179595,40.7713327231397,-74.00702789734295,40.8075675424748,N,884
demo_004789,1,2016-04-17 03:13:00,2016-04-17 03:23:27.463500049,5,-74.00716654807799,40.79896739826994,-74.01509345608879,40.77697198702731,N,627
demo_004790,2,2016-02-05 11:28:00,2016-02-05 11:33:52.664544352,3,-73.94857045180025,40.816331311791025,-73.95226896044184,40.80904725274308,N,352
demo_004791,2,2016-06-27 10:10:00,2016-06-27 10:30:30.522703103,2,-73.97845220513157,40.759447815728834,-73.92146186658826,40.744401636742424,N,1230
demo_004792,2,2016-06-23 19:20:00,2016-06-23 19:32:43.650987265,5,-73.98082445618115,40.82232109707754,-73.96672706609846,40.80655579509334,N,763
demo_004793,2,2016-02-16 08:54:00,2016-02-16 09:30:30.520442728,4,-73.96086818239604,40.747861740756115,-73.88582108869339,40.776885692721194,N,2190
demo_004794,1,2016-03-12 08:17:00,2016-03-12 08:24:57.645012871,4,-74.0118386033785,40.796456866782705,-74.00206480480045,40.802352941367054,N,477
demo_004795,2,2016-02-04 02:36:00,2016-02-04 02:51:27.878702990,3,-73.92362510415407,40.72502366510643,-73.9465079872507,40.718835850698746,N,927
demo_004796,1,2016-03-31 17:03:00,2016-03-31 17:44:45.339852882,4,-73.98507850958391,40.77270701774022,-74.00550125231638,40.844460058294,N,2505
demo_004797,1,2016-01-23 07:21:00,2016-01-23 07:43:09.220494442,3,-74.02351606007863,40.67604074357003,-74.02135980578637,40.637311379296825,N,1329
demo_004798,1,2016-03-11 08:53:00,2016-03-11 09:23:09.461543836,6,-73.9953338109709,40.71874431459214,-74.06678010252985,40.73353791379253,N,1809
demo_004799,1,2016-04-09 22:42:00,2016-04-09 22:58:48.327634275,5,-73.92956322541065,40.77433368793283,-73.94618786969586,40.74601127423318,N,1008
demo_004800,1,2016-04-20 03:10:00,2016-04-20 03:17:17.153489913,3,-74.00413139611926,40.71206464017298,-74.01997932031101,40.707813844629136,N,437
demo_004801,2,2016-04-17 08:38:00,2016-04-17 08:45:03.479471363,6,-73.94226989904298,40.77294323637762,-73.93387725760333,40.776956472758116,N,423
demo_004802,2,2016-02-09 20:31:00,2016-02-09 20:52:46.482970142,1,-74.01314056067471,40.78972603422844,-73.94517692296067,40.812530118658586,N,1306
demo_004803,2,2016-05-22 14:36:00,2016-05-22 14:42:42.041080898,5,-74.01945486635498,40.740453793254865,-74.01753628926066,40.733401882085516,N,402
demo_004804,2,2016-05-04 12:21:00,2016-05-04 12:44:15.949193680,3,-73.95531811652326,40.724086646551406,-74.02261118457268,40.71417904791089,N,1395
demo_004805,2,2016-05-15 13:16:00,2016-05-15 13:27:58.950861413,2,-74.02432876522906,40.741403468445085,-74.05631553297475,40.73386817080412,N,718
demo_004806,2,2016-03-25 05:07:00,2016-03-25 05:22:29.096826409,5,-73.94798568874272,40.72419656882855,-73.93880561357723,40.69503784629842,N,929
demo_004807,1,2016-06-09 15:46:00,2016-06-09 15:56:08.642560923,4,-73.96917683004395,40.75445752546945,-73.9659220134552,40.771529890125926,N,608
demo_004808,2,2016-03-11 04:11:00,2016-03-11 04:28:34.388417181,1,-74.02431172705104,40.761573171871085,-73.9674557837701,40.7691691998822,N,1054
demo_004809,1,2016-05-25 00:56:00,2016-05-25 01:08:48.008499660,2,-73.98821492347975,40.747289645691616,-73.95461221803674,40.759039199817124,N,768
demo_004810,2,2016-02-06 15:14:00,2016-02-06 15:25:04.322538168,3,-74.00969484307518,40.81660257340654,-73.97714080149296,40.81472491233815,N,664
demo_004811,2,2016-02-14 12:11:00,2016-02-14 12:20:52.698984522,4,-73.9692960549499,40.73282086631096,-73.97689571317522,40.727613161393926,N,592
demo_004812,1,2016-04-04 19:32:00,2016-04-04 19:56:53.061488487,5,-73.900049078977,40.80670016127394,-73.86157984269772,40.83844137040617,N,1493
demo_004813,2,2016-04-10 01:23:00,2016-04-10 01:39:05.400076380,3,-74.00168170712993,40.721556626729075,-74.03303901654684,40.74914486142332,N,965
demo_004814,1,2016-05-14 07:39:00,2016-05-14 08:05:16.050343407,5,-73.96098006767636,40.760547214947955,-73.92708976685108,40.79874683077493,N,1576
demo_004815,2,2016-02-23 12:49:00,2016-02-23 12:56:21.176880893,5,-73.98390017112496,40.799408689299185,-73.99378483273547,40.809468736789576,N,441
demo_004816,1,2016-06-06 01:50:00,2016-06-06 02:11:12.949911193,3,-73.98391740336216,40.79759750032887,-74.03459717257077,40.83411943088456,N,1272
demo_004817,2,2016-02-29 08:40:00,2016-02-29 08:53:47.352444842,6,-73.99243423043292,40.74329097358049,-73.9716709459114,40.73205674230804,N,827
demo_004818,1,2016-04-06 03:40:00,2016-04-06 03:55:12.858917358,6,-74.02358378508582,40.7774274402025,-73.97466975843432,40.772004441976684,N,912
demo_004819,2,2016-06-16 17:59:00,2016-06-16 18:17:59.508531282,2,-73.96991870228229,40.772741267928254,-73.98414976777835,40.80500898827766,N,1139
demo_004820,2,2016-04-07 02:12:00,2016-04-07 02:31:07.595853002,4,-73.99799337874637,40.73910212874926,-73.94329671748785,40.76187451028228,N,1147
demo_004821,2,2016-05-02 17:47:00,2016-05-02 18:11:42.211526026,6,-74.02571600376824,40.77955824780018,-74.0836739357695,40.77171608681348,N,1482
demo_004822,2,2016-06-12 13:15:00,2016-06-12 13:35:17.259235272,4,-73.93936220319883,40.82318722602184,-73.981249966486,40.794938253649306,N,1217
demo_004823,1,2016-06-24 10:13:00,2016-06-24 10:18:25.263053753,5,-73.9805445669784,40.774509523277196,-73.98567997843972,40.7690024896884,N,325
demo_004824,1,2016-03-30 21:26:00,2016-03-30 21:37:30.379360156,5,-73.99526445308045,40.77782247326748,-74.00824118908793,40.759331025353,N,690
demo_004825,2,2016-03-16 01:03:00,2016-03-16 01:22:51.222628914,4,-73.92469745233642,40.781525424237024,-73.94804712084849,40.82808701826422,N,1191
demo_004826,1,2016-02-05 10:44:00,2016-02-05 10:55:22.683860646,3,-74.06762366909898,40.70686581874257,-74.06294494894034,40.7273869161176,N,682
demo_004827,1,2016-04-06 17:43:00,2016-04-06 17:59:12.242250402,4,-73.92772306383219,40.77410786356222,-73.94622372985626,40.75342795397278,N,972
demo_004828,2,2016-06-14 07:13:00,2016-06-14 07:34:06.968185172,5,-74.02460845771112,40.722413414880656,-74.03717257094422,40.6941986589427,N,1266
demo_004829,2,2016-03-28 16:20:00,2016-03-28 16:33:49.812052799,2,-73.9754810357263,40.73735395707558,-73.96573615826404,40.716339498683396,N,829
demo_004830,1,2016-03-03 17:25:00,2016-03-03 17:39:18.039613264,6,-74.01146286893542,40.8336679623416,-74.03482665982192,40.81857968090301,N,858
demo_004831,2,2016-01-20 07:28:00,2016-01-20 07:40:38.564991875,2,-74.02653504682036,40.749135843661946,-74.03024568246651,40.744634933029424,N,758
demo_004832,2,2016-03-11 03:38:00,2016-03-11 03:55:25.584254686,3,-73.92587510633142,40.732093906349704,-73.948468972954,40.76218666160349,N,1045
demo_004833,1,2016-02-12 14:33:00,2016-02-12 14:50:11.491553462,1,-73.90147025446721,40.79834039026155,-73.94366696905381,40.77224443419502,N,1031
demo_004834,1,2016-06-24 19:24:00,2016-06-24 19:58:26.281047454,6,-73.9949551542793,40.72483130490052,-73.96822557816571,40.78664881051137,N,2066
demo_004835,1,2016-04-04 23:23:00,2016-04-04 23:43:21.368931934,5,-73.96990363840126,40.742340329953365,-73.91013083297179,40.71687122355899,N,1221
demo_004836,1,2016-01-25 15:46:00,2016-01-25 16:07:33.930245451,1,-73.98243539367519,40.80171682587952,-73.9451753738476,40.76367253713996,N,1293
demo_004837,1,2016-01-13 03:03:00,2016-01-13 03:21:46.947526610,2,-73.90712719231912,40.75949686478578,-73.89551712945398,40.80508109506952,N,1126
demo_004838,1,2016-06-02 03:12:00,2016-06-02 03:28:21.267695101,4,-74.08009177013541,40.70334410342058,-74.10254526563116,40.73901800461618,N,981
demo_004839,2,2016-06-16 15:54:00,2016-06-16 16:00:11.673931462,3,-73.96802944514285,40.77703963650129,-73.97807160048924,40.77211621896188,N,371
demo_004840,1,2016-05-17 08:10:00,2016-05-17 08:29:07.133738257,1,-74.01772068413648,40.744123694128376,-73.98072494002012,40.754419666636736,N,1147
demo_004841,1,2016-01-23 07:00:00,2016-01-23 07:15:30.181011549,6,-74.0910183809662,40.81189480202856,-74.12,40.82287216824432,N,930
demo_004842,2,2016-01-18 16:35:00,2016-01-18 16:45:49.879031532,3,-74.00122385438432,40.73678345683281,-74.0139379622381,40.74047469240889,N,649
demo_004843,2,2016-02-05 15:16:00,2016-02-05 15:37:19.969150474,5,-73.90183780440903,40.79479290908041,-73.87614374721798,40.759787961541704,N,1279
demo_004844,2,2016-05-15 04:54:00,2016-05-15 05:22:39.835862842,5,-74.01452221356801,40.820149431132805,-74.05436202694447,40.75313631720081,N,1719
demo_004845,1,2016-05-17 18:11:00,2016-05-17 18:27:33.547102738,2,-73.9494155522046,40.7282169871666,-73.93459696225601,40.705409380243864,N,993
demo_004846,1,2016-05-30 19:30:00,2016-05-30 19:57:43.279400229,3,-73.93105975113215,40.751237544273465,-73.91786512665536,40.80027371338048,N,1663
demo_004847,1,2016-01-18 10:45:00,2016-01-18 11:10:10.861523096,5,-73.98557135611787,40.77160188459506,-74.03647299117706,40.821698049168674,N,1510
demo_004848,1,2016-01-28 13:52:00,2016-01-28 13:57:10.101283745,5,-73.97957949717149,40.72799289866061,-73.97653526331648,40.72092330061932,N,310
demo_004849,2,2016-06-11 01:12:00,2016-06-11 01:26:39.493777274,2,-74.06223340579434,40.76746032313478,-74.0838439901744,40.741595289126636,N,879
demo_004850,1,2016-06-16 04:10:00,2016-06-16 04:19:48.383539959,2,-74.01722737384277,40.750127789937295,-74.00266392018685,40.75763706286999,N,588
demo_004851,2,2016-05-10 15:01:00,2016-05-10 15:11:08.214286788,5,-73.94418465690515,40.74942263499423,-73.92074205289896,40.761275127271844,N,608
demo_004852,1,2016-01-20 02:05:00,2016-01-20 02:18:48.832259496,3,-73.98226944063333,40.759712843744786,-73.96830657795127,40.77593227076573,N,828
demo_004853,1,2016-01-13 08:26:00,2016-01-13 09:02:14.562968098,1,-73.96846963513504,40.76049426504525,-73.96592890378653,40.692264490608636,N,2174
demo_004854,1,2016-01-11 00:08:00,2016-01-11 00:43:00.254376663,3,-73.97900790891426,40.76373582691767,-73.96889741437947,40.84899524388095,N,2100
demo_004855,1,2016-05-04 12:46:00,2016-05-04 13:05:27.565191617,1,-73.88635982250666,40.73704107790901,-73.92752210061872,40.76761789394619,N,1167
demo_004856,1,2016-06-01 06:34:00,2016-06-01 06:38:46.291496656,4,-74.00437339240348,40.73856898964776,-74.0054497048387,40.73322666964679,N,286
demo_004857,1,2016-04-23 16:38:00,2016-04-23 16:57:31.517036995,6,-73.91275654806562,40.753849434391135,-73.94063346170088,40.73445053837679,N,1171
demo_004858,2,2016-02-17 04:16:00,2016-02-17 04:32:41.685832058,1,-73.9789923550007,40.75643348255675,-73.94288849862865,40.7830907362969,N,1001
demo_004859,1,2016-05-16 07:44:00,2016-05-16 07:59:26.486795540,2,-73.90876104614387,40.74264027310187,-73.88484771068451,40.7560159277078,N,926
demo_004860,1,2016-01-11 15:26:00,2016-01-11 15:35:44.023363264,4,-74.04012401401661,40.769337887473014,-74.01630996676242,40.771825869649945,N,584
demo_004861,1,2016-05-29 01:48:00,2016-05-29 02:07:29.658351830,1,-73.97669065065661,40.694483338796374,-73.91671844620487,40.70685837390467,N,1169
demo_004862,1,2016-06-09 12:56:00,2016-06-09 13:01:50.608049986,4,-74.00271590527656,40.732433680938186,-74.01426511654458,40.729390251624125,N,350
demo_004863,2,2016-05-09 07:16:00,2016-05-09 07:29:28.048178081,2,-73.97872374488675,40.748202526082906,-73.99793900221412,40.75905280725728,N,808
demo_004864,1,2016-06-07 06:25:00,2016-06-07 06:36:11.518383422,4,-73.92999306818002,40.72803596845393,-73.94236916324904,40.747647765429676,N,671
demo_004865,2,2016-04-15 12:16:00,2016-04-15 12:34:48.676634838,3,-73.9679535677589,40.81502193051831,-74.02403184203324,40.824291486118526,N,1128
demo_004866,2,2016-03-25 07:20:00,2016-03-25 07:44:26.174184061,6,-73.93008277894879,40.75866016463537,-73.9834081881784,40.76651505589007,N,1466
demo_004867,1,2016-02-28 01:02:00,2016-02-28 01:20:12.707007456,6,-74.01515994919733,40.76418693873791,-73.99342134388344,40.80179416233461,N,1092
demo_004868,1,2016-06-14 21:47:00,2016-06-14 22:10:43.234858084,6,-74.02202755058856,40.74108692522121,-74.0708574551709,40.69796503299691,N,1423
demo_004869,2,2016-05-05 12:13:00,2016-05-05 12:27:38.594935639,1,-73.98427527170882,40.75744773778695,-74.02189721148417,40.735904916265866,N,878
demo_004870,2,2016-02-04 06:56:00,2016-02-04 07:00:37.806838239,6,-73.9867393480276,40.715466128749405,-73.99029954372627,40.71618326727089,N,277
demo_004871,1,2016-06-21 06:07:00,2016-06-21 06:17:27.864948033,1,-73.9933636715971,40.752056403736674,-74.00779163769292,40.73234997899758,N,627
demo_004872,2,2016-01-11 15:45:00,2016-01-11 15:56:09.402116349,2,-74.02813842765518,40.72520470499915,-73.99714059513232,40.71451182646656,N,669
demo_004873,2,2016-04-15 18:05:00,2016-04-15 18:26:19.788209470,6,-73.93106067845666,40.74829087453354,-73.92894453278161,40.78305990267157,N,1279
demo_004874,2,2016-02-04 07:08:00,2016-02-04 07:26:16.902073600,6,-74.0013276740285,40.66840292017942,-74.02927407779953,40.66438070388256,N,1096
demo_004875,2,2016-04-29 13:58:00,2016-04-29 14:19:08.198901088,2,-73.92082648450042,40.71851988770448,-73.88681932915942,40.669131189956204,N,1268
demo_004876,1,2016-03-15 06:39:00,2016-03-15 06:51:13.319394183,6,-73.98442654856582,40.809237424158006,-73.95891885009647,40.79780719746598,N,733
demo_004877,2,2016-03-19 16:23:00,2016-03-19 16:44:35.076434589,1,-73.95582069811337,40.78706392121877,-74.00520511842846,40.78863297692038,N,1295
demo_004878,1,2016-04-30 21:03:00,2016-04-30 21:09:05.394750174,3,-73.95990306606663,40.80416637675704,-73.95107373350353,40.80523799413336,N,365
demo_004879,1,2016-05-16 02:26:00,2016-05-16 02:38:44.670578992,1,-74.02209236331579,40.80657024443848,-74.04712005095128,40.82158325535484,N,764
demo_004880,1,2016-03-09 09:47:00,2016-03-09 10:02:44.865879174,4,-73.96847586853013,40.78155455984576,-73.99442619127814,40.79436305136416,N,944
demo_004881,2,2016-06-28 13:55:00,2016-06-28 14:15:12.666985298,6,-73.89822501749897,40.742149596011735,-73.83279200435304,40.738401291351536,N,1212
demo_004882,1,2016-03-30 17:24:00,2016-03-30 17:42:59.312183476,4,-73.97367744861049,40.72169621688071,-73.96932795001467,40.68948414340808,N,1139
demo_004883,1,2016-01-29 20:52:00,2016-01-29 21:00:53.590280037,4,-73.94444254671981,40.79813606119074,-73.9520563938178,40.78622530139653,N,533
demo_004884,2,2016-01-02 03:38:00,2016-01-02 03:46:17.058888952,2,-73.95380276699335,40.760259879103565,-73.950829474108,40.74344491207478,N,497
demo_004885,2,2016-02-06 10:23:00,2016-02-06 10:35:48.404517423,4,-73.97118276537357,40.845290798573366,-73.94058435617454,40.837592995900835,N,768
demo_004886,2,2016-05-04 09:31:00,2016-05-04 09:47:15.876068282,2,-73.97660845770238,40.745221570839625,-74.00116461436076,40.76388312129159,N,975
demo_004887,1,2016-04-07 02:22:00,2016-04-07 02:34:09.682660777,4,-73.96037079983954,40.827051354917316,-73.97895054876997,40.837962129155535,N,729
demo_004888,2,2016-03-01 19:25:00,2016-03-01 19:42:30.897943336,1,-73.9506522854086,40.75251228732565,-73.92766878437347,40.774760441596676,N,1050
demo_004889,1,2016-03-27 15:32:00,2016-03-27 15:51:55.020286731,4,-74.0458473825673,40.80476170090406,-74.09892100773446,40.794391454406785,N,1195
demo_004890,2,2016-05-30 20:41:00,2016-05-30 21:00:13.637047929,3,-73.97387136999066,40.81738421080314,-73.93919435555884,40.85810995154683,N,1153
demo_004891,2,2016-04-12 21:10:00,2016-04-12 21:28:26.552864891,5,-73.99328350463362,40.722196752513675,-74.04946479535245,40.740363392353785,N,1106
demo_004892,1,2016-01-11 10:58:00,2016-01-11 11:03:38.345703203,6,-74.00261870796433,40.74102506725982,-74.01122054626447,40.744055403669556,N,338
demo_004893,2,2016-01-09 19:59:00,2016-01-09 20:27:31.605192058,6,-73.92668160294372,40.72184572710056,-73.98264075350457,40.73813608487876,N,1711
demo_004894,2,2016-03-27 18:27:00,2016-03-27 18:46:57.055066540,3,-74.01799158116287,40.714951942910965,-74.05496038933057,40.69670641171593,N,1197
demo_004895,2,2016-03-13 18:28:00,2016-03-13 19:03:22.267315572,4,-74.04776460771394,40.781347339768374,-74.00234626766277,40.724410975937445,N,2122
demo_004896,2,2016-06-02 02:09:00,2016-06-02 02:24:09.927665321,4,-73.94919276985763,40.751118007041285,-73.91263674427341,40.7347372050764,N,909
demo_004897,2,2016-04-14 22:27:00,2016-04-14 22:42:27.884018914,6,-74.04891772354492,40.759832821311655,-74.00862144305269,40.78001415915719,N,927
demo_004898,1,2016-05-16 05:38:00,2016-05-16 05:54:37.232150886,5,-74.07175743850813,40.77746836972407,-74.12,40.77963420279567,N,997
demo_004899,1,2016-04-15 08:01:00,2016-04-15 08:18:23.159842321,1,-73.94412795395046,40.69299146081998,-73.98091491948752,40.68929693005768,N,1043
demo_004900,1,2016-03-03 03:36:00,2016-03-03 03:47:32.631888848,5,-73.97785749872469,40.8030368101385,-73.9659619588156,40.7801451282275,N,692
demo_004901,1,2016-04-28 07:40:00,2016-04-28 08:10:55.661461616,3,-73.96372761676841,40.745781704283104,-73.93869150461214,40.69297440698336,N,1855
demo_004902,1,2016-04-21 20:34:00,2016-04-21 20:52:34.037342019,6,-74.00490924086509,40.776634045718325,-74.03289221984355,40.81510487748032,N,1114
demo_004903,2,2016-05-09 15:19:00,2016-05-09 15:29:36.719648763,4,-74.0472982759224,40.779724949373005,-74.06756052431143,40.77411179134409,N,636
demo_004904,2,2016-02-04 01:31:00,2016-02-04 01:44:38.375857455,3,-74.03836042461279,40.80597787962674,-74.07795759222485,40.79438035411551,N,818
demo_004905,1,2016-04-25 11:29:00,2016-04-25 11:48:18.203923674,2,-73.99724850047441,40.754329991427596,-73.93920991530406,40.736195542216116,N,1158
demo_004906,2,2016-02-21 09:13:00,2016-02-21 09:34:35.972220045,6,-74.0422581286063,40.6836726889335,-74.05888158157317,40.71754479582942,N,1295
demo_004907,2,2016-05-22 05:51:00,2016-05-22 06:02:08.307969957,1,-73.97118261918294,40.75999946647088,-73.9700873885565,40.78379593840512,N,668
demo_004908,2,2016-05-23 17:37:00,2016-05-23 17:53:21.173983548,1,-74.00581060721154,40.765024740035656,-74.00288304613375,40.738909274501964,N,981
demo_004909,1,2016-04-22 10:57:00,2016-04-22 11:14:38.777593027,1,-73.97667337786856,40.7218008699301,-73.93797666199698,40.75324352998628,N,1058
demo_004910,2,2016-06-19 09:44:00,2016-06-19 09:59:50.311698503,4,-73.97801833422982,40.763162172905155,-74.01135466399195,40.75924527159428,N,950
demo_004911,1,2016-04-06 18:01:00,2016-04-06 18:20:54.914978985,2,-73.9675940200509,40.745364354784584,-73.92670489085297,40.72887971570893,N,1194
demo_004912,1,2016-01-05 12:35:00,2016-01-05 12:54:31.333991150,4,-73.96252328627199,40.71100361177511,-74.00727851131875,40.70307607733158,N,1171
demo_004913,1,2016-04-19 02:46:00,2016-04-19 03:01:06.441632740,5,-74.00047552658506,40.781501971325326,-73.95967531756284,40.76035294556142,N,906
demo_004914,2,2016-05-19 23:38:00,2016-05-20 00:00:34.031824495,2,-73.97672138300148,40.73826961971858,-74.03675686848014,40.70260593794436,N,1354
demo_004915,2,2016-01-19 05:09:00,2016-01-19 05:19:57.786920785,1,-73.9743796342211,40.7437767274842,-73.97803908203647,40.764732263552936,N,657
demo_004916,2,2016-01-19 19:52:00,2016-01-19 20:16:49.103204079,3,-74.0943000639092,40.741809740344955,-74.0374097611496,40.73585070915111,N,1489
demo_004917,1,2016-02-19 04:02:00,2016-02-19 04:16:06.724788190,4,-73.95590634143632,40.801241750911245,-73.93150237764772,40.817906408319665,N,846
demo_004918,2,2016-05-31 23:08:00,2016-05-31 23:15:27.564611025,5,-73.97825260117008,40.75656793433794,-73.96350912106764,40.764322694278434,N,447
demo_004919,1,2016-04-04 22:22:00,2016-04-04 22:35:15.153143979,1,-73.95961780106404,40.760768493719105,-73.99631233102089,40.77557910372564,N,795
demo_004920,2,2016-06-24 18:13:00,2016-06-24 18:44:36.766210197,6,-74.04290796179512,40.74257773459648,-74.06862600534102,40.687336090850486,N,1896
demo_004921,1,2016-06-06 03:18:00,2016-06-06 03:36:06.892899808,4,-73.99920979288231,40.774200338778925,-73.95215593914622,40.75079781204629,N,1086
demo_004922,2,2016-04-09 20:52:00,2016-04-09 21:02:13.262350738,3,-74.03411882554545,40.805226131695775,-74.01758694335146,40.820598980091624,N,613
demo_004923,1,2016-05-02 05:30:00,2016-05-02 05:49:14.194717321,2,-73.95149293807042,40.78067512861203,-73.9203342144254,40.74625469987036,N,1154
demo_004924,2,2016-02-29 13:55:00,2016-02-29 14:01:24.732371404,6,-74.04823024439308,40.78204034364672,-74.04564746095626,40.79211310090965,N,384
demo_004925,1,2016-01-17 06:33:00,2016-01-17 06:49:06.701603968,1,-74.02678946518651,40.77921805720595,-74.03665006712698,40.74166903354545,N,966
demo_004926,2,2016-03-12 18:32:00,2016-03-12 18:46:25.678331550,3,-73.96095586422776,40.70969150748411,-73.93412270716112,40.710135495038465,N,865
demo_004927,2,2016-04-16 14:37:00,2016-04-16 14:55:36.002169696,3,-74.01332185395248,40.72733584089053,-74.00424449774651,40.77080558152681,N,1116
demo_004928,1,2016-02-02 19:04:00,2016-02-02 19:20:10.056733616,4,-74.02677757955551,40.75082544122403,-74.0327261795936,40.771739644337984,N,970
demo_004929,2,2016-02-09 21:54:00,2016-02-09 22:18:44.566084807,2,-73.9441976256707,40.73259475851274,-73.99368787264964,40.68262475293184,N,1484
demo_004930,1,2016-01-03 16:46:00,2016-01-03 17:05:19.955450718,6,-73.94235297095337,40.720741204133546,-73.90896618054718,40.74364723205008,N,1159
demo_004931,1,2016-05-12 02:57:00,2016-05-12 03:19:25.651244043,3,-73.95250679633565,40.69247384906953,-73.93710587542827,40.74167428119123,N,1345
demo_004932,1,2016-06-10 21:32:00,2016-06-10 22:03:03.537603719,5,-73.94680806467268,40.71087147754031,-73.96802723639286,40.78639090981468,N,1863
demo_004933,1,2016-05-28 22:32:00,2016-05-28 22:47:41.045659446,4,-73.99542106755221,40.74902160549301,-73.95414722185774,40.761848650404666,N,941
demo_004934,2,2016-03-09 09:35:00,2016-03-09 10:01:35.600237790,2,-73.99420668385865,40.755570077161344,-73.98567324639131,40.71873073921644,N,1595
demo_004935,1,2016-04-16 19:43:00,2016-04-16 19:53:34.125243018,6,-74.01416365753401,40.730243117835435,-74.00494469816569,40.74197942324209,N,634
demo_004936,1,2016-06-21 22:40:00,2016-06-21 23:00:25.428542095,3,-73.97745218745278,40.760762382443914,-73.94651584228421,40.803855289599134,N,1225
demo_004937,1,2016-04-16 10:41:00,2016-04-16 10:52:25.856576310,4,-74.00875542472966,40.74281582256821,-73.98535069301897,40.73776444171495,N,685
demo_004938,1,2016-02-23 06:14:00,2016-02-23 06:28:00.792482857,4,-74.00448797926671,40.79617007555809,-73.99420937249714,40.824334016475916,N,840
demo_004939,1,2016-03-01 22:42:00,2016-03-01 22:53:48.538188691,4,-73.95800448047076,40.75234309825913,-73.96460495734483,40.72967381728944,N,708
demo_004940,2,2016-05-10 21:12:00,2016-05-10 21:32:34.715929479,4,-73.93169573395186,40.782371580849066,-73.86226748855364,40.79242511868349,N,1234
demo_004941,2,2016-03-21 07:48:00,2016-03-21 08:24:32.126455480,4,-73.96707828855784,40.76511248168032,-73.99276131728809,40.697893834770724,N,2192
demo_004942,2,2016-05-30 17:09:00,2016-05-30 17:27:27.281486388,5,-73.90425578606408,40.70892751362646,-73.87814677169929,40.683268458316874,N,1107
demo_004943,1,2016-06-04 12:56:00,2016-06-04 13:00:19.115120952,3,-74.01674820074147,40.754826963849204,-74.0196832715645,40.754661706372595,N,259
demo_004944,2,2016-01-07 10:48:00,2016-01-07 10:59:09.864004231,5,-74.06770885876442,40.7147531565235,-74.0517938818032,40.704942524797936,N,669
demo_004945,1,2016-05-10 04:44:00,2016-05-10 05:07:12.666016173,4,-73.95284174496847,40.75421577066241,-73.9096719288255,40.71909909831697,N,1392
demo_004946,1,2016-03-07 14:13:00,2016-03-07 14:24:35.013200749,6,-74.0197325098691,40.73192042139693,-74.03063775481301,40.71842970404863,N,695
demo_004947,2,2016-04-03 13:20:00,2016-04-03 13:32:30.748974071,4,-73.9973161508799,40.77136870617197,-73.97625187890522,40.780269392480605,N,750
demo_004948,2,2016-02-17 15:54:00,2016-02-17 15:59:36.299968005,4,-74.06464084295546,40.71101759818868,-74.05534633813761,40.70868945333671,N,336
demo_004949,1,2016-03-07 06:45:00,2016-03-07 06:54:37.607430643,3,-74.02546446113057,40.75851456388478,-74.04791001343031,40.760159878271295,N,577
demo_004950,1,2016-02-29 11:14:00,2016-02-29 11:29:57.681184858,3,-74.05260023374606,40.778034545389716,-74.00856676879089,40.79779770307303,N,957
demo_004951,2,2016-01-10 01:38:00,2016-01-10 01:49:22.329015815,5,-74.00454364685392,40.78976584492582,-73.97965207400533,40.78050045200602,N,682
demo_004952,1,2016-05-20 21:34:00,2016-05-20 21:50:23.594078534,4,-74.00275481722473,40.731254128474056,-74.01796406482764,40.76795193131646,N,983
demo_004953,2,2016-01-26 17:47:00,2016-01-26 18:08:49.309766259,3,-73.98095178148033,40.75862128402726,-73.942325999277,40.73191096524252,N,1309
demo_004954,1,2016-03-08 15:26:00,2016-03-08 15:49:23.340581049,5,-73.92921246660401,40.764445144051905,-73.95831215435658,40.81650121298451,N,1403
demo_004955,1,2016-02-04 17:52:00,2016-02-04 18:09:43.701204002,1,-73.9545392180796,40.812149419784,-73.95555191728059,40.842201462807346,N,1063
demo_004956,1,2016-01-29 21:49:00,2016-01-29 21:57:47.096854903,1,-74.05799763362947,40.706153447873746,-74.07302046783893,40.696541507799914,N,527
demo_004957,2,2016-03-08 05:01:00,2016-03-08 05:11:32.414974804,4,-73.95763930539742,40.72611141092251,-73.93134338578172,40.71829980590827,N,632
demo_004958,2,2016-06-14 09:04:00,2016-06-14 09:15:27.035735663,3,-73.97997103861513,40.856156187245766,-73.9967599560588,40.86173804821928,N,687
demo_004959,1,2016-06-18 22:42:00,2016-06-18 22:54:42.705005011,5,-73.98940218944162,40.74844159506154,-73.96285528034798,40.764605710168084,N,762
demo_004960,2,2016-03-09 16:56:00,2016-03-09 17:16:02.170486738,4,-73.98602147884718,40.69181521665339,-73.96521537385657,40.72136802008469,N,1202
demo_004961,1,2016-03-31 22:15:00,2016-03-31 22:33:43.570101184,5,-73.97579514073612,40.73761074498282,-73.98892886089558,40.70141478128641,N,1123
demo_004962,1,2016-06-26 10:13:00,2016-06-26 10:33:05.193771008,2,-74.0161349055956,40.66108943724875,-73.95209478989463,40.672900388044404,N,1205
demo_004963,2,2016-02-12 06:30:00,2016-02-12 06:54:36.441880904,2,-73.99320578858861,40.76643222493597,-74.01928900132893,40.709286340119476,N,1476
demo_004964,1,2016-06-19 01:08:00,2016-06-19 01:24:02.142935777,2,-73.93172273942487,40.78634246660974,-73.98103823243686,40.78155535349218,N,962
demo_004965,2,2016-01-20 00:50:00,2016-01-20 01:14:32.619845159,4,-74.01667576029915,40.7260918168341,-73.98671229051574,40.76534745443636,N,1472
demo_004966,2,2016-02-10 15:41:00,2016-02-10 16:09:31.054595179,5,-74.03134495892787,40.7415246627212,-74.10657423685544,40.7032492188513,N,1711
demo_004967,1,2016-03-01 21:28:00,2016-03-01 21:54:32.796723166,6,-73.98777683065433,40.79032789543791,-73.93556324173275,40.747148475215056,N,1592
demo_004968,2,2016-01-07 16:12:00,2016-01-07 16:19:14.292916909,2,-74.03587549055403,40.69674245873039,-74.03231410487561,40.70270392641819,N,434
demo_004969,1,2016-05-26 19:57:00,2016-05-26 20:28:21.785641806,1,-74.06252524046545,40.71174500757302,-74.11246971808363,40.749205595005684,N,1881
demo_004970,2,2016-06-02 23:23:00,2016-06-02 23:34:52.304392164,6,-74.00050102296836,40.75001596863996,-74.03369728055507,40.75880164581926,N,712
demo_004971,2,2016-03-10 00:02:00,2016-03-10 00:27:18.667942605,4,-73.91981201519462,40.731668280688666,-73.97700511883765,40.68024359747287,N,1518
demo_004972,1,2016-05-30 13:11:00,2016-05-30 13:30:13.016048634,3,-73.98673718431446,40.74771465858843,-73.97333628096985,40.70227019143618,N,1153
demo_004973,2,2016-05-19 01:13:00,2016-05-19 01:29:04.703305549,2,-73.97696403074983,40.713768738820775,-74.02340602673455,40.71640789250987,N,964
demo_004974,1,2016-05-24 06:04:00,2016-05-24 06:21:30.046625903,6,-74.0808566761168,40.76550097200725,-74.06328356004244,40.73366142668627,N,1050
demo_004975,2,2016-05-24 11:41:00,2016-05-24 11:47:56.996468529,5,-73.96528435284016,40.752776842018704,-73.97595319814103,40.75646737195416,N,416
demo_004976,1,2016-04-13 05:26:00,2016-04-13 05:34:14.850185574,2,-73.98079853624105,40.77722166729816,-73.99743628114848,40.782513535356365,N,494
demo_004977,2,2016-01-20 22:44:00,2016-01-20 22:55:23.921562768,2,-74.01492116726178,40.76501398251681,-73.99709405842162,40.75179052972906,N,683
demo_004978,2,2016-06-15 05:27:00,2016-06-15 05:51:06.252320798,6,-73.9768977287869,40.76523415253736,-73.9550748322499,40.81423251847398,N,1446
demo_004979,2,2016-04-19 13:24:00,2016-04-19 13:40:39.111098316,5,-73.97734452722788,40.70737924259145,-73.9372414267063,40.723321857124674,N,999
demo_004980,1,2016-06-11 05:27:00,2016-06-11 05:43:49.454018617,5,-74.0326769567761,40.77524070430757,-74.05485919854418,40.80795365803501,N,1009
demo_004981,2,2016-06-21 15:17:00,2016-06-21 15:31:01.738694228,1,-73.9700665822949,40.74641967593685,-73.97110991348804,40.771275383410185,N,841
demo_004982,2,2016-02-03 16:32:00,2016-02-03 16:45:53.910601879,4,-73.93112890598628,40.752169059232266,-73.95336535562488,40.74811707305962,N,833
demo_004983,1,2016-03-13 09:14:00,2016-03-13 09:22:30.867389749,1,-73.9952573663963,40.79468925317368,-73.98955280475217,40.789439177387514,N,510
demo_004984,2,2016-02-04 15:34:00,2016-02-04 15:46:59.602783246,3,-74.02404173910966,40.73281975552191,-74.05128187809412,40.72478401452753,N,779
demo_004985,1,2016-01-10 04:04:00,2016-01-10 04:15:33.644842006,1,-73.99299110314108,40.80529145149607,-74.0078344887086,40.82368121231357,N,693
demo_004986,1,2016-06-22 22:52:00,2016-06-22 23:06:25.266063557,2,-73.9465424062221,40.80855663547806,-73.96120742406409,40.790996775689024,N,865
demo_004987,2,2016-06-15 04:40:00,2016-06-15 04:58:39.799649453,2,-74.04018434776837,40.78434745530775,-74.02991671472742,40.830923344742686,N,1119
demo_004988,2,2016-06-16 17:07:00,2016-06-16 17:21:32.222020752,2,-73.9589648783547,40.72367827162314,-73.9588614545015,40.70353980042399,N,872
demo_004989,2,2016-06-08 01:26:00,2016-06-08 01:34:11.204807305,6,-74.01551065063342,40.68147973640306,-73.99779009443151,40.687270563355085,N,491
demo_004990,1,2016-04-26 18:42:00,2016-04-26 18:49:31.058705591,3,-73.97410716133791,40.7957592219991,-73.97785204171302,40.78957404007386,N,451
demo_004991,2,2016-04-03 23:39:00,2016-04-03 23:48:29.837329817,1,-74.01039490737705,40.76189847714659,-74.03068625071538,40.74972705765815,N,569
demo_004992,1,2016-06-27 11:10:00,2016-06-27 11:33:09.775422733,6,-74.01051576297867,40.731918088521255,-74.00382086157465,40.79057145353777,N,1389
demo_004993,2,2016-04-09 09:44:00,2016-04-09 10:00:41.054562335,1,-73.91646072876942,40.799074682031446,-73.94856216678811,40.78722021481331,N,1001
demo_004994,2,2016-04-25 15:18:00,2016-04-25 15:28:22.009526506,1,-74.048408896574,40.72784543916928,-74.02848837302173,40.71961796728248,N,622
demo_004995,2,2016-02-08 02:43:00,2016-02-08 02:52:57.749712279,6,-73.96315852201045,40.74315456596192,-73.97314980358921,40.72522295880361,N,597
demo_004996,2,2016-05-14 09:46:00,2016-05-14 09:52:25.458040505,3,-73.90709040150854,40.7763711627511,-73.89993222216906,40.7774792593747,N,385
demo_004997,1,2016-05-27 12:01:00,2016-05-27 12:08:20.168753399,3,-73.95415151330872,40.71902390089348,-73.94645067313563,40.71628862897523,N,440
demo_004998,2,2016-05-02 03:14:00,2016-05-02 03:37:24.560928114,2,-74.04489936585676,40.75416816816376,-73.98884527390327,40.723948333634745,N,1404
demo_004999,2,2016-03-30 17:57:00,2016-03-30 18:07:59.311015133,4,-74.0426711229012,40.79611980143697,-74.0293156933465,40.78466181509959,N,659
